ts,temp_f,humidity
2026-07-09 22:47,95.1,47.39
2026-07-09 22:48,95.0,47.42
2026-07-09 22:49,95.0,47.48
2026-07-09 22:50,95.0,47.44
2026-07-09 22:51,94.9,47.49
2026-07-09 22:52,94.9,47.51
2026-07-09 22:53,94.9,47.49
2026-07-09 22:54,94.8,47.45
2026-07-09 22:55,94.8,47.47
2026-07-09 22:56,94.8,47.56
2026-07-09 22:57,94.7,47.54
2026-07-09 22:58,94.7,47.58
2026-07-09 22:59,94.7,47.54
2026-07-09 23:00,94.6,47.61
2026-07-09 23:01,94.6,47.66
2026-07-09 23:02,94.5,47.74
2026-07-09 23:03,94.5,47.74
2026-07-09 23:04,94.5,47.73
2026-07-09 23:05,94.4,47.63
2026-07-09 23:06,94.4,47.79
2026-07-09 23:07,94.4,47.94
2026-07-09 23:08,94.3,47.99
2026-07-09 23:09,94.3,47.82
2026-07-09 23:10,94.3,47.79
2026-07-09 23:11,94.2,48.28
2026-07-09 23:12,94.2,48.24
2026-07-09 23:13,94.2,48.04
2026-07-09 23:14,94.13,48.14
2026-07-09 23:15,94.1,48.19
2026-07-09 23:16,94.1,47.93
2026-07-09 23:17,94.0,48.04
2026-07-09 23:18,94.0,48.0
2026-07-09 23:19,94.0,48.02
2026-07-09 23:20,93.9,48.26
2026-07-09 23:21,93.9,48.43
2026-07-09 23:22,93.9,48.26
2026-07-09 23:23,93.8,48.39
2026-07-09 23:24,93.8,48.34
2026-07-09 23:25,93.8,48.64
2026-07-09 23:26,93.7,48.53
2026-07-09 23:27,93.7,48.51
2026-07-09 23:28,93.7,48.22
2026-07-09 23:29,93.6,48.24
2026-07-09 23:30,93.6,48.41
2026-07-09 23:31,93.6,48.48
2026-07-09 23:32,93.5,48.34
2026-07-09 23:33,93.5,48.22
2026-07-09 23:34,93.5,48.31
2026-07-09 23:35,93.4,48.58
2026-07-09 23:36,93.4,48.51
2026-07-09 23:37,93.4,48.47
2026-07-09 23:38,93.3,48.41
2026-07-09 23:39,93.3,48.57
2026-07-09 23:40,93.3,48.62
2026-07-09 23:41,93.2,48.55
2026-07-09 23:42,93.2,48.52
2026-07-09 23:43,93.2,48.68
2026-07-09 23:44,93.2,48.88
2026-07-09 23:45,93.1,49.0
2026-07-09 23:46,93.1,48.68
2026-07-09 23:47,93.1,48.92
2026-07-09 23:48,93.0,48.98
2026-07-09 23:49,93.0,48.83
2026-07-09 23:50,93.0,49.02
2026-07-09 23:51,92.9,48.85
2026-07-09 23:52,92.9,49.1
2026-07-09 23:53,92.9,49.14
2026-07-09 23:54,92.9,49.08
2026-07-09 23:55,92.8,48.96
2026-07-09 23:56,92.8,48.99
2026-07-09 23:57,92.8,49.0
2026-07-09 23:58,92.7,48.99
2026-07-09 23:59,92.7,48.87
2026-07-10 00:00,92.7,48.86
2026-07-10 00:01,92.6,48.88
2026-07-10 00:02,92.6,49.1
2026-07-10 00:03,92.6,49.1
2026-07-10 00:04,92.6,49.05
2026-07-10 00:05,92.5,49.08
2026-07-10 00:06,92.5,49.16
2026-07-10 00:07,92.5,49.18
2026-07-10 00:08,92.5,49.16
2026-07-10 00:09,92.4,49.2
2026-07-10 00:10,92.4,49.22
2026-07-10 00:11,92.4,49.17
2026-07-10 00:12,92.3,49.19
2026-07-10 00:13,92.3,49.27
2026-07-10 00:14,92.3,49.35
2026-07-10 00:15,92.2,49.32
2026-07-10 00:16,92.2,49.36
2026-07-10 00:17,92.2,49.41
2026-07-10 00:18,92.2,49.52
2026-07-10 00:19,92.1,49.54
2026-07-10 00:20,92.1,49.47
2026-07-10 00:21,92.1,49.5
2026-07-10 00:22,92.1,49.41
2026-07-10 00:23,92.0,49.42
2026-07-10 00:24,92.0,49.44
2026-07-10 00:25,92.0,49.53
2026-07-10 00:26,92.0,49.58
2026-07-10 00:27,91.9,49.46
2026-07-10 00:28,91.9,49.39
2026-07-10 00:29,91.9,49.48
2026-07-10 00:30,91.9,49.5
2026-07-10 00:31,91.8,49.47
2026-07-10 00:32,91.8,49.57
2026-07-10 00:33,91.8,49.44
2026-07-10 00:34,91.8,49.48
2026-07-10 00:35,91.7,49.47
2026-07-10 00:36,91.7,49.65
2026-07-10 00:37,91.7,49.64
2026-07-10 00:38,91.7,49.66
2026-07-10 00:39,91.6,49.54
2026-07-10 00:40,91.6,49.78
2026-07-10 00:41,91.6,49.86
2026-07-10 00:42,91.6,49.73
2026-07-10 00:43,91.5,49.67
2026-07-10 00:44,91.5,49.84
2026-07-10 00:45,91.5,49.87
2026-07-10 00:46,91.5,49.98
2026-07-10 00:47,91.4,49.93
2026-07-10 00:48,91.4,50.02
2026-07-10 00:49,91.4,50.0
2026-07-10 00:50,91.4,50.11
2026-07-10 00:51,91.3,50.14
2026-07-10 00:52,91.3,50.02
2026-07-10 00:53,91.3,49.99
2026-07-10 00:54,91.3,50.13
2026-07-10 00:55,91.2,50.21
2026-07-10 00:56,91.2,50.19
2026-07-10 00:57,91.2,50.12
2026-07-10 00:58,91.2,50.23
2026-07-10 00:59,91.1,50.18
2026-07-10 01:00,91.1,50.2
2026-07-10 01:01,91.1,50.23
2026-07-10 01:02,91.1,50.15
2026-07-10 01:03,91.0,50.09
2026-07-10 01:04,91.0,50.08
2026-07-10 01:05,91.0,50.39
2026-07-10 01:06,91.0,50.35
2026-07-10 01:07,90.9,50.56
2026-07-10 01:08,90.9,50.52
2026-07-10 01:09,90.9,50.7
2026-07-10 01:10,90.9,50.48
2026-07-10 01:11,90.8,50.47
2026-07-10 01:12,90.8,50.45
2026-07-10 01:13,90.8,50.58
2026-07-10 01:14,90.8,50.7
2026-07-10 01:15,90.8,50.38
2026-07-10 01:16,90.7,50.52
2026-07-10 01:17,90.7,50.58
2026-07-10 01:18,90.7,50.55
2026-07-10 01:19,90.7,50.65
2026-07-10 01:20,90.6,50.41
2026-07-10 01:21,90.6,50.59
2026-07-10 01:22,90.6,50.63
2026-07-10 01:23,90.6,50.35
2026-07-10 01:24,90.6,50.59
2026-07-10 01:25,90.5,50.71
2026-07-10 01:26,90.5,50.62
2026-07-10 01:27,90.5,50.86
2026-07-10 01:28,90.5,50.96
2026-07-10 01:29,90.4,50.54
2026-07-10 01:30,90.4,50.85
2026-07-10 01:31,90.4,50.74
2026-07-10 01:32,90.4,51.09
2026-07-10 01:33,90.4,50.85
2026-07-10 01:34,90.3,50.8
2026-07-10 01:35,90.3,50.77
2026-07-10 01:36,90.3,50.92
2026-07-10 01:37,90.3,51.03
2026-07-10 01:38,90.2,51.02
2026-07-10 01:39,90.2,51.12
2026-07-10 01:40,90.2,51.07
2026-07-10 01:41,90.2,51.11
2026-07-10 01:42,90.2,51.16
2026-07-10 01:43,90.2,51.04
2026-07-10 01:44,90.1,50.99
2026-07-10 01:45,90.1,51.35
2026-07-10 01:46,90.1,51.21
2026-07-10 01:47,90.1,51.0
2026-07-10 01:48,90.1,51.3
2026-07-10 01:49,90.0,51.35
2026-07-10 01:50,90.0,50.86
2026-07-10 01:51,90.0,51.37
2026-07-10 01:52,90.0,51.17
2026-07-10 01:53,90.0,51.27
2026-07-10 01:54,90.0,51.24
2026-07-10 01:55,89.9,51.23
2026-07-10 01:56,89.9,51.26
2026-07-10 01:57,89.9,51.09
2026-07-10 01:58,89.9,51.22
2026-07-10 01:59,89.9,51.24
2026-07-10 02:00,89.8,51.15
2026-07-10 02:01,89.8,51.15
2026-07-10 02:02,89.8,51.2
2026-07-10 02:03,89.8,51.15
2026-07-10 02:04,89.8,51.18
2026-07-10 02:05,89.8,51.28
2026-07-10 02:06,89.7,51.18
2026-07-10 02:07,89.7,51.08
2026-07-10 02:08,89.7,51.19
2026-07-10 02:09,89.7,51.09
2026-07-10 02:10,89.7,51.48
2026-07-10 02:11,89.7,51.37
2026-07-10 02:12,89.6,51.27
2026-07-10 02:13,89.6,51.31
2026-07-10 02:14,89.6,51.15
2026-07-10 02:15,89.6,51.24
2026-07-10 02:16,89.6,51.4
2026-07-10 02:17,89.6,51.52
2026-07-10 02:18,89.5,51.52
2026-07-10 02:19,89.5,51.58
2026-07-10 02:20,89.5,51.33
2026-07-10 02:21,89.5,51.31
2026-07-10 02:22,89.5,51.21
2026-07-10 02:23,89.5,51.29
2026-07-10 02:24,89.5,51.33
2026-07-10 02:25,89.4,51.32
2026-07-10 02:26,89.4,51.19
2026-07-10 02:27,89.4,51.31
2026-07-10 02:28,89.4,51.42
2026-07-10 02:29,89.4,51.42
2026-07-10 02:30,89.4,51.48
2026-07-10 02:31,89.3,51.42
2026-07-10 02:32,89.3,51.58
2026-07-10 02:33,89.3,51.42
2026-07-10 02:34,89.3,51.64
2026-07-10 02:35,89.3,51.52
2026-07-10 02:36,89.2,51.41
2026-07-10 02:37,89.2,51.36
2026-07-10 02:38,89.2,51.26
2026-07-10 02:39,89.2,51.28
2026-07-10 02:40,89.2,51.44
2026-07-10 02:41,89.2,51.36
2026-07-10 02:42,89.2,51.31
2026-07-10 02:43,89.1,51.25
2026-07-10 02:44,89.1,51.37
2026-07-10 02:45,89.1,51.36
2026-07-10 02:46,89.1,51.25
2026-07-10 02:47,89.1,51.59
2026-07-10 02:48,89.1,51.7
2026-07-10 02:49,89.1,51.71
2026-07-10 02:50,89.0,51.49
2026-07-10 02:51,89.0,51.4
2026-07-10 02:52,89.0,51.49
2026-07-10 02:53,89.0,51.37
2026-07-10 02:54,89.0,51.33
2026-07-10 02:55,89.0,51.36
2026-07-10 02:56,89.0,51.44
2026-07-10 02:57,89.0,51.49
2026-07-10 02:58,88.9,51.58
2026-07-10 02:59,88.9,51.73
2026-07-10 03:00,88.9,51.64
2026-07-10 03:01,88.9,51.51
2026-07-10 03:02,88.9,51.6
2026-07-10 03:03,88.9,51.54
2026-07-10 03:04,88.8,51.42
2026-07-10 03:05,88.8,51.34
2026-07-10 03:06,88.8,51.42
2026-07-10 03:07,88.8,51.33
2026-07-10 03:08,88.8,51.48
2026-07-10 03:09,88.8,51.53
2026-07-10 03:10,88.7,51.4
2026-07-10 03:11,88.7,51.44
2026-07-10 03:12,88.7,51.48
2026-07-10 03:13,88.7,51.35
2026-07-10 03:14,88.7,51.4
2026-07-10 03:15,88.7,51.49
2026-07-10 03:16,88.7,51.46
2026-07-10 03:17,88.6,51.45
2026-07-10 03:18,88.6,51.62
2026-07-10 03:19,88.6,51.45
2026-07-10 03:20,88.6,51.37
2026-07-10 03:21,88.6,51.36
2026-07-10 03:22,88.6,51.34
2026-07-10 03:23,88.6,51.38
2026-07-10 03:24,88.5,51.38
2026-07-10 03:25,88.5,51.39
2026-07-10 03:26,88.5,51.43
2026-07-10 03:27,88.5,51.37
2026-07-10 03:28,88.5,51.38
2026-07-10 03:29,88.5,51.46
2026-07-10 03:30,88.5,51.46
2026-07-10 03:31,88.4,51.55
2026-07-10 03:32,88.4,51.52
2026-07-10 03:33,88.4,51.42
2026-07-10 03:34,88.4,51.35
2026-07-10 03:35,88.4,51.44
2026-07-10 03:36,88.4,51.34
2026-07-10 03:37,88.4,51.37
2026-07-10 03:38,88.3,51.34
2026-07-10 03:39,88.3,51.41
2026-07-10 03:40,88.3,51.39
2026-07-10 03:41,88.3,51.39
2026-07-10 03:42,88.3,51.44
2026-07-10 03:43,88.3,51.4
2026-07-10 03:44,88.3,51.44
2026-07-10 03:45,88.2,51.46
2026-07-10 03:46,88.2,51.54
2026-07-10 03:47,88.2,51.45
2026-07-10 03:48,88.2,51.47
2026-07-10 03:49,88.2,51.53
2026-07-10 03:50,88.1,51.42
2026-07-10 03:51,88.1,51.44
2026-07-10 03:52,88.1,51.41
2026-07-10 03:53,88.1,51.45
2026-07-10 03:54,88.0,51.41
2026-07-10 03:55,88.0,51.49
2026-07-10 03:56,88.0,51.49
2026-07-10 03:57,88.0,51.43
2026-07-10 03:58,88.0,51.5
2026-07-10 03:59,87.9,51.68
2026-07-10 04:00,87.9,51.61
2026-07-10 04:01,87.9,51.52
2026-07-10 04:02,87.9,51.64
2026-07-10 04:03,87.8,51.57
2026-07-10 04:04,87.8,51.64
2026-07-10 04:05,87.8,51.62
2026-07-10 04:06,87.8,51.68
2026-07-10 04:07,87.7,51.68
2026-07-10 04:08,87.7,51.69
2026-07-10 04:09,87.7,51.68
2026-07-10 04:10,87.7,51.71
2026-07-10 04:11,87.6,51.91
2026-07-10 04:12,87.6,51.89
2026-07-10 04:13,87.6,51.87
2026-07-10 04:14,87.6,51.81
2026-07-10 04:15,87.6,51.77
2026-07-10 04:16,87.6,51.73
2026-07-10 04:17,87.6,51.78
2026-07-10 04:18,87.6,51.88
2026-07-10 04:19,87.6,51.82
2026-07-10 04:20,87.6,52.17
2026-07-10 04:21,87.5,52.42
2026-07-10 04:22,87.5,52.27
2026-07-10 04:23,87.5,51.98
2026-07-10 04:24,87.5,51.91
2026-07-10 04:25,87.5,52.01
2026-07-10 04:26,87.5,51.98
2026-07-10 04:27,87.5,52.05
2026-07-10 04:28,87.5,52.03
2026-07-10 04:29,87.5,51.87
2026-07-10 04:30,87.5,51.9
2026-07-10 04:31,87.5,51.89
2026-07-10 04:32,87.5,51.87
2026-07-10 04:33,87.5,51.89
2026-07-10 04:34,87.5,51.78
2026-07-10 04:35,87.5,51.79
2026-07-10 04:36,87.5,51.82
2026-07-10 04:37,87.5,51.89
2026-07-10 04:38,87.5,51.82
2026-07-10 04:39,87.5,51.81
2026-07-10 04:40,87.5,51.82
2026-07-10 04:41,87.5,51.88
2026-07-10 04:42,87.5,51.86
2026-07-10 04:43,87.5,51.8
2026-07-10 04:44,87.5,51.91
2026-07-10 04:45,87.5,51.92
2026-07-10 04:46,87.5,51.89
2026-07-10 04:47,87.5,51.95
2026-07-10 04:48,87.5,51.94
2026-07-10 04:49,87.4,51.95
2026-07-10 04:50,87.4,51.91
2026-07-10 04:51,87.4,51.96
2026-07-10 04:52,87.4,51.92
2026-07-10 04:53,87.4,51.9
2026-07-10 04:54,87.4,51.93
2026-07-10 04:55,87.4,51.85
2026-07-10 04:56,87.4,51.96
2026-07-10 04:57,87.4,51.95
2026-07-10 04:58,87.4,51.91
2026-07-10 04:59,87.4,52.02
2026-07-10 05:00,87.4,51.89
2026-07-10 05:01,87.4,51.89
2026-07-10 05:02,87.4,51.85
2026-07-10 05:03,87.3,51.93
2026-07-10 05:04,87.3,51.87
2026-07-10 05:05,87.3,51.92
2026-07-10 05:06,87.3,51.84
2026-07-10 05:07,87.3,51.88
2026-07-10 05:08,87.3,51.88
2026-07-10 05:09,87.3,51.91
2026-07-10 05:10,87.3,51.95
2026-07-10 05:11,87.3,51.84
2026-07-10 05:12,87.3,51.98
2026-07-10 05:13,87.3,52.04
2026-07-10 05:14,87.2,51.99
2026-07-10 05:15,87.2,52.0
2026-07-10 05:16,87.2,52.02
2026-07-10 05:17,87.2,51.98
2026-07-10 05:18,87.2,51.94
2026-07-10 05:19,87.2,51.98
2026-07-10 05:20,87.2,52.05
2026-07-10 05:21,87.2,52.13
2026-07-10 05:22,87.2,52.13
2026-07-10 05:23,87.2,52.14
2026-07-10 05:24,87.2,52.25
2026-07-10 05:25,87.1,52.14
2026-07-10 05:26,87.1,52.33
2026-07-10 05:27,87.1,52.25
2026-07-10 05:28,87.1,52.27
2026-07-10 05:29,87.1,52.13
2026-07-10 05:30,87.1,52.09
2026-07-10 05:31,87.1,52.24
2026-07-10 05:32,87.1,52.4
2026-07-10 05:33,87.1,52.35
2026-07-10 05:34,87.1,52.23
2026-07-10 05:35,87.0,52.2
2026-07-10 05:36,87.0,52.23
2026-07-10 05:37,87.0,52.06
2026-07-10 05:38,87.0,52.21
2026-07-10 05:39,87.0,52.3
2026-07-10 05:40,87.0,52.26
2026-07-10 05:41,87.0,52.41
2026-07-10 05:42,87.0,52.3
2026-07-10 05:43,87.0,52.19
2026-07-10 05:44,86.9,52.34
2026-07-10 05:45,86.9,52.59
2026-07-10 05:46,86.9,52.54
2026-07-10 05:47,86.9,52.45
2026-07-10 05:48,86.9,52.46
2026-07-10 05:49,86.9,52.38
2026-07-10 05:50,86.9,52.29
2026-07-10 05:51,86.9,52.33
2026-07-10 05:52,86.9,52.2
2026-07-10 05:53,86.9,52.32
2026-07-10 05:54,86.8,52.4
2026-07-10 05:55,86.8,52.32
2026-07-10 05:56,86.8,52.46
2026-07-10 05:57,86.8,52.38
2026-07-10 05:58,86.8,52.28
2026-07-10 05:59,86.8,52.27
2026-07-10 06:00,86.8,52.22
2026-07-10 06:01,86.8,52.35
2026-07-10 06:02,86.8,52.48
2026-07-10 06:03,86.8,52.41
2026-07-10 06:04,86.8,52.42
2026-07-10 06:05,86.8,52.47
2026-07-10 06:06,86.7,52.4
2026-07-10 06:07,86.7,52.34
2026-07-10 06:08,86.7,52.31
2026-07-10 06:09,86.7,52.31
2026-07-10 06:10,86.7,52.35
2026-07-10 06:11,86.7,52.33
2026-07-10 06:12,86.7,52.32
2026-07-10 06:13,86.7,52.29
2026-07-10 06:14,86.7,52.4
2026-07-10 06:15,86.7,52.36
2026-07-10 06:16,86.6,52.32
2026-07-10 06:17,86.6,52.36
2026-07-10 06:18,86.6,52.35
2026-07-10 06:19,86.6,52.34
2026-07-10 06:20,86.6,52.33
2026-07-10 06:21,86.6,52.31
2026-07-10 06:22,86.6,52.42
2026-07-10 06:23,86.6,52.38
2026-07-10 06:24,86.6,52.43
2026-07-10 06:25,86.6,52.47
2026-07-10 06:26,86.5,52.4
2026-07-10 06:27,86.5,52.37
2026-07-10 06:28,86.5,52.32
2026-07-10 06:29,86.5,52.34
2026-07-10 06:30,86.5,52.47
2026-07-10 06:31,86.5,52.55
2026-07-10 06:32,86.5,53.34
2026-07-10 06:33,86.5,53.07
2026-07-10 06:34,86.5,52.74
2026-07-10 06:35,86.4,52.58
2026-07-10 06:36,86.4,52.54
2026-07-10 06:37,86.4,52.56
2026-07-10 06:38,86.4,52.54
2026-07-10 06:39,86.4,52.45
2026-07-10 06:40,86.4,52.4
2026-07-10 06:41,86.4,52.46
2026-07-10 06:42,86.4,52.62
2026-07-10 06:43,86.4,52.53
2026-07-10 06:44,86.4,52.44
2026-07-10 06:45,86.4,52.53
2026-07-10 06:46,86.4,52.48
2026-07-10 06:47,86.3,52.4
2026-07-10 06:48,86.3,52.38
2026-07-10 06:49,86.3,52.5
2026-07-10 06:50,86.3,52.44
2026-07-10 06:51,86.3,52.39
2026-07-10 06:52,86.3,52.45
2026-07-10 06:53,86.3,52.56
2026-07-10 06:54,86.3,52.59
2026-07-10 06:55,86.3,52.49
2026-07-10 06:56,86.3,52.55
2026-07-10 06:57,86.3,52.51
2026-07-10 06:58,86.3,52.54
2026-07-10 06:59,86.2,52.71
2026-07-10 07:00,86.2,52.65
2026-07-10 07:01,86.2,52.57
2026-07-10 07:02,86.2,52.61
2026-07-10 07:03,86.2,52.64
2026-07-10 07:04,86.2,52.53
2026-07-10 07:05,86.2,52.75
2026-07-10 07:06,86.2,52.8
2026-07-10 07:07,86.2,52.7
2026-07-10 07:08,86.2,52.64
2026-07-10 07:09,86.2,52.64
2026-07-10 07:10,86.2,52.72
2026-07-10 07:11,86.2,52.62
2026-07-10 07:12,86.2,52.57
2026-07-10 07:13,86.1,52.87
2026-07-10 07:14,86.1,52.97
2026-07-10 07:15,86.1,52.95
2026-07-10 07:16,86.1,52.75
2026-07-10 07:17,86.1,52.68
2026-07-10 07:18,86.1,52.68
2026-07-10 07:19,86.1,52.81
2026-07-10 07:20,86.1,52.71
2026-07-10 07:21,86.1,52.75
2026-07-10 07:22,86.1,52.67
2026-07-10 07:23,86.1,52.6
2026-07-10 07:24,86.1,52.53
2026-07-10 07:25,86.1,52.53
2026-07-10 07:26,86.1,52.53
2026-07-10 07:27,86.1,52.57
2026-07-10 07:28,86.1,52.98
2026-07-10 07:29,86.1,53.03
2026-07-10 07:30,86.1,52.99
2026-07-10 07:31,86.1,53.01
2026-07-10 07:32,86.1,52.98
2026-07-10 07:33,86.1,53.03
2026-07-10 07:34,86.1,52.85
2026-07-10 07:35,86.1,52.7
2026-07-10 07:36,86.1,52.62
2026-07-10 07:37,86.1,52.62
2026-07-10 07:38,86.1,52.56
2026-07-10 07:39,86.1,52.74
2026-07-10 07:40,86.1,52.7
2026-07-10 07:41,86.1,52.73
2026-07-10 07:42,86.1,52.7
2026-07-10 07:43,86.1,52.7
2026-07-10 07:44,86.1,52.81
2026-07-10 07:45,86.1,52.79
2026-07-10 07:46,86.1,52.7
2026-07-10 07:47,86.1,52.59
2026-07-10 07:48,86.1,52.57
2026-07-10 07:49,86.1,52.55
2026-07-10 07:50,86.1,52.51
2026-07-10 07:51,86.1,52.55
2026-07-10 07:52,86.1,52.65
2026-07-10 07:53,86.1,52.51
2026-07-10 07:54,86.1,52.53
2026-07-10 07:55,86.1,52.84
2026-07-10 07:56,86.1,52.81
2026-07-10 07:57,86.1,52.66
2026-07-10 07:58,86.1,52.61
2026-07-10 07:59,86.1,52.59
2026-07-10 08:00,86.1,52.66
2026-07-10 08:01,86.1,53.05
2026-07-10 08:02,86.1,53.1
2026-07-10 08:03,86.1,52.91
2026-07-10 08:04,86.1,52.93
2026-07-10 08:05,86.1,52.98
2026-07-10 08:06,86.1,52.87
2026-07-10 08:07,86.1,52.9
2026-07-10 08:08,86.1,52.77
2026-07-10 08:09,86.1,52.68
2026-07-10 08:10,86.1,52.64
2026-07-10 08:11,86.1,52.59
2026-07-10 08:12,86.2,52.9
2026-07-10 08:13,86.2,52.65
2026-07-10 08:14,86.2,52.63
2026-07-10 08:15,86.2,52.65
2026-07-10 08:16,86.2,52.73
2026-07-10 08:17,86.2,52.67
2026-07-10 08:18,86.2,52.58
2026-07-10 08:19,86.2,53.0
2026-07-10 08:20,86.2,52.85
2026-07-10 08:21,86.2,52.91
2026-07-10 08:22,86.2,52.7
2026-07-10 08:23,86.2,52.72
2026-07-10 08:24,86.2,52.76
2026-07-10 08:25,86.3,52.77
2026-07-10 08:26,86.3,52.65
2026-07-10 08:27,86.3,52.61
2026-07-10 08:28,86.3,52.64
2026-07-10 08:29,86.3,52.7
2026-07-10 08:30,86.3,52.59
2026-07-10 08:31,86.3,52.51
2026-07-10 08:32,86.4,52.52
2026-07-10 08:33,86.4,52.53
2026-07-10 08:34,86.4,52.47
2026-07-10 08:35,86.4,52.54
2026-07-10 08:36,86.5,52.55
2026-07-10 08:37,86.5,52.62
2026-07-10 08:38,86.5,52.81
2026-07-10 08:39,86.5,52.81
2026-07-10 08:40,86.6,52.73
2026-07-10 08:41,86.6,52.74
2026-07-10 08:42,86.6,52.98
2026-07-10 08:43,86.6,52.78
2026-07-10 08:44,86.6,52.71
2026-07-10 08:45,86.7,52.7
2026-07-10 08:46,86.7,52.68
2026-07-10 08:47,86.7,52.82
2026-07-10 08:48,86.8,52.82
2026-07-10 08:49,86.8,52.75
2026-07-10 08:50,86.8,52.78
2026-07-10 08:51,86.8,52.77
2026-07-10 08:52,86.9,52.97
2026-07-10 08:53,86.9,53.06
2026-07-10 08:54,86.9,52.94
2026-07-10 08:55,87.0,53.14
2026-07-10 08:56,87.0,53.24
2026-07-10 08:57,87.0,53.24
2026-07-10 09:35,88.5,54.08
2026-07-10 09:36,88.5,54.16
2026-07-10 09:37,88.5,54.11
2026-07-10 09:38,88.6,53.91
2026-07-10 09:39,88.6,53.98
2026-07-10 09:40,88.6,54.06
2026-07-10 09:41,88.7,53.92
2026-07-10 09:42,88.7,53.89
2026-07-10 09:43,88.7,53.68
2026-07-10 09:44,88.8,53.88
2026-07-10 09:45,88.8,53.98
2026-07-10 09:46,88.8,53.68
2026-07-10 09:47,88.9,54.27
2026-07-10 09:48,88.9,54.2
2026-07-10 09:49,88.9,54.48
2026-07-10 09:50,89.0,54.23
2026-07-10 09:51,89.0,54.54
2026-07-10 09:52,89.0,54.6
2026-07-10 09:53,89.0,54.47
2026-07-10 09:54,89.1,54.23
2026-07-10 09:55,89.1,54.11
2026-07-10 09:56,89.2,54.21
2026-07-10 09:57,89.2,54.19
2026-07-10 09:58,89.2,54.03
2026-07-10 09:59,89.3,54.61
2026-07-10 10:00,89.3,54.45
2026-07-10 10:01,89.3,54.08
2026-07-10 10:02,89.4,54.11
2026-07-10 10:03,89.4,54.3
2026-07-10 10:04,89.4,54.52
2026-07-10 10:05,89.5,54.56
2026-07-10 10:06,89.5,54.78
2026-07-10 10:07,89.5,53.91
2026-07-10 10:08,89.6,54.09
2026-07-10 10:09,89.6,54.49
2026-07-10 10:10,89.7,54.54
2026-07-10 10:11,89.7,54.01
2026-07-10 10:12,89.7,54.51
2026-07-10 10:13,89.8,54.12
2026-07-10 10:14,89.8,54.0
2026-07-10 10:15,89.9,54.04
2026-07-10 10:16,89.9,54.05
2026-07-10 10:17,90.0,53.81
2026-07-10 10:18,90.0,53.95
2026-07-10 10:19,90.1,54.05
2026-07-10 10:20,90.2,53.88
2026-07-10 10:21,90.2,53.72
2026-07-10 10:22,90.3,53.9
2026-07-10 10:23,90.3,54.15
2026-07-10 10:24,90.4,54.04
2026-07-10 10:25,90.5,53.95
2026-07-10 10:26,90.6,53.82
2026-07-10 10:27,90.6,53.99
2026-07-10 10:28,90.7,53.93
2026-07-10 10:29,90.8,54.14
2026-07-10 10:30,90.8,54.36
2026-07-10 10:31,90.9,54.3
2026-07-10 10:32,91.0,54.17
2026-07-10 10:33,91.1,54.24
2026-07-10 10:34,91.1,54.26
2026-07-10 10:35,91.2,54.05
2026-07-10 10:36,91.3,53.88
2026-07-10 10:37,91.3,53.96
2026-07-10 10:38,91.4,54.2
2026-07-10 10:39,91.4,54.2
2026-07-10 10:40,91.5,54.28
2026-07-10 10:41,91.5,54.65
2026-07-10 10:42,91.6,54.74
2026-07-10 10:43,91.6,54.84
2026-07-10 10:44,91.6,54.27
2026-07-10 10:45,91.7,54.08
2026-07-10 10:46,91.7,54.22
2026-07-10 10:47,91.7,54.32
2026-07-10 10:48,91.7,54.49
2026-07-10 10:49,91.7,53.97
2026-07-10 10:50,91.7,53.62
2026-07-10 10:51,91.7,53.52
2026-07-10 10:52,91.7,53.6
2026-07-10 10:53,91.7,53.27
2026-07-10 10:54,91.7,53.17
2026-07-10 10:55,91.7,53.06
2026-07-10 10:56,91.7,53.1
2026-07-10 10:57,91.7,53.19
2026-07-10 10:58,91.7,53.13
2026-07-10 10:59,91.7,53.15
2026-07-10 11:00,91.7,53.15
2026-07-10 11:01,91.7,53.15
2026-07-10 11:02,91.6,53.14
2026-07-10 11:03,91.6,53.18
2026-07-10 11:04,91.6,53.1
2026-07-10 11:05,91.6,53.06
2026-07-10 11:06,91.6,53.07
2026-07-10 11:07,91.5,53.16
2026-07-10 11:08,91.5,53.19
2026-07-10 11:09,91.5,53.13
2026-07-10 11:10,91.4,53.16
2026-07-10 11:11,91.4,53.33
2026-07-10 11:12,91.4,53.1
2026-07-10 11:13,91.4,53.18
2026-07-10 11:14,91.3,53.23
2026-07-10 11:15,91.3,53.26
2026-07-10 11:16,91.3,53.26
2026-07-10 11:17,91.2,53.29
2026-07-10 11:18,91.2,53.31
2026-07-10 11:19,91.2,53.3
2026-07-10 11:20,91.2,53.51
2026-07-10 11:21,91.1,53.44
2026-07-10 11:22,91.1,53.59
2026-07-10 11:23,91.1,53.49
2026-07-10 11:24,91.0,53.32
2026-07-10 11:25,91.0,53.37
2026-07-10 11:26,91.0,53.15
2026-07-10 11:27,91.0,53.64
2026-07-10 11:28,91.0,54.59
2026-07-10 11:29,90.9,54.88
2026-07-10 11:30,90.9,54.72
2026-07-10 11:31,90.9,55.26
2026-07-10 11:32,90.9,55.1
2026-07-10 11:33,90.9,55.02
2026-07-10 11:34,90.9,55.26
2026-07-10 11:35,90.9,55.47
2026-07-10 11:36,90.9,55.81
2026-07-10 11:37,90.9,55.81
2026-07-10 11:38,90.9,56.15
2026-07-10 11:39,91.0,56.02
2026-07-10 11:40,91.0,56.1
2026-07-10 11:41,91.0,55.69
2026-07-10 11:42,91.1,55.56
2026-07-10 11:43,91.1,55.26
2026-07-10 11:44,91.2,55.5
2026-07-10 11:45,91.2,55.54
2026-07-10 11:46,91.3,55.52
2026-07-10 11:47,91.4,55.38
2026-07-10 11:48,91.4,55.34
2026-07-10 11:49,91.5,55.61
2026-07-10 11:50,91.6,55.63
2026-07-10 11:51,91.7,55.74
2026-07-10 11:52,91.8,55.71
2026-07-10 11:53,91.8,55.42
2026-07-10 11:54,91.9,55.47
2026-07-10 11:55,92.0,55.25
2026-07-10 11:56,92.1,55.31
2026-07-10 11:57,92.2,55.17
2026-07-10 11:58,92.3,55.06
2026-07-10 11:59,92.3,54.37
2026-07-10 12:00,92.4,54.54
2026-07-10 12:01,92.5,54.5
2026-07-10 12:02,92.6,54.35
2026-07-10 12:03,92.7,54.28
2026-07-10 12:04,92.7,54.01
2026-07-10 12:05,92.8,53.83
2026-07-10 12:06,92.9,53.8
2026-07-10 12:07,92.9,53.5
2026-07-10 12:08,93.0,53.63
2026-07-10 12:09,93.0,53.57
2026-07-10 12:10,93.1,53.51
2026-07-10 12:11,93.2,53.72
2026-07-10 12:12,93.2,53.67
2026-07-10 12:13,93.3,53.65
2026-07-10 12:14,93.3,53.87
2026-07-10 12:15,93.4,53.86
2026-07-10 12:16,93.4,53.76
2026-07-10 12:17,93.5,53.65
2026-07-10 12:18,93.5,53.61
2026-07-10 12:19,93.5,53.51
2026-07-10 12:20,93.6,53.42
2026-07-10 12:21,93.6,53.51
2026-07-10 12:22,93.7,53.33
2026-07-10 12:23,93.7,53.18
2026-07-10 12:24,93.7,53.32
2026-07-10 12:25,93.7,53.49
2026-07-10 12:26,93.7,53.25
2026-07-10 12:27,93.7,53.28
2026-07-10 12:28,93.8,53.41
2026-07-10 12:29,93.8,53.49
2026-07-10 12:30,93.8,53.39
2026-07-10 12:31,93.8,53.32
2026-07-10 12:32,93.8,53.27
2026-07-10 12:33,93.8,53.18
2026-07-10 12:34,93.8,53.16
2026-07-10 12:35,93.8,53.22
2026-07-10 12:36,93.8,53.3
2026-07-10 12:37,93.8,53.37
2026-07-10 12:38,93.9,53.43
2026-07-10 12:39,93.9,53.45
2026-07-10 12:40,93.9,53.4
2026-07-10 12:41,93.9,53.41
2026-07-10 12:42,93.9,53.54
2026-07-10 12:43,93.9,53.91
2026-07-10 12:44,94.0,53.73
2026-07-10 12:45,94.0,53.71
2026-07-10 12:46,94.0,53.76
2026-07-10 12:47,94.0,53.69
2026-07-10 12:48,94.1,53.8
2026-07-10 12:49,94.1,53.61
2026-07-10 12:50,94.2,53.52
2026-07-10 12:51,94.2,53.24
2026-07-10 12:52,94.3,53.09
2026-07-10 12:53,94.4,53.04
2026-07-10 12:54,94.4,53.11
2026-07-10 12:55,94.5,53.24
2026-07-10 12:56,94.5,53.46
2026-07-10 12:57,94.6,53.51
2026-07-10 12:58,94.7,53.64
2026-07-10 12:59,94.7,53.86
2026-07-10 13:00,94.8,53.57
2026-07-10 13:01,94.8,53.79
2026-07-10 13:02,94.9,53.86
2026-07-10 13:03,95.0,53.89
2026-07-10 13:04,95.0,53.78
2026-07-10 13:05,95.1,53.59
2026-07-10 13:06,95.2,53.92
2026-07-10 13:07,95.3,53.78
2026-07-10 13:08,95.3,53.85
2026-07-10 13:09,95.4,53.89
2026-07-10 13:10,95.5,53.61
2026-07-10 13:11,95.6,53.13
2026-07-10 13:12,95.7,53.01
2026-07-10 13:13,95.8,53.35
2026-07-10 13:14,95.9,53.27
2026-07-10 13:15,96.0,53.21
2026-07-10 13:16,96.1,53.21
2026-07-10 13:17,96.1,52.92
2026-07-10 13:18,96.2,53.13
2026-07-10 13:19,96.3,52.92
2026-07-10 13:20,96.4,53.03
2026-07-10 13:21,96.5,52.78
2026-07-10 13:22,96.6,52.68
2026-07-10 13:23,96.7,52.47
2026-07-10 13:24,96.8,52.6
2026-07-10 13:25,96.8,52.55
2026-07-10 13:26,96.9,52.4
2026-07-10 13:27,97.0,52.2
2026-07-10 13:28,97.1,52.27
2026-07-10 13:29,97.1,52.27
2026-07-10 13:30,97.2,52.16
2026-07-10 13:31,97.3,52.09
2026-07-10 13:32,97.4,52.12
2026-07-10 13:33,97.4,52.06
2026-07-10 13:34,97.5,51.97
2026-07-10 13:35,97.5,51.99
2026-07-10 13:36,97.6,51.82
2026-07-10 13:37,97.7,51.94
2026-07-10 13:38,97.7,51.9
2026-07-10 13:39,97.8,51.79
2026-07-10 13:40,97.8,51.71
2026-07-10 13:41,97.9,51.62
2026-07-10 13:42,97.9,51.55
2026-07-10 13:43,98.0,51.47
2026-07-10 13:44,98.1,51.38
2026-07-10 13:45,98.1,51.38
2026-07-10 13:46,98.2,51.31
2026-07-10 13:47,98.3,51.28
2026-07-10 13:48,98.3,51.2
2026-07-10 13:49,98.4,51.2
2026-07-10 13:50,98.5,51.25
2026-07-10 13:51,98.5,51.24
2026-07-10 13:52,98.6,51.23
2026-07-10 13:53,98.6,51.13
2026-07-10 13:54,98.7,51.04
2026-07-10 13:55,98.8,50.89
2026-07-10 13:56,98.9,50.82
2026-07-10 13:57,98.9,50.72
2026-07-10 13:58,99.0,50.61
2026-07-10 13:59,99.1,50.59
2026-07-10 14:00,99.2,50.43
2026-07-10 14:01,99.2,50.14
2026-07-10 14:02,99.3,50.19
2026-07-10 14:03,99.4,50.16
2026-07-10 14:04,99.4,49.97
2026-07-10 14:05,99.5,49.78
2026-07-10 14:06,99.6,49.55
2026-07-10 14:07,99.7,49.5
2026-07-10 14:08,99.7,49.52
2026-07-10 14:09,99.8,49.31
2026-07-10 14:10,99.9,49.16
2026-07-10 14:11,100.0,49.01
2026-07-10 14:12,100.1,49.0
2026-07-10 14:13,100.1,48.94
2026-07-10 14:14,100.2,48.83
2026-07-10 14:15,100.3,48.79
2026-07-10 14:16,100.4,48.81
2026-07-10 14:17,100.4,48.79
2026-07-10 14:18,100.5,48.71
2026-07-10 14:19,100.6,48.48
2026-07-10 14:20,100.7,48.48
2026-07-10 14:21,100.7,48.52
2026-07-10 14:22,100.8,48.36
2026-07-10 14:23,100.9,48.27
2026-07-10 14:24,101.0,48.23
2026-07-10 14:25,101.0,48.23
2026-07-10 14:26,101.1,48.16
2026-07-10 14:27,101.2,48.1
2026-07-10 14:28,101.3,47.98
2026-07-10 14:29,101.3,47.98
2026-07-10 14:30,101.4,47.97
2026-07-10 14:31,101.5,47.94
2026-07-10 14:32,101.5,47.87
2026-07-10 14:33,101.6,47.79
2026-07-10 14:34,101.7,47.74
2026-07-10 14:35,101.7,47.74
2026-07-10 14:36,101.8,47.62
2026-07-10 14:37,101.9,47.6
2026-07-10 14:38,101.9,47.55
2026-07-10 14:39,102.0,47.46
2026-07-10 14:40,102.0,47.41
2026-07-10 14:41,102.1,47.34
2026-07-10 14:42,102.1,47.24
2026-07-10 14:43,102.2,47.28
2026-07-10 14:44,102.2,47.21
2026-07-10 14:45,102.3,47.11
2026-07-10 14:46,102.3,47.16
2026-07-10 14:47,102.4,47.21
2026-07-10 14:48,102.4,47.07
2026-07-10 14:49,102.5,46.96
2026-07-10 14:50,102.5,46.97
2026-07-10 14:51,102.6,47.0
2026-07-10 14:52,102.6,46.76
2026-07-10 14:53,102.7,46.79
2026-07-10 14:54,102.7,46.86
2026-07-10 14:55,102.8,46.66
2026-07-10 14:56,102.8,46.47
2026-07-10 14:57,102.8,46.42
2026-07-10 14:58,102.9,46.37
2026-07-10 14:59,102.9,46.37
2026-07-10 15:00,102.9,46.36
2026-07-10 15:01,103.0,46.3
2026-07-10 15:02,103.0,46.16
2026-07-10 15:03,103.1,46.29
2026-07-10 15:04,103.1,46.23
2026-07-10 15:05,103.2,46.12
2026-07-10 15:06,103.2,46.09
2026-07-10 15:07,103.3,45.93
2026-07-10 15:08,103.3,45.95
2026-07-10 15:09,103.3,45.78
2026-07-10 15:10,103.4,45.81
2026-07-10 15:11,103.4,45.87
2026-07-10 15:12,103.5,45.76
2026-07-10 15:13,103.5,45.62
2026-07-10 15:14,103.6,45.37
2026-07-10 15:15,103.6,45.25
2026-07-10 15:16,103.6,45.63
2026-07-10 15:17,103.7,45.51
2026-07-10 15:18,103.7,45.22
2026-07-10 15:19,103.7,45.4
2026-07-10 15:20,103.8,45.27
2026-07-10 15:21,103.8,45.2
2026-07-10 15:22,103.9,45.27
2026-07-10 15:23,103.9,45.26
2026-07-10 15:24,104.0,45.12
2026-07-10 15:25,104.0,45.13
2026-07-10 15:26,104.1,44.92
2026-07-10 15:27,104.1,44.91
2026-07-10 15:28,104.1,44.86
2026-07-10 15:29,104.2,44.82
2026-07-10 15:30,104.2,44.78
2026-07-10 15:31,104.3,44.73
2026-07-10 15:32,104.3,44.59
2026-07-10 15:33,104.3,44.59
2026-07-10 15:34,104.4,44.47
2026-07-10 15:35,104.4,44.43
2026-07-10 15:36,104.5,44.36
2026-07-10 15:37,104.5,44.47
2026-07-10 15:38,104.6,44.37
2026-07-10 15:39,104.6,44.45
2026-07-10 15:40,104.6,44.4
2026-07-10 15:41,104.7,44.27
2026-07-10 15:42,104.7,44.04
2026-07-10 15:43,104.8,44.16
2026-07-10 15:44,104.8,44.09
2026-07-10 15:45,104.8,44.22
2026-07-10 15:46,104.9,44.13
2026-07-10 15:47,104.9,43.96
2026-07-10 15:48,105.0,43.97
2026-07-10 15:49,105.0,43.93
2026-07-10 15:50,105.0,43.86
2026-07-10 15:51,105.0,43.91
2026-07-10 15:52,105.0,43.93
2026-07-10 15:53,105.1,43.99
2026-07-10 15:54,105.1,44.06
2026-07-10 15:55,105.1,43.83
2026-07-10 15:56,105.2,43.82
2026-07-10 15:57,105.2,43.8
2026-07-10 15:58,105.2,43.69
2026-07-10 15:59,105.2,43.81
2026-07-10 16:00,105.3,43.71
2026-07-10 16:01,105.3,43.45
2026-07-10 16:02,105.3,43.49
2026-07-10 16:03,105.3,43.58
2026-07-10 16:04,105.4,43.59
2026-07-10 16:05,105.4,43.56
2026-07-10 16:06,105.4,43.44
2026-07-10 16:07,105.4,43.52
2026-07-10 16:08,105.5,43.51
2026-07-10 16:09,105.5,43.63
2026-07-10 16:10,105.5,43.52
2026-07-10 16:11,105.5,43.42
2026-07-10 16:12,105.6,43.29
2026-07-10 16:13,105.6,43.22
2026-07-10 16:14,105.7,43.32
2026-07-10 16:15,105.7,43.26
2026-07-10 16:16,105.7,43.31
2026-07-10 16:17,105.7,43.38
2026-07-10 16:18,105.8,43.33
2026-07-10 16:19,105.8,43.32
2026-07-10 16:20,105.9,43.31
2026-07-10 16:21,105.9,43.26
2026-07-10 16:22,105.9,43.3
2026-07-10 16:23,106.0,43.24
2026-07-10 16:24,106.0,43.15
2026-07-10 16:25,106.1,43.17
2026-07-10 16:26,106.1,43.15
2026-07-10 16:27,106.1,43.18
2026-07-10 16:28,106.1,43.15
2026-07-10 16:29,106.2,43.08
2026-07-10 16:30,106.2,43.12
2026-07-10 16:31,106.2,43.05
2026-07-10 16:32,106.3,43.06
2026-07-10 16:33,106.3,43.08
2026-07-10 16:34,106.3,43.08
2026-07-10 16:35,106.4,43.07
2026-07-10 16:36,106.4,43.06
2026-07-10 16:37,106.4,43.0
2026-07-10 16:38,106.5,43.0
2026-07-10 16:39,106.5,42.95
2026-07-10 16:40,106.5,42.82
2026-07-10 16:41,106.5,43.0
2026-07-10 16:42,106.6,42.98
2026-07-10 16:43,106.6,42.94
2026-07-10 16:44,106.6,42.89
2026-07-10 16:45,106.6,42.92
2026-07-10 16:46,106.6,42.83
2026-07-10 16:47,106.7,42.92
2026-07-10 16:48,106.7,42.8
2026-07-10 16:49,106.7,42.84
2026-07-10 16:50,106.7,42.89
2026-07-10 16:51,106.7,42.87
2026-07-10 16:52,106.7,42.61
2026-07-10 16:53,106.7,42.62
2026-07-10 16:54,106.7,42.61
2026-07-10 16:55,106.7,42.7
2026-07-10 16:56,106.7,42.72
2026-07-10 16:57,106.7,42.73
2026-07-10 16:58,106.7,42.69
2026-07-10 16:59,106.7,42.67
2026-07-10 17:00,106.7,42.68
2026-07-10 17:01,106.7,42.75
2026-07-10 17:02,106.7,42.8
2026-07-10 17:03,106.8,42.78
2026-07-10 17:04,106.8,42.82
2026-07-10 17:05,106.8,42.81
2026-07-10 17:06,106.8,42.75
2026-07-10 17:07,106.8,42.85
2026-07-10 17:08,106.8,42.88
2026-07-10 17:09,106.8,42.83
2026-07-10 17:10,106.8,42.77
2026-07-10 17:11,106.8,42.77
2026-07-10 17:12,106.8,42.79
2026-07-10 17:13,106.8,42.89
2026-07-10 17:14,106.8,42.83
2026-07-10 17:15,106.8,42.92
2026-07-10 17:16,106.8,42.83
2026-07-10 17:17,106.8,42.9
2026-07-10 17:18,106.9,42.87
2026-07-10 17:19,106.9,42.82
2026-07-10 17:20,106.8,42.76
2026-07-10 17:21,106.8,42.89
2026-07-10 17:22,106.8,42.87
2026-07-10 17:23,106.9,42.79
2026-07-10 17:24,106.8,42.86
2026-07-10 17:25,106.8,42.86
2026-07-10 17:26,106.9,42.91
2026-07-10 17:27,106.9,42.93
2026-07-10 17:28,106.9,42.93
2026-07-10 17:29,106.9,42.93
2026-07-10 17:30,106.9,42.9
2026-07-10 17:31,106.9,42.95
2026-07-10 17:32,106.9,42.95
2026-07-10 17:33,106.9,43.0
2026-07-10 17:34,106.9,43.03
2026-07-10 17:35,106.9,43.05
2026-07-10 17:36,106.9,43.09
2026-07-10 17:37,106.9,43.11
2026-07-10 17:38,106.9,43.07
2026-07-10 17:39,106.8,43.13
2026-07-10 17:40,106.8,43.05
2026-07-10 17:41,106.8,43.13
2026-07-10 17:42,106.8,43.13
2026-07-10 17:43,106.8,43.08
2026-07-10 17:44,106.8,43.16
2026-07-10 17:45,106.8,43.14
2026-07-10 17:46,106.7,43.18
2026-07-10 17:47,106.7,43.22
2026-07-10 17:48,106.7,43.22
2026-07-10 17:49,106.7,43.23
2026-07-10 17:50,106.7,43.25
2026-07-10 17:51,106.6,43.19
2026-07-10 17:52,106.6,43.11
2026-07-10 17:53,106.5,43.23
2026-07-10 17:54,106.5,43.31
2026-07-10 17:55,106.5,43.35
2026-07-10 17:56,106.4,43.4
2026-07-10 17:57,106.4,43.4
2026-07-10 17:58,106.4,43.41
2026-07-10 17:59,106.4,43.39
2026-07-10 18:00,106.3,43.35
2026-07-10 18:01,106.3,43.35
2026-07-10 18:02,106.3,43.42
2026-07-10 18:03,106.2,43.47
2026-07-10 18:04,106.2,43.47
2026-07-10 18:05,106.2,43.55
2026-07-10 18:06,106.2,43.57
2026-07-10 18:07,106.1,43.6
2026-07-10 18:08,106.1,43.58
2026-07-10 18:09,106.1,43.51
2026-07-10 18:10,106.1,43.53
2026-07-10 18:11,106.0,43.61
2026-07-10 18:12,106.0,43.67
2026-07-10 18:13,106.0,43.62
2026-07-10 18:14,106.0,43.6
2026-07-10 18:15,105.9,43.67
2026-07-10 18:16,105.9,43.7
2026-07-10 18:17,105.9,43.7
2026-07-10 18:18,105.9,43.72
2026-07-10 18:19,105.8,43.82
2026-07-10 18:20,105.8,43.83
2026-07-10 18:21,105.8,43.88
2026-07-10 18:22,105.8,43.91
2026-07-10 18:23,105.7,43.93
2026-07-10 18:24,105.7,43.93
2026-07-10 18:25,105.6,43.98
2026-07-10 18:26,105.6,44.0
2026-07-10 18:27,105.6,44.06
2026-07-10 18:28,105.5,44.06
2026-07-10 18:29,105.5,44.08
2026-07-10 18:30,105.4,44.15
2026-07-10 18:31,105.4,44.18
2026-07-10 18:32,105.4,44.1
2026-07-10 18:33,105.3,44.19
2026-07-10 18:34,105.3,44.27
2026-07-10 18:35,105.2,44.27
2026-07-10 18:36,105.2,44.31
2026-07-10 18:37,105.1,44.34
2026-07-10 18:38,105.0,44.35
2026-07-10 18:39,105.0,44.38
2026-07-10 18:40,104.9,44.32
2026-07-10 18:41,104.9,44.44
2026-07-10 18:42,104.8,44.46
2026-07-10 18:43,104.7,44.41
2026-07-10 18:44,104.7,44.45
2026-07-10 18:45,104.6,44.5
2026-07-10 18:46,104.6,44.5
2026-07-10 18:47,104.5,44.48
2026-07-10 18:48,104.4,44.57
2026-07-10 18:49,104.4,44.55
2026-07-10 18:50,104.3,44.53
2026-07-10 18:51,104.2,44.65
2026-07-10 18:52,104.2,44.47
2026-07-10 18:53,104.1,44.68
2026-07-10 18:54,104.0,44.74
2026-07-10 18:55,104.0,44.81
2026-07-10 18:56,103.9,44.85
2026-07-10 18:57,103.9,44.78
2026-07-10 18:58,103.8,44.77
2026-07-10 18:59,103.8,44.85
2026-07-10 19:00,103.7,44.91
2026-07-10 19:01,103.6,44.95
2026-07-10 19:02,103.6,44.96
2026-07-10 19:03,103.5,44.96
2026-07-10 19:04,103.5,44.89
2026-07-10 19:05,103.4,44.93
2026-07-10 19:06,103.4,44.93
2026-07-10 19:07,103.3,45.02
2026-07-10 19:08,103.2,45.12
2026-07-10 19:09,103.2,45.19
2026-07-10 19:10,103.1,45.22
2026-07-10 19:11,103.1,45.24
2026-07-10 19:12,103.0,45.25
2026-07-10 19:13,103.0,45.3
2026-07-10 19:14,102.9,45.33
2026-07-10 19:15,102.9,45.32
2026-07-10 19:16,102.8,45.35
2026-07-10 19:17,102.8,45.36
2026-07-10 19:18,102.7,45.35
2026-07-10 19:19,102.6,45.43
2026-07-10 19:20,102.6,45.52
2026-07-10 19:21,102.6,45.55
2026-07-10 19:22,102.5,45.58
2026-07-10 19:23,102.5,45.59
2026-07-10 19:24,102.4,45.64
2026-07-10 19:25,102.4,45.66
2026-07-10 19:26,102.4,45.68
2026-07-10 19:27,102.3,45.71
2026-07-10 19:28,102.3,45.72
2026-07-10 19:29,102.2,45.73
2026-07-10 19:30,102.2,45.79
2026-07-10 19:31,102.2,45.83
2026-07-10 19:32,102.1,45.86
2026-07-10 19:33,102.1,45.87
2026-07-10 19:34,102.1,45.89
2026-07-10 19:35,102.0,45.93
2026-07-10 19:36,102.0,45.96
2026-07-10 19:37,101.9,45.99
2026-07-10 19:38,101.9,46.01
2026-07-10 19:39,101.9,46.03
2026-07-10 19:40,101.8,46.05
2026-07-10 19:41,101.8,46.08
2026-07-10 19:42,101.7,46.1
2026-07-10 19:43,101.7,46.11
2026-07-10 19:44,101.7,46.11
2026-07-10 19:45,101.6,46.16
2026-07-10 19:46,101.6,46.19
2026-07-10 19:47,101.5,46.2
2026-07-10 19:48,101.5,46.22
2026-07-10 19:49,101.5,46.24
2026-07-10 19:50,101.4,46.27
2026-07-10 19:51,101.4,46.3
2026-07-10 19:52,101.3,46.32
2026-07-10 19:53,101.3,46.34
2026-07-10 19:54,101.2,46.3
2026-07-10 19:55,101.2,46.36
2026-07-10 19:56,101.1,46.41
2026-07-10 19:57,101.1,46.44
2026-07-10 19:58,101.0,46.47
2026-07-10 19:59,101.0,46.49
2026-07-10 20:00,101.0,46.47
2026-07-10 20:01,100.9,46.55
2026-07-10 20:02,100.9,46.56
2026-07-10 20:03,100.8,46.59
2026-07-10 20:04,100.8,46.62
2026-07-10 20:05,100.7,46.66
2026-07-10 20:06,100.7,46.67
2026-07-10 20:07,100.6,46.7
2026-07-10 20:08,100.6,46.72
2026-07-10 20:09,100.5,46.76
2026-07-10 20:10,100.5,46.77
2026-07-10 20:11,100.4,46.75
2026-07-10 20:12,100.4,46.82
2026-07-10 20:13,100.3,46.85
2026-07-10 20:14,100.3,46.87
2026-07-10 20:15,100.2,46.84
2026-07-10 20:16,100.2,46.88
2026-07-10 20:17,100.1,46.92
2026-07-10 20:18,100.1,46.87
2026-07-10 20:19,100.0,46.96
2026-07-10 20:20,100.0,46.98
2026-07-10 20:21,99.9,46.98
2026-07-10 20:22,99.9,46.83
2026-07-10 20:23,99.8,46.98
2026-07-10 20:24,99.8,47.06
2026-07-10 20:25,99.7,46.83
2026-07-10 20:26,99.7,47.06
2026-07-10 20:27,99.6,47.09
2026-07-10 20:28,99.6,47.1
2026-07-10 20:29,99.5,47.15
2026-07-10 20:30,99.5,47.16
2026-07-10 20:31,99.4,47.06
2026-07-10 20:32,99.4,47.09
2026-07-10 20:33,99.3,47.16
2026-07-10 20:34,99.3,47.12
2026-07-10 20:35,99.2,47.19
2026-07-10 20:36,99.1,47.06
2026-07-10 20:37,99.1,47.02
2026-07-10 20:38,99.0,47.24
2026-07-10 20:39,99.0,47.31
2026-07-10 20:40,98.9,47.34
2026-07-10 20:41,98.9,47.38
2026-07-10 20:42,98.8,47.36
2026-07-10 20:43,98.8,47.38
2026-07-10 20:44,98.7,47.43
2026-07-10 20:45,98.7,47.44
2026-07-10 20:46,98.6,47.42
2026-07-10 20:47,98.6,47.52
2026-07-10 20:48,98.6,47.5
2026-07-10 20:49,98.5,47.43
2026-07-10 20:50,98.5,47.38
2026-07-10 20:51,98.4,47.36
2026-07-10 20:52,98.4,47.53
2026-07-10 20:53,98.3,47.59
2026-07-10 20:54,98.2,47.6
2026-07-10 20:55,98.2,47.44
2026-07-10 20:56,98.2,47.29
2026-07-10 20:57,98.1,47.35
2026-07-10 20:58,98.1,47.42
2026-07-10 20:59,98.0,47.15
2026-07-10 21:00,98.0,47.47
2026-07-10 21:01,97.9,47.52
2026-07-10 21:02,97.9,47.58
2026-07-10 21:03,97.8,47.44
2026-07-10 21:04,97.8,47.52
2026-07-10 21:05,97.7,47.55
2026-07-10 21:06,97.7,47.58
2026-07-10 21:07,97.7,47.53
2026-07-10 21:08,97.6,47.38
2026-07-10 21:09,97.6,47.34
2026-07-10 21:10,97.5,47.36
2026-07-10 21:11,97.5,47.28
2026-07-10 21:12,97.5,47.3
2026-07-10 21:13,97.4,47.25
2026-07-10 21:14,97.4,47.21
2026-07-10 21:15,97.3,47.23
2026-07-10 21:16,97.3,47.35
2026-07-10 21:17,97.2,47.35
2026-07-10 21:18,97.2,47.3
2026-07-10 21:19,97.2,47.2
2026-07-10 21:20,97.1,47.22
2026-07-10 21:21,97.1,47.14
2026-07-10 21:22,97.0,47.1
2026-07-10 21:23,97.0,47.19
2026-07-10 21:24,96.9,47.13
2026-07-10 21:25,96.9,47.08
2026-07-10 21:26,96.9,46.99
2026-07-10 21:27,96.8,47.07
2026-07-10 21:28,96.8,46.96
2026-07-10 21:29,96.7,46.99
2026-07-10 21:30,96.7,46.97
2026-07-10 21:31,96.7,47.05
2026-07-10 21:32,96.6,47.04
2026-07-10 21:33,96.6,47.16
2026-07-10 21:34,96.5,47.1
2026-07-10 21:35,96.5,47.14
2026-07-10 21:36,96.5,47.12
2026-07-10 21:37,96.4,47.07
2026-07-10 21:38,96.4,47.13
2026-07-10 21:39,96.3,47.05
2026-07-10 21:40,96.3,47.1
2026-07-10 21:41,96.2,47.06
2026-07-10 21:42,96.2,47.1
2026-07-10 21:43,96.2,47.12
2026-07-10 21:44,96.1,47.17
2026-07-10 21:45,96.1,47.16
2026-07-10 21:46,96.0,47.15
2026-07-10 21:47,96.0,47.15
2026-07-10 21:48,96.0,47.18
2026-07-10 21:49,95.9,47.2
2026-07-10 21:50,95.9,47.21
2026-07-10 21:51,95.8,47.27
2026-07-10 21:52,95.8,47.31
2026-07-10 21:53,95.8,47.3
2026-07-10 21:54,95.7,47.27
2026-07-10 21:55,95.7,47.27
2026-07-10 21:56,95.6,47.28
2026-07-10 21:57,95.6,47.34
2026-07-10 21:58,95.6,47.36
2026-07-10 21:59,95.5,47.33
2026-07-10 22:00,95.5,47.34
2026-07-10 22:01,95.4,47.38
2026-07-10 22:02,95.4,47.39
2026-07-10 22:03,95.4,47.36
2026-07-10 22:04,95.3,47.36
2026-07-10 22:05,95.3,47.44
2026-07-10 22:06,95.2,47.42
2026-07-10 22:07,95.2,47.46
2026-07-10 22:08,95.2,47.52
2026-07-10 22:09,95.1,47.55
2026-07-10 22:10,95.1,47.58
2026-07-10 22:11,95.1,47.54
2026-07-10 22:12,95.0,47.54
2026-07-10 22:13,95.0,47.5
2026-07-10 22:14,95.0,47.54
2026-07-10 22:15,94.9,47.54
2026-07-10 22:16,94.9,47.54
2026-07-10 22:17,94.9,47.55
2026-07-10 22:18,94.8,47.62
2026-07-10 22:19,94.8,47.62
2026-07-10 22:20,94.7,47.56
2026-07-10 22:21,94.7,47.58
2026-07-10 22:22,94.7,47.64
2026-07-10 22:23,94.6,47.66
2026-07-10 22:24,94.6,47.69
2026-07-10 22:25,94.6,47.69
2026-07-10 22:26,94.5,47.7
2026-07-10 22:27,94.5,47.71
2026-07-10 22:28,94.5,47.66
2026-07-10 22:29,94.4,47.75
2026-07-10 22:30,94.4,47.66
2026-07-10 22:31,94.3,47.7
2026-07-10 22:32,94.3,47.69
2026-07-10 22:33,94.3,47.75
2026-07-10 22:34,94.3,47.74
2026-07-10 22:35,94.2,47.75
2026-07-10 22:36,94.2,47.79
2026-07-10 22:37,94.1,47.81
2026-07-10 22:38,94.1,47.8
2026-07-10 22:39,94.1,47.8
2026-07-10 22:40,94.0,47.83
2026-07-10 22:41,94.0,47.9
2026-07-10 22:42,94.0,47.9
2026-07-10 22:43,93.9,47.85
2026-07-10 22:44,93.9,47.84
2026-07-10 22:45,93.9,47.88
2026-07-10 22:46,93.8,47.89
2026-07-10 22:47,93.8,47.87
2026-07-10 22:48,93.8,47.95
2026-07-10 22:49,93.7,47.94
2026-07-10 22:50,93.7,47.97
2026-07-10 22:51,93.7,48.01
2026-07-10 22:52,93.7,48.03
2026-07-10 22:53,93.6,48.12
2026-07-10 22:54,93.6,48.05
2026-07-10 22:55,93.6,48.02
2026-07-10 22:56,93.5,48.02
2026-07-10 22:57,93.5,48.05
2026-07-10 22:58,93.4,48.09
2026-07-10 22:59,93.4,48.1
2026-07-10 23:00,93.4,48.21
2026-07-10 23:01,93.4,48.15
2026-07-10 23:02,93.3,48.16
2026-07-10 23:03,93.3,48.21
2026-07-10 23:04,93.3,48.31
2026-07-10 23:05,93.2,48.29
2026-07-10 23:06,93.2,48.33
2026-07-10 23:07,93.2,48.35
2026-07-10 23:08,93.1,48.47
2026-07-10 23:09,93.1,48.39
2026-07-10 23:10,93.1,48.35
2026-07-10 23:11,93.0,48.38
2026-07-10 23:12,93.0,48.48
2026-07-10 23:13,93.0,48.44
2026-07-10 23:14,93.0,48.44
2026-07-10 23:15,92.9,48.43
2026-07-10 23:16,92.9,48.44
2026-07-10 23:17,92.9,48.53
2026-07-10 23:18,92.8,48.61
2026-07-10 23:19,92.8,48.61
2026-07-10 23:20,92.8,48.5
2026-07-10 23:21,92.7,48.45
2026-07-10 23:22,92.7,48.44
2026-07-10 23:23,92.7,48.49
2026-07-10 23:24,92.7,48.59
2026-07-10 23:25,92.6,48.68
2026-07-10 23:26,92.6,48.6
2026-07-10 23:27,92.6,48.57
2026-07-10 23:28,92.6,48.7
2026-07-10 23:29,92.5,48.72
2026-07-10 23:30,92.5,48.61
2026-07-10 23:31,92.5,48.66
2026-07-10 23:32,92.5,48.65
2026-07-10 23:33,92.4,48.66
2026-07-10 23:34,92.4,48.61
2026-07-10 23:35,92.4,48.63
2026-07-10 23:36,92.3,48.66
2026-07-10 23:37,92.3,48.72
2026-07-10 23:38,92.3,48.79
2026-07-10 23:39,92.3,48.75
2026-07-10 23:40,92.2,48.76
2026-07-10 23:41,92.2,48.75
2026-07-10 23:42,92.2,48.73
2026-07-10 23:43,92.2,48.91
2026-07-10 23:44,92.1,48.83
2026-07-10 23:45,92.1,48.92
2026-07-10 23:46,92.1,48.99
2026-07-10 23:47,92.1,48.99
2026-07-10 23:48,92.0,48.91
2026-07-10 23:49,92.0,48.94
2026-07-10 23:50,92.0,49.02
2026-07-10 23:51,92.0,49.08
2026-07-10 23:52,91.9,49.18
2026-07-10 23:53,91.9,49.08
2026-07-10 23:54,91.9,49.14
2026-07-10 23:55,91.9,49.34
2026-07-10 23:56,91.8,49.43
2026-07-10 23:57,91.8,49.26
2026-07-10 23:58,91.8,49.4
2026-07-10 23:59,91.8,49.39
2026-07-11 00:00,91.7,49.37
2026-07-11 00:01,91.7,49.44
2026-07-11 00:02,91.7,49.58
2026-07-11 00:03,91.7,49.6
2026-07-11 00:04,91.6,49.53
2026-07-11 00:05,91.6,49.64
2026-07-11 00:06,91.6,49.72
2026-07-11 00:07,91.6,49.63
2026-07-11 00:08,91.5,49.62
2026-07-11 00:09,91.5,49.8
2026-07-11 00:10,91.5,49.86
2026-07-11 00:11,91.5,49.81
2026-07-11 00:12,91.5,49.88
2026-07-11 00:13,91.4,49.97
2026-07-11 00:14,91.4,49.89
2026-07-11 00:15,91.4,49.82
2026-07-11 00:16,91.4,49.96
2026-07-11 00:17,91.3,49.95
2026-07-11 00:18,91.3,50.0
2026-07-11 00:19,91.3,49.92
2026-07-11 00:20,91.3,49.98
2026-07-11 00:21,91.2,49.81
2026-07-11 00:22,91.2,49.91
2026-07-11 00:23,91.2,50.08
2026-07-11 00:24,91.2,50.0
2026-07-11 00:25,91.1,49.97
2026-07-11 00:26,91.1,50.08
2026-07-11 00:27,91.1,50.28
2026-07-11 00:28,91.1,50.1
2026-07-11 00:29,91.1,50.12
2026-07-11 00:30,91.0,50.48
2026-07-11 00:31,91.0,50.21
2026-07-11 00:32,91.0,50.23
2026-07-11 00:33,91.0,50.19
2026-07-11 00:34,91.0,50.26
2026-07-11 00:35,90.9,50.13
2026-07-11 00:36,90.9,50.13
2026-07-11 00:37,90.9,50.07
2026-07-11 00:38,90.9,50.13
2026-07-11 00:39,90.8,50.28
2026-07-11 00:40,90.8,50.47
2026-07-11 00:41,90.8,50.35
2026-07-11 00:42,90.8,50.4
2026-07-11 00:43,90.8,50.38
2026-07-11 00:44,90.7,50.3
2026-07-11 00:45,90.7,50.58
2026-07-11 00:46,90.7,50.49
2026-07-11 00:47,90.7,50.49
2026-07-11 00:48,90.7,50.54
2026-07-11 00:49,90.6,50.53
2026-07-11 00:50,90.6,50.75
2026-07-11 00:51,90.6,50.58
2026-07-11 00:52,90.6,50.67
2026-07-11 00:53,90.6,50.73
2026-07-11 00:54,90.5,50.67
2026-07-11 00:55,90.5,50.7
2026-07-11 00:56,90.5,50.58
2026-07-11 00:57,90.5,50.63
2026-07-11 00:58,90.4,50.84
2026-07-11 00:59,90.4,50.8
2026-07-11 01:00,90.4,50.74
2026-07-11 01:01,90.4,50.72
2026-07-11 01:02,90.4,50.72
2026-07-11 01:03,90.3,50.82
2026-07-11 01:04,90.3,50.74
2026-07-11 01:05,90.3,50.85
2026-07-11 01:06,90.3,50.95
2026-07-11 01:07,90.2,50.73
2026-07-11 01:08,90.2,50.82
2026-07-11 01:09,90.2,50.69
2026-07-11 01:10,90.2,51.07
2026-07-11 01:11,90.2,51.02
2026-07-11 01:12,90.2,51.08
2026-07-11 01:13,90.1,50.93
2026-07-11 01:14,90.1,50.95
2026-07-11 01:15,90.1,50.87
2026-07-11 01:16,90.1,51.04
2026-07-11 01:17,90.1,51.17
2026-07-11 01:18,90.0,51.4
2026-07-11 01:19,90.0,51.16
2026-07-11 01:20,90.0,51.24
2026-07-11 01:21,90.0,51.25
2026-07-11 01:22,90.0,51.01
2026-07-11 01:23,90.0,51.2
2026-07-11 01:24,89.9,51.03
2026-07-11 01:25,89.9,51.12
2026-07-11 01:26,89.9,50.97
2026-07-11 01:27,89.9,50.92
2026-07-11 01:28,89.9,50.98
2026-07-11 01:29,89.8,51.04
2026-07-11 01:30,89.8,51.26
2026-07-11 01:31,89.8,51.23
2026-07-11 01:32,89.8,51.12
2026-07-11 01:33,89.8,51.07
2026-07-11 01:34,89.8,51.04
2026-07-11 01:35,89.7,51.17
2026-07-11 01:36,89.7,51.08
2026-07-11 01:37,89.7,50.95
2026-07-11 01:38,89.7,51.07
2026-07-11 01:39,89.7,51.16
2026-07-11 01:40,89.7,51.19
2026-07-11 01:41,89.6,51.08
2026-07-11 01:42,89.6,51.1
2026-07-11 01:43,89.6,51.16
2026-07-11 01:44,89.6,51.2
2026-07-11 01:45,89.6,51.2
2026-07-11 01:46,89.5,51.16
2026-07-11 01:47,89.5,51.09
2026-07-11 01:48,89.5,51.02
2026-07-11 01:49,89.5,51.09
2026-07-11 01:50,89.5,51.09
2026-07-11 01:51,89.5,51.07
2026-07-11 01:52,89.4,51.27
2026-07-11 01:53,89.4,51.33
2026-07-11 01:54,89.4,51.27
2026-07-11 01:55,89.4,51.18
2026-07-11 01:56,89.4,51.14
2026-07-11 01:57,89.4,51.34
2026-07-11 01:58,89.4,51.39
2026-07-11 01:59,89.3,51.38
2026-07-11 02:00,89.3,51.33
2026-07-11 02:01,89.3,51.26
2026-07-11 02:02,89.3,51.12
2026-07-11 02:03,89.3,51.13
2026-07-11 02:04,89.3,51.24
2026-07-11 02:05,89.2,51.21
2026-07-11 02:06,89.2,51.23
2026-07-11 02:07,89.2,51.36
2026-07-11 02:08,89.2,51.3
2026-07-11 02:09,89.2,51.29
2026-07-11 02:10,89.2,51.33
2026-07-11 02:11,89.1,51.19
2026-07-11 02:12,89.1,51.22
2026-07-11 02:13,89.1,51.38
2026-07-11 02:14,89.1,51.26
2026-07-11 02:15,89.1,51.37
2026-07-11 02:16,89.1,51.37
2026-07-11 02:17,89.1,51.36
2026-07-11 02:18,89.1,51.27
2026-07-11 02:19,89.0,51.27
2026-07-11 02:20,89.0,51.27
2026-07-11 02:21,89.0,51.24
2026-07-11 02:22,89.0,51.26
2026-07-11 02:23,89.0,51.31
2026-07-11 02:24,89.0,51.41
2026-07-11 02:25,89.0,51.26
2026-07-11 02:26,88.9,51.36
2026-07-11 02:27,88.9,51.43
2026-07-11 02:28,88.9,51.31
2026-07-11 02:29,88.9,51.45
2026-07-11 02:30,88.9,51.42
2026-07-11 02:31,88.9,51.43
2026-07-11 02:32,88.9,51.82
2026-07-11 02:33,88.8,51.86
2026-07-11 02:34,88.8,52.06
2026-07-11 02:35,88.8,51.98
2026-07-11 02:36,88.8,51.97
2026-07-11 02:37,88.8,52.21
2026-07-11 02:38,88.8,52.41
2026-07-11 02:39,88.7,52.39
2026-07-11 02:40,88.7,52.4
2026-07-11 02:41,88.7,52.1
2026-07-11 02:42,88.7,51.98
2026-07-11 02:43,88.7,51.85
2026-07-11 02:44,88.6,51.79
2026-07-11 02:45,88.6,51.71
2026-07-11 02:46,88.6,51.65
2026-07-11 02:47,88.6,51.61
2026-07-11 02:48,88.6,51.64
2026-07-11 02:49,88.6,51.66
2026-07-11 02:50,88.6,51.57
2026-07-11 02:51,88.6,51.65
2026-07-11 02:52,88.6,51.63
2026-07-11 02:53,88.6,51.78
2026-07-11 02:54,88.5,51.7
2026-07-11 02:55,88.5,51.66
2026-07-11 02:56,88.5,52.18
2026-07-11 02:57,88.5,52.54
2026-07-11 02:58,88.5,52.33
2026-07-11 02:59,88.5,51.97
2026-07-11 03:00,88.4,51.83
2026-07-11 03:01,88.4,51.8
2026-07-11 03:02,88.4,51.93
2026-07-11 03:03,88.4,51.88
2026-07-11 03:04,88.4,51.78
2026-07-11 03:05,88.4,51.99
2026-07-11 03:06,88.4,52.1
2026-07-11 03:07,88.4,52.14
2026-07-11 03:08,88.4,52.23
2026-07-11 03:09,88.3,52.17
2026-07-11 03:10,88.3,52.18
2026-07-11 03:11,88.3,52.18
2026-07-11 03:12,88.3,52.2
2026-07-11 03:13,88.3,52.32
2026-07-11 03:14,88.3,52.19
2026-07-11 03:15,88.3,52.69
2026-07-11 03:16,88.2,52.29
2026-07-11 03:17,88.2,52.07
2026-07-11 03:18,88.2,52.36
2026-07-11 03:19,88.2,52.23
2026-07-11 03:20,88.2,52.16
2026-07-11 03:21,88.2,51.99
2026-07-11 03:22,88.2,51.9
2026-07-11 03:23,88.2,52.02
2026-07-11 03:24,88.1,51.95
2026-07-11 03:25,88.1,51.92
2026-07-11 03:26,88.1,51.91
2026-07-11 03:27,88.1,52.03
2026-07-11 03:28,88.1,52.07
2026-07-11 03:29,88.1,52.16
2026-07-11 03:30,88.1,51.97
2026-07-11 03:31,88.1,51.94
2026-07-11 03:32,88.1,51.92
2026-07-11 03:33,88.0,51.87
2026-07-11 03:34,88.0,51.86
2026-07-11 03:35,88.0,51.9
2026-07-11 03:36,88.0,51.89
2026-07-11 03:37,88.0,51.84
2026-07-11 03:38,88.0,51.87
2026-07-11 03:39,88.0,51.83
2026-07-11 03:40,88.0,51.88
2026-07-11 03:41,88.0,52.01
2026-07-11 03:42,88.0,51.93
2026-07-11 03:43,88.0,52.01
2026-07-11 03:44,87.9,52.02
2026-07-11 03:45,87.9,52.03
2026-07-11 03:46,87.9,52.11
2026-07-11 03:47,87.9,52.05
2026-07-11 03:48,87.9,51.95
2026-07-11 03:49,87.9,52.0
2026-07-11 03:50,87.8,52.04
2026-07-11 03:51,87.8,52.05
2026-07-11 03:52,87.8,51.98
2026-07-11 03:53,87.8,52.11
2026-07-11 03:54,87.8,52.41
2026-07-11 03:55,87.7,52.5
2026-07-11 03:56,87.7,52.4
2026-07-11 03:57,87.7,52.38
2026-07-11 03:58,87.7,52.31
2026-07-11 03:59,87.6,52.38
2026-07-11 04:00,87.6,52.45
2026-07-11 04:01,87.6,52.32
2026-07-11 04:02,87.6,52.22
2026-07-11 04:03,87.6,52.16
2026-07-11 04:04,87.5,52.16
2026-07-11 04:05,87.5,52.3
2026-07-11 04:06,87.5,52.26
2026-07-11 04:07,87.5,52.25
2026-07-11 04:08,87.5,52.28
2026-07-11 04:09,87.4,52.28
2026-07-11 04:10,87.4,52.32
2026-07-11 04:11,87.4,52.23
2026-07-11 04:12,87.4,52.3
2026-07-11 04:13,87.4,52.23
2026-07-11 04:14,87.4,52.27
2026-07-11 04:15,87.3,52.2
2026-07-11 04:16,87.3,52.41
2026-07-11 04:17,87.3,52.32
2026-07-11 04:18,87.3,52.34
2026-07-11 04:19,87.3,52.41
2026-07-11 04:20,87.3,52.62
2026-07-11 04:21,87.3,52.44
2026-07-11 04:22,87.3,52.51
2026-07-11 04:23,87.3,52.44
2026-07-11 04:24,87.3,52.32
2026-07-11 04:25,87.3,52.3
2026-07-11 04:26,87.3,52.32
2026-07-11 04:27,87.3,52.36
2026-07-11 04:28,87.3,52.33
2026-07-11 04:29,87.3,52.32
2026-07-11 04:30,87.3,52.32
2026-07-11 04:31,87.3,52.37
2026-07-11 04:32,87.3,52.29
2026-07-11 04:33,87.3,52.32
2026-07-11 04:34,87.3,52.33
2026-07-11 04:35,87.3,52.43
2026-07-11 04:36,87.3,52.3
2026-07-11 04:37,87.3,52.42
2026-07-11 04:38,87.3,52.31
2026-07-11 04:39,87.3,52.29
2026-07-11 04:40,87.3,52.23
2026-07-11 04:41,87.3,52.38
2026-07-11 04:42,87.3,52.4
2026-07-11 04:43,87.3,52.23
2026-07-11 04:44,87.3,52.35
2026-07-11 04:45,87.3,52.27
2026-07-11 04:46,87.3,52.32
2026-07-11 04:47,87.2,52.26
2026-07-11 04:48,87.2,52.32
2026-07-11 04:49,87.2,52.26
2026-07-11 04:50,87.2,52.26
2026-07-11 04:51,87.2,52.28
2026-07-11 04:52,87.2,52.22
2026-07-11 04:53,87.2,52.35
2026-07-11 04:54,87.2,52.3
2026-07-11 04:55,87.2,52.35
2026-07-11 04:56,87.2,52.29
2026-07-11 04:57,87.2,52.19
2026-07-11 04:58,87.2,52.29
2026-07-11 04:59,87.2,52.37
2026-07-11 05:00,87.2,52.3
2026-07-11 05:01,87.1,52.37
2026-07-11 05:02,87.1,52.34
2026-07-11 05:03,87.1,52.35
2026-07-11 05:04,87.1,52.33
2026-07-11 05:05,87.1,52.28
2026-07-11 05:06,87.1,52.33
2026-07-11 05:07,87.1,52.31
2026-07-11 05:08,87.1,52.32
2026-07-11 05:09,87.1,52.39
2026-07-11 05:10,87.1,52.37
2026-07-11 05:11,87.1,52.31
2026-07-11 05:12,87.0,52.37
2026-07-11 05:13,87.0,52.36
2026-07-11 05:14,87.0,52.45
2026-07-11 05:15,87.0,52.44
2026-07-11 05:16,87.0,52.4
2026-07-11 05:17,87.0,52.47
2026-07-11 05:18,87.0,52.4
2026-07-11 05:19,87.0,52.34
2026-07-11 05:20,87.0,52.4
2026-07-11 05:21,87.0,52.39
2026-07-11 05:22,87.0,52.44
2026-07-11 05:23,86.9,52.44
2026-07-11 05:24,86.9,52.35
2026-07-11 05:25,86.9,52.39
2026-07-11 05:26,86.9,52.52
2026-07-11 05:27,86.9,52.42
2026-07-11 05:28,86.9,52.45
2026-07-11 05:29,86.9,52.47
2026-07-11 05:30,86.9,52.43
2026-07-11 05:31,86.9,52.44
2026-07-11 05:32,86.9,52.41
2026-07-11 05:33,86.9,52.46
2026-07-11 05:34,86.8,52.46
2026-07-11 05:35,86.8,52.53
2026-07-11 05:36,86.8,52.51
2026-07-11 05:37,86.8,52.53
2026-07-11 05:38,86.8,52.44
2026-07-11 05:39,86.8,52.47
2026-07-11 05:40,86.8,52.6
2026-07-11 05:41,86.8,52.46
2026-07-11 05:42,86.8,52.48
2026-07-11 05:43,86.8,52.45
2026-07-11 05:44,86.7,52.51
2026-07-11 05:45,86.7,52.49
2026-07-11 05:46,86.7,52.54
2026-07-11 05:47,86.7,52.54
2026-07-11 05:48,86.7,52.57
2026-07-11 05:49,86.7,52.56
2026-07-11 05:50,86.7,52.54
2026-07-11 05:51,86.7,52.51
2026-07-11 05:52,86.7,52.61
2026-07-11 05:53,86.7,52.73
2026-07-11 05:54,86.6,52.61
2026-07-11 05:55,86.6,52.5
2026-07-11 05:56,86.6,52.51
2026-07-11 05:57,86.6,52.48
2026-07-11 05:58,86.6,52.57
2026-07-11 05:59,86.6,52.51
2026-07-11 06:00,86.6,52.53
2026-07-11 06:01,86.6,52.63
2026-07-11 06:02,86.6,52.67
2026-07-11 06:03,86.6,52.6
2026-07-11 06:04,86.6,52.6
2026-07-11 06:05,86.6,52.62
2026-07-11 06:06,86.5,52.59
2026-07-11 06:07,86.5,52.51
2026-07-11 06:08,86.5,52.65
2026-07-11 06:09,86.5,52.62
2026-07-11 06:10,86.5,52.55
2026-07-11 06:11,86.5,52.68
2026-07-11 06:12,86.5,52.7
2026-07-11 06:13,86.5,52.64
2026-07-11 06:14,86.5,52.66
2026-07-11 06:15,86.5,52.63
2026-07-11 06:16,86.5,52.53
2026-07-11 06:17,86.5,52.67
2026-07-11 06:18,86.4,52.73
2026-07-11 06:19,86.4,52.65
2026-07-11 06:20,86.4,52.58
2026-07-11 06:21,86.4,52.59
2026-07-11 06:22,86.4,52.53
2026-07-11 06:23,86.4,52.53
2026-07-11 06:24,86.4,52.55
2026-07-11 06:25,86.4,52.66
2026-07-11 06:26,86.4,52.67
2026-07-11 06:27,86.4,52.67
2026-07-11 06:28,86.4,52.64
2026-07-11 06:29,86.3,52.68
2026-07-11 06:30,86.3,52.82
2026-07-11 06:31,86.3,52.78
2026-07-11 06:32,86.3,52.69
2026-07-11 06:33,86.3,52.56
2026-07-11 06:34,86.3,52.83
2026-07-11 06:35,86.3,52.75
2026-07-11 06:36,86.3,52.77
2026-07-11 06:37,86.3,52.8
2026-07-11 06:38,86.3,52.83
2026-07-11 06:39,86.3,52.84
2026-07-11 06:40,86.2,52.86
2026-07-11 06:41,86.2,53.02
2026-07-11 06:42,86.2,53.0
2026-07-11 06:43,86.2,53.12
2026-07-11 06:44,86.2,52.91
2026-07-11 06:45,86.2,52.92
2026-07-11 06:46,86.2,52.9
2026-07-11 06:47,86.2,53.01
2026-07-11 06:48,86.2,52.89
2026-07-11 06:49,86.2,52.89
2026-07-11 06:50,86.2,53.05
2026-07-11 06:51,86.2,52.97
2026-07-11 06:52,86.1,52.88
2026-07-11 06:53,86.1,52.87
2026-07-11 06:54,86.1,52.95
2026-07-11 06:55,86.1,52.99
2026-07-11 06:56,86.1,53.05
2026-07-11 06:57,86.1,53.01
2026-07-11 06:58,86.1,52.92
2026-07-11 06:59,86.1,52.86
2026-07-11 07:00,86.1,52.9
2026-07-11 07:01,86.1,52.88
2026-07-11 07:02,86.1,52.99
2026-07-11 07:03,86.1,53.06
2026-07-11 07:04,86.1,52.91
2026-07-11 07:05,86.1,52.92
2026-07-11 07:06,86.1,52.93
2026-07-11 07:07,86.0,52.99
2026-07-11 07:08,86.0,52.98
2026-07-11 07:09,86.0,53.0
2026-07-11 07:10,86.0,53.09
2026-07-11 07:11,86.0,53.1
2026-07-11 07:12,86.0,53.04
2026-07-11 07:13,86.0,53.07
2026-07-11 07:14,86.0,53.01
2026-07-11 07:15,86.0,53.0
2026-07-11 07:16,86.0,52.97
2026-07-11 07:17,86.0,52.98
2026-07-11 07:18,86.0,53.13
2026-07-11 07:19,86.0,53.11
2026-07-11 07:20,86.0,53.03
2026-07-11 07:21,86.0,53.11
2026-07-11 07:22,86.0,53.09
2026-07-11 07:23,86.0,53.29
2026-07-11 07:24,86.0,53.09
2026-07-11 07:25,86.0,53.08
2026-07-11 07:26,86.0,53.15
2026-07-11 07:27,86.0,53.09
2026-07-11 07:28,86.0,53.01
2026-07-11 07:29,85.9,53.1
2026-07-11 07:30,85.9,53.13
2026-07-11 07:31,85.9,53.01
2026-07-11 07:32,85.9,52.93
2026-07-11 07:33,85.9,52.96
2026-07-11 07:34,85.9,52.98
2026-07-11 07:35,85.9,52.97
2026-07-11 07:36,85.9,52.93
2026-07-11 07:37,85.9,52.88
2026-07-11 07:38,85.9,52.95
2026-07-11 07:39,85.9,52.9
2026-07-11 07:40,85.9,52.88
2026-07-11 07:41,85.9,52.85
2026-07-11 07:42,85.9,52.83
2026-07-11 07:43,85.9,52.77
2026-07-11 07:44,85.9,52.74
2026-07-11 07:45,85.9,52.71
2026-07-11 07:46,85.9,52.75
2026-07-11 07:47,85.9,52.72
2026-07-11 07:48,85.9,52.68
2026-07-11 07:49,85.9,52.67
2026-07-11 07:50,85.9,52.66
2026-07-11 07:51,85.9,52.67
2026-07-11 07:52,85.9,52.6
2026-07-11 07:53,85.9,52.82
2026-07-11 07:54,85.9,52.64
2026-07-11 07:55,85.9,52.74
2026-07-11 07:56,86.0,52.7
2026-07-11 07:57,86.0,52.69
2026-07-11 07:58,86.0,52.59
2026-07-11 07:59,86.0,52.53
2026-07-11 08:00,86.0,52.6
2026-07-11 08:01,86.0,52.55
2026-07-11 08:02,86.0,52.65
2026-07-11 08:03,86.0,52.64
2026-07-11 08:04,86.0,52.65
2026-07-11 08:05,86.0,52.53
2026-07-11 08:06,86.0,52.51
2026-07-11 08:07,86.1,52.52
2026-07-11 08:08,86.1,52.46
2026-07-11 08:09,86.1,52.43
2026-07-11 08:10,86.1,52.44
2026-07-11 08:11,86.1,52.43
2026-07-11 08:12,86.1,52.43
2026-07-11 08:13,86.2,52.47
2026-07-11 08:14,86.2,52.43
2026-07-11 08:15,86.2,52.45
2026-07-11 08:16,86.2,52.46
2026-07-11 08:17,86.2,52.49
2026-07-11 08:18,86.3,52.47
2026-07-11 08:19,86.3,52.47
2026-07-11 08:20,86.3,52.46
2026-07-11 08:21,86.3,52.46
2026-07-11 08:22,86.4,52.47
2026-07-11 08:23,86.4,52.41
2026-07-11 08:24,86.4,52.53
2026-07-11 08:25,86.5,52.67
2026-07-11 08:26,86.5,52.72
2026-07-11 08:27,86.5,52.56
2026-07-11 08:28,86.5,52.62
2026-07-11 08:29,86.6,52.76
2026-07-11 08:30,86.6,52.65
2026-07-11 08:31,86.6,52.8
2026-07-11 08:32,86.7,52.7
2026-07-11 08:33,86.7,52.59
2026-07-11 08:34,86.8,52.52
2026-07-11 08:35,86.8,52.54
2026-07-11 08:36,86.8,52.5
2026-07-11 08:37,86.9,52.54
2026-07-11 08:38,86.9,52.56
2026-07-11 08:39,86.9,52.82
2026-07-11 08:40,87.0,52.67
2026-07-11 08:41,87.0,52.84
2026-07-11 08:42,87.1,52.87
2026-07-11 08:43,87.1,53.4
2026-07-11 08:44,87.1,53.26
2026-07-11 08:45,87.2,53.36
2026-07-11 08:46,87.2,53.26
2026-07-11 08:47,87.2,53.5
2026-07-11 08:48,87.3,53.44
2026-07-11 08:49,87.3,53.03
2026-07-11 08:50,87.4,53.35
2026-07-11 08:51,87.4,54.16
2026-07-11 08:52,87.5,54.19
2026-07-11 08:53,87.5,54.22
2026-07-11 08:54,87.6,53.75
2026-07-11 08:55,87.6,53.97
2026-07-11 08:56,87.6,54.12
2026-07-11 08:57,87.6,54.52
2026-07-11 08:58,87.6,54.22
2026-07-11 08:59,87.6,54.35
2026-07-11 09:00,87.6,54.55
2026-07-11 09:01,87.5,54.88
2026-07-11 09:02,87.4,54.95
2026-07-11 09:03,87.3,54.75
2026-07-11 09:04,87.3,55.12
2026-07-11 09:05,87.2,55.1
2026-07-11 09:06,87.1,55.0
2026-07-11 09:07,87.1,55.12
2026-07-11 09:08,87.0,55.1
2026-07-11 09:09,87.0,55.07
2026-07-11 09:10,87.0,54.96
2026-07-11 09:11,87.0,55.03
2026-07-11 09:12,87.0,55.05
2026-07-11 09:13,87.0,54.87
2026-07-11 09:14,87.0,54.87
2026-07-11 09:15,87.0,54.83
2026-07-11 09:16,87.1,54.79
2026-07-11 09:17,87.1,54.84
2026-07-11 09:18,87.1,54.98
2026-07-11 09:19,87.1,54.7
2026-07-11 09:20,87.1,54.63
2026-07-11 09:21,87.1,54.7
2026-07-11 09:22,87.1,54.67
2026-07-11 09:23,87.1,54.71
2026-07-11 09:24,87.1,54.76
2026-07-11 09:25,87.1,54.71
2026-07-11 09:26,87.1,55.06
2026-07-11 09:27,87.1,54.84
2026-07-11 09:28,87.1,54.78
2026-07-11 09:29,87.1,55.64
2026-07-11 09:30,87.1,55.49
2026-07-11 09:31,87.1,55.49
2026-07-11 09:32,87.0,55.52
2026-07-11 09:33,87.0,55.53
2026-07-11 09:34,86.9,55.54
2026-07-11 09:35,86.9,55.4
2026-07-11 09:36,86.9,55.51
2026-07-11 09:37,86.9,55.8
2026-07-11 09:38,86.9,55.96
2026-07-11 09:39,86.9,56.02
2026-07-11 09:40,86.8,56.11
2026-07-11 09:41,86.8,55.94
2026-07-11 09:42,86.7,55.79
2026-07-11 09:43,86.7,55.98
2026-07-11 09:44,86.7,56.15
2026-07-11 09:45,86.7,56.06
2026-07-11 09:46,86.7,55.93
2026-07-11 09:47,86.7,55.93
2026-07-11 09:48,86.7,56.42
2026-07-11 09:49,86.6,56.48
2026-07-11 09:50,86.6,56.07
2026-07-11 09:51,86.6,56.06
2026-07-11 09:52,86.6,55.96
2026-07-11 09:53,86.6,56.28
2026-07-11 09:54,86.6,56.29
2026-07-11 09:55,86.6,56.11
2026-07-11 09:56,86.6,55.95
2026-07-11 09:57,86.6,55.88
2026-07-11 09:58,86.6,56.41
2026-07-11 09:59,86.6,56.44
2026-07-11 10:00,86.6,56.19
2026-07-11 10:01,86.6,56.24
2026-07-11 10:02,86.6,56.37
2026-07-11 10:03,86.6,56.76
2026-07-11 10:04,86.5,56.54
2026-07-11 10:05,86.5,56.72
2026-07-11 10:06,86.5,56.83
2026-07-11 10:07,86.5,56.57
2026-07-11 10:08,86.5,56.6
2026-07-11 10:09,86.5,56.98
2026-07-11 10:10,86.5,56.8
2026-07-11 10:11,86.5,56.48
2026-07-11 10:12,86.5,56.49
2026-07-11 10:13,86.5,56.55
2026-07-11 10:14,86.5,56.42
2026-07-11 10:15,86.5,56.81
2026-07-11 10:16,86.5,56.65
2026-07-11 10:17,86.5,56.6
2026-07-11 10:18,86.5,56.65
2026-07-11 10:19,86.6,56.96
2026-07-11 10:20,86.6,56.84
2026-07-11 10:21,86.6,57.19
2026-07-11 10:22,86.5,56.67
2026-07-11 10:23,86.6,56.78
2026-07-11 10:24,86.6,56.88
2026-07-11 10:25,86.6,56.73
2026-07-11 10:26,86.6,56.73
2026-07-11 10:27,86.6,56.77
2026-07-11 10:28,86.6,56.87
2026-07-11 10:29,86.7,56.71
2026-07-11 10:30,86.7,56.83
2026-07-11 10:31,86.7,56.85
2026-07-11 10:32,86.7,56.95
2026-07-11 10:33,86.7,56.86
2026-07-11 10:34,86.7,56.89
2026-07-11 10:35,86.8,56.72
2026-07-11 10:36,86.8,56.66
2026-07-11 10:37,86.8,56.59
2026-07-11 10:38,86.8,56.75
2026-07-11 10:39,86.9,56.78
2026-07-11 10:40,86.9,56.44
2026-07-11 10:41,86.9,56.77
2026-07-11 10:42,87.0,56.73
2026-07-11 10:43,87.0,56.68
2026-07-11 10:44,87.0,56.74
2026-07-11 10:45,87.0,56.52
2026-07-11 10:46,87.1,56.78
2026-07-11 10:47,87.1,56.51
2026-07-11 10:48,87.1,56.42
2026-07-11 10:49,87.1,56.66
2026-07-11 10:50,87.2,56.65
2026-07-11 10:51,87.2,56.66
2026-07-11 10:52,87.2,56.73
2026-07-11 10:53,87.3,56.55
2026-07-11 10:54,87.3,56.68
2026-07-11 10:55,87.3,56.82
2026-07-11 10:56,87.3,56.65
2026-07-11 10:57,87.4,56.75
2026-07-11 10:58,87.4,56.67
2026-07-11 10:59,87.4,56.69
2026-07-11 11:00,87.4,56.51
2026-07-11 11:01,87.4,56.6
2026-07-11 11:02,87.5,56.73
2026-07-11 11:03,87.5,56.84
2026-07-11 11:04,87.5,56.77
2026-07-11 11:05,87.6,56.83
2026-07-11 11:06,87.6,56.88
2026-07-11 11:07,87.6,56.98
2026-07-11 11:08,87.7,57.06
2026-07-11 11:09,87.7,57.04
2026-07-11 11:10,87.7,56.96
2026-07-11 11:11,87.7,56.91
2026-07-11 11:12,87.8,57.21
2026-07-11 11:13,87.8,57.21
2026-07-11 11:14,87.8,57.15
2026-07-11 11:15,87.9,57.05
2026-07-11 11:16,87.9,57.11
2026-07-11 11:17,87.9,57.17
2026-07-11 11:18,87.9,57.24
2026-07-11 11:19,87.9,57.06
2026-07-11 11:20,88.0,57.07
2026-07-11 11:21,88.0,57.04
2026-07-11 11:22,88.0,56.87
2026-07-11 11:23,88.1,57.08
2026-07-11 11:24,88.1,57.13
2026-07-11 11:25,88.1,56.59
2026-07-11 11:26,88.2,56.69
2026-07-11 11:27,88.2,56.85
2026-07-11 11:28,88.3,56.81
2026-07-11 11:29,88.3,56.73
2026-07-11 11:30,88.4,56.9
2026-07-11 11:31,88.4,56.86
2026-07-11 11:32,88.4,56.72
2026-07-11 11:33,88.4,56.47
2026-07-11 11:34,88.5,56.48
2026-07-11 11:35,88.5,56.4
2026-07-11 11:36,88.5,56.61
2026-07-11 11:37,88.6,56.56
2026-07-11 11:38,88.6,56.61
2026-07-11 11:39,88.6,56.7
2026-07-11 11:40,88.7,56.57
2026-07-11 11:41,88.7,56.67
2026-07-11 11:42,88.7,56.57
2026-07-11 11:43,88.7,56.59
2026-07-11 11:44,88.7,56.46
2026-07-11 11:45,88.8,56.67
2026-07-11 11:46,88.8,56.51
2026-07-11 11:47,88.8,56.36
2026-07-11 11:48,88.8,56.49
2026-07-11 11:49,88.8,56.47
2026-07-11 11:50,88.9,56.43
2026-07-11 11:51,88.9,56.48
2026-07-11 11:52,88.9,56.37
2026-07-11 11:53,89.0,56.22
2026-07-11 11:54,89.0,56.34
2026-07-11 11:55,89.0,56.45
2026-07-11 11:56,89.0,56.28
2026-07-11 11:57,89.1,56.22
2026-07-11 11:58,89.1,56.43
2026-07-11 11:59,89.1,56.39
2026-07-11 12:00,89.2,56.31
2026-07-11 12:01,89.2,56.34
2026-07-11 12:02,89.2,56.32
2026-07-11 12:03,89.3,56.32
2026-07-11 12:04,89.3,56.26
2026-07-11 12:05,89.3,56.17
2026-07-11 12:06,89.4,56.1
2026-07-11 12:07,89.4,55.85
2026-07-11 12:08,89.4,55.74
2026-07-11 12:09,89.5,55.79
2026-07-11 12:10,89.5,55.79
2026-07-11 12:11,89.6,55.77
2026-07-11 12:12,89.6,55.96
2026-07-11 12:13,89.6,55.96
2026-07-11 12:14,89.7,55.81
2026-07-11 12:15,89.7,55.74
2026-07-11 12:16,89.7,55.67
2026-07-11 12:17,89.8,55.78
2026-07-11 12:18,89.8,55.53
2026-07-11 12:19,89.8,55.61
2026-07-11 12:20,89.9,55.71
2026-07-11 12:21,89.9,55.7
2026-07-11 12:22,89.9,55.65
2026-07-11 12:23,90.0,55.39
2026-07-11 12:24,90.0,55.48
2026-07-11 12:25,90.1,55.59
2026-07-11 12:26,90.1,55.58
2026-07-11 12:27,90.1,55.45
2026-07-11 12:28,90.2,55.41
2026-07-11 12:29,90.2,55.72
2026-07-11 12:30,90.3,55.72
2026-07-11 12:31,90.3,55.72
2026-07-11 12:32,90.4,55.73
2026-07-11 12:33,90.4,55.59
2026-07-11 12:34,90.4,55.35
2026-07-11 12:35,90.5,55.2
2026-07-11 12:36,90.5,55.24
2026-07-11 12:37,90.6,55.22
2026-07-11 12:38,90.6,54.95
2026-07-11 12:39,90.7,55.0
2026-07-11 12:40,90.7,55.18
2026-07-11 12:41,90.8,55.14
2026-07-11 12:42,90.8,55.12
2026-07-11 12:43,90.9,55.24
2026-07-11 12:44,90.9,55.07
2026-07-11 12:45,91.0,55.22
2026-07-11 12:46,91.0,55.41
2026-07-11 12:47,91.1,55.3
2026-07-11 12:48,91.1,55.24
2026-07-11 12:49,91.2,55.06
2026-07-11 12:50,91.3,55.15
2026-07-11 12:51,91.3,55.04
2026-07-11 12:52,91.4,54.92
2026-07-11 12:53,91.4,54.9
2026-07-11 12:54,91.5,54.93
2026-07-11 12:55,91.5,54.93
2026-07-11 12:56,91.6,54.78
2026-07-11 12:57,91.6,54.64
2026-07-11 12:58,91.7,54.75
2026-07-11 12:59,91.7,54.81
2026-07-11 13:00,91.8,54.7
2026-07-11 13:01,91.8,54.63
2026-07-11 13:02,91.9,54.67
2026-07-11 13:03,91.9,54.39
2026-07-11 13:04,92.0,54.52
2026-07-11 13:05,92.0,54.47
2026-07-11 13:06,92.0,54.46
2026-07-11 13:07,92.1,54.56
2026-07-11 13:08,92.1,54.6
2026-07-11 13:09,92.2,54.65
2026-07-11 13:10,92.2,54.65
2026-07-11 13:11,92.3,54.62
2026-07-11 13:12,92.3,54.62
2026-07-11 13:13,92.4,54.69
2026-07-11 13:14,92.4,54.7
2026-07-11 13:15,92.5,54.69
2026-07-11 13:16,92.5,54.56
2026-07-11 13:17,92.6,54.52
2026-07-11 13:18,92.6,54.55
2026-07-11 13:19,92.7,54.48
2026-07-11 13:20,92.7,54.25
2026-07-11 13:21,92.8,54.29
2026-07-11 13:22,92.8,54.36
2026-07-11 13:23,92.9,54.34
2026-07-11 13:24,92.9,54.35
2026-07-11 13:25,93.0,54.33
2026-07-11 13:26,93.0,54.04
2026-07-11 13:27,93.1,54.03
2026-07-11 13:28,93.1,54.09
2026-07-11 13:29,93.2,54.04
2026-07-11 13:30,93.2,54.13
2026-07-11 13:31,93.3,54.19
2026-07-11 13:32,93.3,54.15
2026-07-11 13:33,93.4,54.09
2026-07-11 13:34,93.4,54.02
2026-07-11 13:35,93.5,53.99
2026-07-11 13:36,93.5,53.98
2026-07-11 13:37,93.6,53.95
2026-07-11 13:38,93.7,53.97
2026-07-11 13:39,93.7,53.98
2026-07-11 13:40,93.8,53.98
2026-07-11 13:41,93.8,53.96
2026-07-11 13:42,93.9,53.91
2026-07-11 13:43,93.9,53.84
2026-07-11 13:44,94.0,53.7
2026-07-11 13:45,94.0,53.64
2026-07-11 13:46,94.1,53.56
2026-07-11 13:47,94.1,53.59
2026-07-11 13:48,94.2,53.52
2026-07-11 13:49,94.2,53.59
2026-07-11 13:50,94.3,53.58
2026-07-11 13:51,94.3,53.59
2026-07-11 13:52,94.3,53.58
2026-07-11 13:53,94.4,53.52
2026-07-11 13:54,94.4,53.59
2026-07-11 13:55,94.5,53.6
2026-07-11 13:56,94.5,53.57
2026-07-11 13:57,94.5,53.5
2026-07-11 13:58,94.6,53.51
2026-07-11 13:59,94.6,53.48
2026-07-11 14:00,94.7,53.43
2026-07-11 14:01,94.7,53.41
2026-07-11 14:02,94.7,53.3
2026-07-11 14:03,94.8,53.23
2026-07-11 14:04,94.8,53.19
2026-07-11 14:05,94.8,53.2
2026-07-11 14:06,94.8,53.19
2026-07-11 14:07,94.9,53.26
2026-07-11 14:08,94.9,53.25
2026-07-11 14:09,94.9,53.22
2026-07-11 14:10,94.9,53.18
2026-07-11 14:11,95.0,53.14
2026-07-11 14:12,95.0,53.1
2026-07-11 14:13,95.0,53.03
2026-07-11 14:14,95.0,53.01
2026-07-11 14:15,95.0,53.09
2026-07-11 14:16,95.0,53.04
2026-07-11 14:17,95.0,53.01
2026-07-11 14:18,95.1,52.95
2026-07-11 14:19,95.1,53.02
2026-07-11 14:20,95.1,53.02
2026-07-11 14:21,95.1,53.01
2026-07-11 14:22,95.2,52.98
2026-07-11 14:23,95.2,52.98
2026-07-11 14:24,95.2,52.96
2026-07-11 14:25,95.2,52.95
2026-07-11 14:26,95.3,52.99
2026-07-11 14:27,95.3,53.01
2026-07-11 14:28,95.3,53.01
2026-07-11 14:29,95.4,52.9
2026-07-11 14:30,95.4,52.88
2026-07-11 14:31,95.5,52.76
2026-07-11 14:32,95.5,52.66
2026-07-11 14:33,95.6,52.57
2026-07-11 14:34,95.6,52.45
2026-07-11 14:35,95.7,52.47
2026-07-11 14:36,95.7,52.46
2026-07-11 14:37,95.8,52.43
2026-07-11 14:38,95.8,52.38
2026-07-11 14:39,95.8,52.3
2026-07-11 14:40,95.9,52.26
2026-07-11 14:41,95.9,52.21
2026-07-11 14:42,96.0,52.13
2026-07-11 14:43,96.0,52.1
2026-07-11 14:44,96.0,52.07
2026-07-11 14:45,96.1,52.06
2026-07-11 14:46,96.1,52.04
2026-07-11 14:47,96.1,51.97
2026-07-11 14:48,96.2,51.92
2026-07-11 14:49,96.2,51.95
2026-07-11 14:50,96.2,51.9
2026-07-11 14:51,96.2,51.9
2026-07-11 14:52,96.3,51.88
2026-07-11 14:53,96.3,51.82
2026-07-11 14:54,96.3,51.78
2026-07-11 14:55,96.4,51.78
2026-07-11 14:56,96.4,51.75
2026-07-11 14:57,96.4,51.71
2026-07-11 14:58,96.5,51.68
2026-07-11 14:59,96.5,51.69
2026-07-11 15:00,96.5,51.68
2026-07-11 15:01,96.5,51.67
2026-07-11 15:02,96.6,51.7
2026-07-11 15:03,96.6,51.7
2026-07-11 15:04,96.6,51.72
2026-07-11 15:05,96.6,51.75
2026-07-11 15:06,96.6,51.71
2026-07-11 15:07,96.6,51.75
2026-07-11 15:08,96.6,51.78
2026-07-11 15:09,96.6,51.8
2026-07-11 15:10,96.6,51.81
2026-07-11 15:11,96.6,51.81
2026-07-11 15:12,96.6,51.85
2026-07-11 15:13,96.6,51.73
2026-07-11 15:14,96.6,51.78
2026-07-11 15:15,96.6,51.89
2026-07-11 15:16,96.6,51.91
2026-07-11 15:17,96.6,52.06
2026-07-11 15:18,96.6,51.99
2026-07-11 15:19,96.6,51.97
2026-07-11 15:20,96.6,51.95
2026-07-11 15:21,96.6,52.04
2026-07-11 15:22,96.5,52.13
2026-07-11 15:23,96.5,52.09
2026-07-11 15:24,96.5,52.08
2026-07-11 15:25,96.5,52.04
2026-07-11 15:26,96.5,52.08
2026-07-11 15:27,96.4,52.12
2026-07-11 15:28,96.4,52.18
2026-07-11 15:29,96.4,52.18
2026-07-11 15:30,96.4,52.26
2026-07-11 15:31,96.3,52.35
2026-07-11 15:32,96.3,52.39
2026-07-11 15:33,96.3,52.48
2026-07-11 15:34,96.2,52.43
2026-07-11 15:35,96.2,52.48
2026-07-11 15:36,96.2,52.54
2026-07-11 15:37,96.1,52.55
2026-07-11 15:38,96.1,52.58
2026-07-11 15:39,96.1,52.6
2026-07-11 15:40,96.0,52.65
2026-07-11 15:41,96.0,52.65
2026-07-11 15:42,96.0,52.67
2026-07-11 15:43,95.9,52.71
2026-07-11 15:44,95.9,52.73
2026-07-11 15:45,95.9,52.77
2026-07-11 15:46,95.8,52.81
2026-07-11 15:47,95.8,52.89
2026-07-11 15:48,95.7,52.95
2026-07-11 15:49,95.7,53.04
2026-07-11 15:50,95.6,53.07
2026-07-11 15:51,95.6,53.03
2026-07-11 15:52,95.5,53.05
2026-07-11 15:53,95.5,53.08
2026-07-11 15:54,95.4,53.19
2026-07-11 15:55,95.4,53.25
2026-07-11 15:56,95.3,53.25
2026-07-11 15:57,95.3,53.3
2026-07-11 15:58,95.2,53.32
2026-07-11 15:59,95.2,53.35
2026-07-11 16:00,95.1,53.41
2026-07-11 16:01,95.1,53.47
2026-07-11 16:02,95.0,53.52
2026-07-11 16:03,95.0,53.62
2026-07-11 16:04,94.9,53.67
2026-07-11 16:05,94.9,53.74
2026-07-11 16:06,94.8,53.77
2026-07-11 16:07,94.8,53.79
2026-07-11 16:08,94.7,53.84
2026-07-11 16:09,94.7,53.87
2026-07-11 16:10,94.6,53.92
2026-07-11 16:11,94.6,53.94
2026-07-11 16:12,94.5,53.97
2026-07-11 16:13,94.5,54.0
2026-07-11 16:14,94.4,54.02
2026-07-11 16:15,94.4,54.05
2026-07-11 16:16,94.4,54.08
2026-07-11 16:17,94.3,54.11
2026-07-11 16:18,94.3,54.12
2026-07-11 16:19,94.3,54.12
2026-07-11 16:20,94.2,54.14
2026-07-11 16:21,94.2,54.17
2026-07-11 16:22,94.2,54.1
2026-07-11 16:23,94.1,54.15
2026-07-11 16:24,94.1,54.19
2026-07-11 16:25,94.1,54.22
2026-07-11 16:26,94.0,54.23
2026-07-11 16:27,94.0,54.22
2026-07-11 16:28,94.0,54.23
2026-07-11 16:29,94.0,54.25
2026-07-11 16:30,93.9,54.21
2026-07-11 16:31,93.9,54.18
2026-07-11 16:32,93.9,54.22
2026-07-11 16:33,93.8,54.28
2026-07-11 16:34,93.8,54.29
2026-07-11 16:35,93.8,54.22
2026-07-11 16:36,93.8,54.22
2026-07-11 16:37,93.7,54.26
2026-07-11 16:38,93.7,54.27
2026-07-11 16:39,93.7,54.33
2026-07-11 16:40,93.6,54.25
2026-07-11 16:41,93.6,54.31
2026-07-11 16:42,93.6,54.3
2026-07-11 16:43,93.6,54.33
2026-07-11 16:44,93.5,54.35
2026-07-11 16:45,93.5,54.36
2026-07-11 16:46,93.4,54.35
2026-07-11 16:47,93.4,54.34
2026-07-11 16:48,93.4,54.35
2026-07-11 16:49,93.4,54.37
2026-07-11 16:50,93.3,54.42
2026-07-11 16:51,93.3,54.43
2026-07-11 16:52,93.3,54.38
2026-07-11 16:53,93.2,54.42
2026-07-11 16:54,93.2,54.41
2026-07-11 16:55,93.2,54.34
2026-07-11 16:56,93.1,54.38
2026-07-11 16:57,93.1,54.43
2026-07-11 16:58,93.1,54.49
2026-07-11 16:59,93.0,54.52
2026-07-11 17:00,93.0,54.48
2026-07-11 17:01,93.0,54.47
2026-07-11 17:02,92.9,54.51
2026-07-11 17:03,92.9,54.5
2026-07-11 17:04,92.9,54.49
2026-07-11 17:05,92.9,54.51
2026-07-11 17:06,92.8,54.57
2026-07-11 17:07,92.8,54.61
2026-07-11 17:08,92.8,54.56
2026-07-11 17:09,92.7,54.59
2026-07-11 17:10,92.7,54.6
2026-07-11 17:11,92.7,54.62
2026-07-11 17:12,92.6,54.64
2026-07-11 17:13,92.6,54.67
2026-07-11 17:14,92.6,54.73
2026-07-11 17:15,92.5,54.74
2026-07-11 17:16,92.5,54.76
2026-07-11 17:17,92.5,54.77
2026-07-11 17:18,92.4,54.77
2026-07-11 17:19,92.4,54.81
2026-07-11 17:20,92.4,54.86
2026-07-11 17:21,92.4,54.89
2026-07-11 17:22,92.3,54.89
2026-07-11 17:23,92.3,54.92
2026-07-11 17:24,92.3,54.8
2026-07-11 17:25,92.2,54.87
2026-07-11 17:26,92.2,54.94
2026-07-11 17:27,92.2,54.92
2026-07-11 17:28,92.1,54.94
2026-07-11 17:29,92.1,54.91
2026-07-11 17:30,92.1,54.96
2026-07-11 17:31,92.1,54.93
2026-07-11 17:32,92.1,54.98
2026-07-11 17:33,92.0,54.98
2026-07-11 17:34,92.0,55.01
2026-07-11 17:35,92.0,55.01
2026-07-11 17:36,91.9,55.0
2026-07-11 17:37,91.9,55.04
2026-07-11 17:38,91.9,55.06
2026-07-11 17:39,91.9,54.98
2026-07-11 17:40,91.9,55.02
2026-07-11 17:41,91.8,55.04
2026-07-11 17:42,91.8,54.99
2026-07-11 17:43,91.8,55.12
2026-07-11 17:44,91.8,55.11
2026-07-11 17:45,91.8,55.09
2026-07-11 17:46,91.7,55.09
2026-07-11 17:47,91.7,55.1
2026-07-11 17:48,91.7,54.96
2026-07-11 17:49,91.7,55.08
2026-07-11 17:50,91.6,55.1
2026-07-11 17:51,91.6,55.15
2026-07-11 17:52,91.6,55.04
2026-07-11 17:53,91.6,55.03
2026-07-11 17:54,91.6,55.12
2026-07-11 17:55,91.5,55.16
2026-07-11 17:56,91.5,55.16
2026-07-11 17:57,91.5,55.28
2026-07-11 17:58,91.5,55.34
2026-07-11 17:59,91.5,55.27
2026-07-11 18:00,91.4,55.28
2026-07-11 18:01,91.4,55.3
2026-07-11 18:02,91.4,55.17
2026-07-11 18:03,91.4,55.3
2026-07-11 18:04,91.4,55.21
2026-07-11 18:05,91.4,55.4
2026-07-11 18:06,91.3,55.27
2026-07-11 18:07,91.3,55.33
2026-07-11 18:08,91.3,55.4
2026-07-11 18:09,91.3,55.33
2026-07-11 18:10,91.3,55.42
2026-07-11 18:11,91.2,55.49
2026-07-11 18:12,91.2,55.43
2026-07-11 18:13,91.2,55.43
2026-07-11 18:14,91.2,55.5
2026-07-11 18:15,91.2,55.53
2026-07-11 18:16,91.2,55.51
2026-07-11 18:17,91.1,55.51
2026-07-11 18:18,91.1,55.51
2026-07-11 18:19,91.1,55.53
2026-07-11 18:20,91.1,55.54
2026-07-11 18:21,91.1,55.4
2026-07-11 18:22,91.1,55.49
2026-07-11 18:23,91.0,55.53
2026-07-11 18:24,91.0,55.52
2026-07-11 18:25,91.0,55.58
2026-07-11 18:26,91.0,55.65
2026-07-11 18:27,91.0,55.61
2026-07-11 18:28,91.0,55.64
2026-07-11 18:29,91.0,55.68
2026-07-11 18:30,91.0,55.69
2026-07-11 18:31,90.9,55.72
2026-07-11 18:32,90.9,55.54
2026-07-11 18:33,90.9,55.67
2026-07-11 18:34,90.9,55.72
2026-07-11 18:35,90.9,55.72
2026-07-11 18:36,90.9,55.62
2026-07-11 18:37,90.9,55.67
2026-07-11 18:38,90.8,55.71
2026-07-11 18:39,90.8,55.67
2026-07-11 18:40,90.8,55.66
2026-07-11 18:41,90.8,55.58
2026-07-11 18:42,90.8,55.47
2026-07-11 18:43,90.8,55.59
2026-07-11 18:44,90.8,55.44
2026-07-11 18:45,90.8,55.46
2026-07-11 18:46,90.7,55.39
2026-07-11 18:47,90.7,55.13
2026-07-11 18:48,90.7,55.18
2026-07-11 18:49,90.7,55.16
2026-07-11 18:50,90.7,55.13
2026-07-11 18:51,90.7,55.2
2026-07-11 18:52,90.7,55.23
2026-07-11 18:53,90.7,55.31
2026-07-11 18:54,90.6,55.32
2026-07-11 18:55,90.6,55.3
2026-07-11 18:56,90.6,55.36
2026-07-11 18:57,90.6,55.55
2026-07-11 18:58,90.6,55.51
2026-07-11 18:59,90.6,55.51
2026-07-11 19:00,90.5,55.62
2026-07-11 19:01,90.5,55.61
2026-07-11 19:02,90.5,55.42
2026-07-11 19:03,90.5,55.34
2026-07-11 19:04,90.5,55.54
2026-07-11 19:05,90.4,55.46
2026-07-11 19:06,90.4,55.4
2026-07-11 19:07,90.4,55.47
2026-07-11 19:08,90.4,55.6
2026-07-11 19:09,90.4,55.64
2026-07-11 19:10,90.3,55.54
2026-07-11 19:11,90.3,55.41
2026-07-11 19:12,90.3,55.36
2026-07-11 19:13,90.3,55.5
2026-07-11 19:14,90.3,55.59
2026-07-11 19:15,90.2,55.59
2026-07-11 19:16,90.2,55.56
2026-07-11 19:17,90.2,55.64
2026-07-11 19:18,90.2,55.52
2026-07-11 19:19,90.2,55.71
2026-07-11 19:20,90.1,55.83
2026-07-11 19:21,90.1,55.8
2026-07-11 19:22,90.1,55.79
2026-07-11 19:23,90.1,55.63
2026-07-11 19:24,90.0,55.61
2026-07-11 19:25,90.0,55.7
2026-07-11 19:26,90.0,55.61
2026-07-11 19:27,90.0,55.56
2026-07-11 19:28,90.0,55.61
2026-07-11 19:29,90.0,55.7
2026-07-11 19:30,90.0,55.73
2026-07-11 19:31,89.9,55.83
2026-07-11 19:32,89.9,55.75
2026-07-11 19:33,89.9,55.97
2026-07-11 19:34,89.9,55.93
2026-07-11 19:35,89.9,55.81
2026-07-11 19:36,89.8,55.95
2026-07-11 19:37,89.8,55.88
2026-07-11 19:38,89.8,56.03
2026-07-11 19:39,89.8,55.98
2026-07-11 19:40,89.8,55.91
2026-07-11 19:41,89.7,55.97
2026-07-11 19:42,89.7,55.95
2026-07-11 19:43,89.7,55.98
2026-07-11 19:44,89.7,56.19
2026-07-11 19:45,89.7,56.24
2026-07-11 19:46,89.6,55.98
2026-07-11 19:47,89.6,55.96
2026-07-11 19:48,89.6,56.24
2026-07-11 19:49,89.6,56.19
2026-07-11 19:50,89.6,56.45
2026-07-11 19:51,89.5,56.24
2026-07-11 19:52,89.5,56.43
2026-07-11 19:53,89.5,56.38
2026-07-11 19:54,89.5,56.25
2026-07-11 19:55,89.5,56.22
2026-07-11 19:56,89.4,56.25
2026-07-11 19:57,89.4,56.3
2026-07-11 19:58,89.4,56.25
2026-07-11 19:59,89.4,56.23
2026-07-11 20:00,89.4,56.41
2026-07-11 20:01,89.4,56.41
2026-07-11 20:02,89.4,56.61
2026-07-11 20:03,89.3,56.56
2026-07-11 20:04,89.3,56.58
2026-07-11 20:05,89.3,56.62
2026-07-11 20:06,89.3,56.57
2026-07-11 20:07,89.3,56.4
2026-07-11 20:08,89.3,56.39
2026-07-11 20:09,89.3,56.6
2026-07-11 20:10,89.2,56.58
2026-07-11 20:11,89.2,56.64
2026-07-11 20:12,89.2,56.72
2026-07-11 20:13,89.2,56.61
2026-07-11 20:14,89.2,56.58
2026-07-11 20:15,89.2,56.65
2026-07-11 20:16,89.2,56.61
2026-07-11 20:17,89.1,56.7
2026-07-11 20:18,89.1,56.46
2026-07-11 20:19,89.1,56.64
2026-07-11 20:20,89.1,56.66
2026-07-11 20:21,89.1,56.65
2026-07-11 20:22,89.1,56.6
2026-07-11 20:23,89.1,56.53
2026-07-11 20:24,89.0,56.73
2026-07-11 20:25,89.0,56.78
2026-07-11 20:26,89.0,56.77
2026-07-11 20:27,89.0,56.46
2026-07-11 20:28,89.0,56.52
2026-07-11 20:29,89.0,56.72
2026-07-11 20:30,88.9,56.73
2026-07-11 20:31,88.9,56.9
2026-07-11 20:32,88.9,56.52
2026-07-11 20:33,88.9,56.72
2026-07-11 20:34,88.9,56.88
2026-07-11 20:35,88.9,57.02
2026-07-11 20:36,88.8,57.15
2026-07-11 20:37,88.8,56.97
2026-07-11 20:38,88.8,56.93
2026-07-11 20:39,88.8,56.82
2026-07-11 20:40,88.8,57.01
2026-07-11 20:41,88.8,56.92
2026-07-11 20:42,88.7,56.87
2026-07-11 20:43,88.7,57.06
2026-07-11 20:44,88.7,56.78
2026-07-11 20:45,88.7,57.04
2026-07-11 20:46,88.7,57.04
2026-07-11 20:47,88.7,57.01
2026-07-11 20:48,88.6,57.04
2026-07-11 20:49,88.6,57.24
2026-07-11 20:50,88.6,57.17
2026-07-11 20:51,88.6,57.07
2026-07-11 20:52,88.6,57.02
2026-07-11 20:53,88.6,57.04
2026-07-11 20:54,88.5,56.9
2026-07-11 20:55,88.5,56.79
2026-07-11 20:56,88.5,56.9
2026-07-11 20:57,88.5,56.96
2026-07-11 20:58,88.5,56.84
2026-07-11 20:59,88.5,56.77
2026-07-11 21:00,88.5,56.94
2026-07-11 21:01,88.4,56.89
2026-07-11 21:02,88.4,56.75
2026-07-11 21:03,88.4,56.77
2026-07-11 21:04,88.4,56.9
2026-07-11 21:05,88.4,57.14
2026-07-11 21:06,88.3,57.26
2026-07-11 21:07,88.3,57.2
2026-07-11 21:08,88.3,57.21
2026-07-11 21:09,88.3,57.14
2026-07-11 21:10,88.3,57.06
2026-07-11 21:11,88.3,57.03
2026-07-11 21:12,88.2,56.99
2026-07-11 21:13,88.2,57.14
2026-07-11 21:14,88.2,57.1
2026-07-11 21:15,88.2,57.07
2026-07-11 21:16,88.2,56.97
2026-07-11 21:17,88.2,56.76
2026-07-11 21:18,88.2,57.03
2026-07-11 21:19,88.1,56.92
2026-07-11 21:20,88.1,57.01
2026-07-11 21:21,88.1,57.3
2026-07-11 21:22,88.1,57.33
2026-07-11 21:23,88.1,57.22
2026-07-11 21:24,88.0,56.95
2026-07-11 21:25,88.0,57.18
2026-07-11 21:26,88.0,57.29
2026-07-11 21:27,88.0,57.65
2026-07-11 21:28,87.9,57.71
2026-07-11 21:29,87.9,57.38
2026-07-11 21:30,87.9,57.44
2026-07-11 21:31,87.9,57.64
2026-07-11 21:32,87.9,57.59
2026-07-11 21:33,87.9,57.4
2026-07-11 21:34,87.8,57.47
2026-07-11 21:35,87.8,57.6
2026-07-11 21:36,87.8,57.64
2026-07-11 21:37,87.8,57.68
2026-07-11 21:38,87.8,57.67
2026-07-11 21:39,87.8,57.61
2026-07-11 21:40,87.8,57.54
2026-07-11 21:41,87.7,57.38
2026-07-11 21:42,87.7,57.64
2026-07-11 21:43,87.7,57.37
2026-07-11 21:44,87.7,57.43
2026-07-11 21:45,87.7,57.51
2026-07-11 21:46,87.7,57.6
2026-07-11 21:47,87.7,57.39
2026-07-11 21:48,87.7,57.16
2026-07-11 21:49,87.6,57.38
2026-07-11 21:50,87.6,57.32
2026-07-11 21:51,87.6,57.42
2026-07-11 21:52,87.6,57.4
2026-07-11 21:53,87.6,57.51
2026-07-11 21:54,87.6,57.55
2026-07-11 21:55,87.6,57.23
2026-07-11 21:56,87.6,57.41
2026-07-11 21:57,87.5,57.47
2026-07-11 21:58,87.5,57.49
2026-07-11 21:59,87.5,57.49
2026-07-11 22:00,87.5,57.47
2026-07-11 22:01,87.5,57.33
2026-07-11 22:02,87.5,57.34
2026-07-11 22:03,87.5,57.11
2026-07-11 22:04,87.4,57.22
2026-07-11 22:05,87.4,57.33
2026-07-11 22:06,87.4,57.23
2026-07-11 22:07,87.4,57.51
2026-07-11 22:08,87.4,57.47
2026-07-11 22:09,87.4,57.64
2026-07-11 22:10,87.4,57.57
2026-07-11 22:11,87.3,57.5
2026-07-11 22:12,87.3,57.5
2026-07-11 22:13,87.3,57.37
2026-07-11 22:14,87.3,57.43
2026-07-11 22:15,87.3,57.53
2026-07-11 22:16,87.3,57.28
2026-07-11 22:17,87.3,57.41
2026-07-11 22:18,87.3,57.44
2026-07-11 22:19,87.3,57.53
2026-07-11 22:20,87.3,57.43
2026-07-11 22:21,87.2,57.48
2026-07-11 22:22,87.2,57.3
2026-07-11 22:23,87.2,57.26
2026-07-11 22:24,87.2,57.21
2026-07-11 22:25,87.2,57.37
2026-07-11 22:26,87.2,57.33
2026-07-11 22:27,87.2,57.39
2026-07-11 22:28,87.2,57.41
2026-07-11 22:29,87.2,57.3
2026-07-11 22:30,87.2,57.28
2026-07-11 22:31,87.1,57.31
2026-07-11 22:32,87.1,57.26
2026-07-11 22:33,87.1,57.36
2026-07-11 22:34,87.1,57.36
2026-07-11 22:35,87.1,57.55
2026-07-11 22:36,87.1,57.29
2026-07-11 22:37,87.1,57.34
2026-07-11 22:38,87.1,57.42
2026-07-11 22:39,87.1,57.38
2026-07-11 22:40,87.1,57.4
2026-07-11 22:41,87.0,57.41
2026-07-11 22:42,87.0,57.37
2026-07-11 22:43,87.0,57.37
2026-07-11 22:44,87.0,57.45
2026-07-11 22:45,87.0,57.38
2026-07-11 22:46,87.0,57.38
2026-07-11 22:47,87.0,57.25
2026-07-11 22:48,87.0,57.23
2026-07-11 22:49,87.0,57.13
2026-07-11 22:50,86.9,57.1
2026-07-11 22:51,86.9,57.04
2026-07-11 22:52,86.9,57.02
2026-07-11 22:53,86.9,57.09
2026-07-11 22:54,86.9,57.18
2026-07-11 22:55,86.9,57.25
2026-07-11 22:56,86.9,57.13
2026-07-11 22:57,86.9,57.08
2026-07-11 22:58,86.9,57.14
2026-07-11 22:59,86.9,57.15
2026-07-11 23:00,86.9,57.22
2026-07-11 23:01,86.8,57.28
2026-07-11 23:02,86.8,57.24
2026-07-11 23:03,86.8,57.2
2026-07-11 23:04,86.8,57.14
2026-07-11 23:05,86.8,57.16
2026-07-11 23:06,86.8,57.16
2026-07-11 23:07,86.8,57.1
2026-07-11 23:08,86.8,57.09
2026-07-11 23:09,86.8,57.09
2026-07-11 23:10,86.7,57.1
2026-07-11 23:11,86.7,57.06
2026-07-11 23:12,86.7,57.06
2026-07-11 23:13,86.7,56.95
2026-07-11 23:14,86.7,56.96
2026-07-11 23:15,86.7,56.94
2026-07-11 23:16,86.7,57.02
2026-07-11 23:17,86.7,56.98
2026-07-11 23:18,86.7,56.95
2026-07-11 23:19,86.7,57.0
2026-07-11 23:20,86.6,56.96
2026-07-11 23:21,86.6,57.0
2026-07-11 23:22,86.6,56.99
2026-07-11 23:23,86.6,57.03
2026-07-11 23:24,86.6,56.96
2026-07-11 23:25,86.6,56.94
2026-07-11 23:26,86.6,56.97
2026-07-11 23:27,86.6,56.93
2026-07-11 23:28,86.6,56.92
2026-07-11 23:29,86.5,56.95
2026-07-11 23:30,86.5,56.95
2026-07-11 23:31,86.5,56.96
2026-07-11 23:32,86.5,56.87
2026-07-11 23:33,86.5,56.91
2026-07-11 23:34,86.5,56.9
2026-07-11 23:35,86.5,57.0
2026-07-11 23:36,86.5,57.03
2026-07-11 23:37,86.5,57.09
2026-07-11 23:38,86.5,57.07
2026-07-11 23:39,86.4,57.04
2026-07-11 23:40,86.4,56.97
2026-07-11 23:41,86.4,56.91
2026-07-11 23:42,86.4,56.94
2026-07-11 23:43,86.4,56.93
2026-07-11 23:44,86.4,56.92
2026-07-11 23:45,86.4,56.93
2026-07-11 23:46,86.4,56.93
2026-07-11 23:47,86.4,57.03
2026-07-11 23:48,86.3,56.96
2026-07-11 23:49,86.3,56.98
2026-07-11 23:50,86.3,56.89
2026-07-11 23:51,86.3,56.89
2026-07-11 23:52,86.3,56.89
2026-07-11 23:53,86.3,56.93
2026-07-11 23:54,86.3,56.9
2026-07-11 23:55,86.3,56.85
2026-07-11 23:56,86.3,56.85
2026-07-11 23:57,86.3,56.89
2026-07-11 23:58,86.2,56.85
2026-07-11 23:59,86.2,56.81
2026-07-12 00:00,86.2,56.83
2026-07-12 00:01,86.2,56.88
2026-07-12 00:02,86.2,56.86
2026-07-12 00:03,86.2,56.81
2026-07-12 00:04,86.2,56.83
2026-07-12 00:05,86.2,56.89
2026-07-12 00:06,86.2,56.79
2026-07-12 00:07,86.1,56.81
2026-07-12 00:08,86.1,56.77
2026-07-12 00:09,86.1,56.78
2026-07-12 00:10,86.1,56.78
2026-07-12 00:11,86.1,56.77
2026-07-12 00:12,86.1,56.72
2026-07-12 00:13,86.1,56.79
2026-07-12 00:14,86.1,56.85
2026-07-12 00:15,86.1,56.83
2026-07-12 00:16,86.1,56.9
2026-07-12 00:17,86.1,56.79
2026-07-12 00:18,86.0,56.87
2026-07-12 00:19,86.0,56.85
2026-07-12 00:20,86.0,56.87
2026-07-12 00:21,86.0,56.84
2026-07-12 00:22,86.0,56.84
2026-07-12 00:23,86.0,56.93
2026-07-12 00:24,86.0,56.95
2026-07-12 00:25,86.0,56.94
2026-07-12 00:26,86.0,56.93
2026-07-12 00:27,86.0,56.89
2026-07-12 00:28,86.0,56.96
2026-07-12 00:29,85.9,57.0
2026-07-12 00:30,85.9,56.93
2026-07-12 00:31,85.9,56.95
2026-07-12 00:32,85.9,56.94
2026-07-12 00:33,85.9,56.9
2026-07-12 00:34,85.9,56.86
2026-07-12 00:35,85.9,56.87
2026-07-12 00:36,85.9,56.87
2026-07-12 00:37,85.9,56.86
2026-07-12 00:38,85.9,56.84
2026-07-12 00:39,85.9,56.83
2026-07-12 00:40,85.9,56.81
2026-07-12 00:41,85.8,56.8
2026-07-12 00:42,85.8,56.77
2026-07-12 00:43,85.8,56.83
2026-07-12 00:44,85.8,56.82
2026-07-12 00:45,85.8,56.81
2026-07-12 00:46,85.8,56.81
2026-07-12 00:47,85.8,56.8
2026-07-12 00:48,85.8,56.84
2026-07-12 00:49,85.8,56.82
2026-07-12 00:50,85.8,56.91
2026-07-12 00:51,85.8,56.86
2026-07-12 00:52,85.8,56.94
2026-07-12 00:53,85.8,56.93
2026-07-12 00:54,85.8,56.99
2026-07-12 00:55,85.7,56.94
2026-07-12 00:56,85.7,57.06
2026-07-12 00:57,85.7,57.03
2026-07-12 00:58,85.7,57.06
2026-07-12 00:59,85.7,56.99
2026-07-12 01:00,85.7,57.02
2026-07-12 01:01,85.7,57.0
2026-07-12 01:02,85.7,57.0
2026-07-12 01:03,85.7,57.0
2026-07-12 01:04,85.7,57.03
2026-07-12 01:05,85.7,57.1
2026-07-12 01:06,85.7,57.13
2026-07-12 01:07,85.7,57.07
2026-07-12 01:08,85.6,57.14
2026-07-12 01:09,85.6,57.14
2026-07-12 01:10,85.6,57.1
2026-07-12 01:11,85.6,57.09
2026-07-12 01:12,85.6,57.05
2026-07-12 01:13,85.6,56.99
2026-07-12 01:14,85.6,57.04
2026-07-12 01:15,85.6,57.01
2026-07-12 01:16,85.6,57.06
2026-07-12 01:17,85.6,57.03
2026-07-12 01:18,85.6,57.05
2026-07-12 01:19,85.6,57.02
2026-07-12 01:20,85.6,56.98
2026-07-12 01:21,85.6,57.02
2026-07-12 01:22,85.6,56.98
2026-07-12 01:23,85.6,57.01
2026-07-12 01:24,85.5,56.97
2026-07-12 01:25,85.5,57.08
2026-07-12 01:26,85.5,57.09
2026-07-12 01:27,85.5,57.14
2026-07-12 01:28,85.5,57.07
2026-07-12 01:29,85.5,56.97
2026-07-12 01:30,85.5,56.96
2026-07-12 01:31,85.5,56.92
2026-07-12 01:32,85.5,56.91
2026-07-12 01:33,85.5,56.93
2026-07-12 01:34,85.5,56.89
2026-07-12 01:35,85.5,56.93
2026-07-12 01:36,85.5,56.92
2026-07-12 01:37,85.5,56.95
2026-07-12 01:38,85.5,56.95
2026-07-12 01:39,85.5,57.0
2026-07-12 01:40,85.5,56.93
2026-07-12 01:41,85.4,56.85
2026-07-12 01:42,85.4,56.8
2026-07-12 01:43,85.4,56.86
2026-07-12 01:44,85.4,56.8
2026-07-12 01:45,85.4,56.78
2026-07-12 01:46,85.4,56.81
2026-07-12 01:47,85.4,56.86
2026-07-12 01:48,85.4,56.82
2026-07-12 01:49,85.4,56.77
2026-07-12 01:50,85.4,56.81
2026-07-12 01:51,85.4,56.83
2026-07-12 01:52,85.4,56.89
2026-07-12 01:53,85.4,56.86
2026-07-12 01:54,85.4,57.03
2026-07-12 01:55,85.4,56.86
2026-07-12 01:56,85.4,56.81
2026-07-12 01:57,85.4,57.26
2026-07-12 01:58,85.4,57.39
2026-07-12 01:59,85.3,57.38
2026-07-12 02:00,85.3,57.63
2026-07-12 02:01,85.3,57.83
2026-07-12 02:02,85.3,57.72
2026-07-12 02:03,85.3,57.46
2026-07-12 02:04,85.3,57.72
2026-07-12 02:05,85.3,57.57
2026-07-12 02:06,85.3,57.54
2026-07-12 02:07,85.3,57.7
2026-07-12 02:08,85.3,57.62
2026-07-12 02:09,85.3,57.44
2026-07-12 02:10,85.3,57.6
2026-07-12 02:11,85.3,57.6
2026-07-12 02:12,85.3,57.42
2026-07-12 02:13,85.3,57.29
2026-07-12 02:14,85.3,57.23
2026-07-12 02:15,85.3,57.37
2026-07-12 02:16,85.3,57.22
2026-07-12 02:17,85.3,57.23
2026-07-12 02:18,85.3,57.32
2026-07-12 02:19,85.3,57.28
2026-07-12 02:20,85.3,57.24
2026-07-12 02:21,85.3,57.53
2026-07-12 02:22,85.2,57.34
2026-07-12 02:23,85.2,57.48
2026-07-12 02:24,85.2,57.56
2026-07-12 02:25,85.2,57.43
2026-07-12 02:26,85.2,57.46
2026-07-12 02:27,85.2,57.43
2026-07-12 02:28,85.2,57.47
2026-07-12 02:29,85.2,57.39
2026-07-12 02:30,85.2,57.42
2026-07-12 02:31,85.2,57.34
2026-07-12 02:32,85.2,57.31
2026-07-12 02:33,85.2,57.32
2026-07-12 02:34,85.2,57.31
2026-07-12 02:35,85.2,57.59
2026-07-12 02:36,85.2,57.52
2026-07-12 02:37,85.2,57.65
2026-07-12 02:38,85.2,57.81
2026-07-12 02:39,85.2,57.63
2026-07-12 02:40,85.2,57.47
2026-07-12 02:41,85.2,57.43
2026-07-12 02:42,85.2,57.36
2026-07-12 02:43,85.2,57.32
2026-07-12 02:44,85.2,57.34
2026-07-12 02:45,85.2,57.35
2026-07-12 02:46,85.2,57.33
2026-07-12 02:47,85.2,57.35
2026-07-12 02:48,85.2,57.31
2026-07-12 02:49,85.2,57.32
2026-07-12 02:50,85.1,57.39
2026-07-12 02:51,85.2,57.36
2026-07-12 02:52,85.1,57.26
2026-07-12 02:53,85.1,57.32
2026-07-12 02:54,85.1,57.25
2026-07-12 02:55,85.1,57.3
2026-07-12 02:56,85.1,57.23
2026-07-12 02:57,85.1,57.26
2026-07-12 02:58,85.1,57.34
2026-07-12 02:59,85.1,57.33
2026-07-12 03:00,85.1,57.26
2026-07-12 03:01,85.1,57.34
2026-07-12 03:02,85.1,57.27
2026-07-12 03:03,85.1,57.33
2026-07-12 03:04,85.1,57.25
2026-07-12 03:05,85.1,57.27
2026-07-12 03:06,85.1,57.45
2026-07-12 03:07,85.1,57.32
2026-07-12 03:08,85.1,57.4
2026-07-12 03:09,85.1,57.35
2026-07-12 03:10,85.1,57.3
2026-07-12 03:11,85.1,57.32
2026-07-12 03:12,85.1,57.29
2026-07-12 03:13,85.1,57.24
2026-07-12 03:14,85.0,57.24
2026-07-12 03:15,85.0,57.28
2026-07-12 03:16,85.0,57.25
2026-07-12 03:17,85.0,57.27
2026-07-12 03:18,85.0,57.23
2026-07-12 03:19,85.0,57.31
2026-07-12 03:20,85.0,57.25
2026-07-12 03:21,85.0,57.35
2026-07-12 03:22,85.0,57.3
2026-07-12 03:23,85.0,57.22
2026-07-12 03:24,85.0,57.29
2026-07-12 03:25,85.0,57.35
2026-07-12 03:26,85.0,57.42
2026-07-12 03:27,85.0,57.27
2026-07-12 03:28,85.0,57.38
2026-07-12 03:29,85.0,57.38
2026-07-12 03:30,85.0,57.32
2026-07-12 03:31,85.0,57.38
2026-07-12 03:32,84.9,57.49
2026-07-12 03:33,84.9,57.34
2026-07-12 03:34,84.9,57.34
2026-07-12 03:35,84.9,57.38
2026-07-12 03:36,84.9,57.33
2026-07-12 03:37,84.9,57.39
2026-07-12 03:38,84.9,57.25
2026-07-12 03:39,84.9,57.23
2026-07-12 03:40,84.9,57.3
2026-07-12 03:41,84.9,57.31
2026-07-12 03:42,84.9,57.42
2026-07-12 03:43,84.9,57.26
2026-07-12 03:44,84.9,57.27
2026-07-12 03:45,84.9,57.25
2026-07-12 03:46,84.8,57.3
2026-07-12 03:47,84.8,57.29
2026-07-12 03:48,84.8,57.38
2026-07-12 03:49,84.8,57.39
2026-07-12 03:50,84.8,57.33
2026-07-12 03:51,84.8,57.41
2026-07-12 03:52,84.8,57.37
2026-07-12 03:53,84.7,57.41
2026-07-12 03:54,84.7,57.37
2026-07-12 03:55,84.7,57.43
2026-07-12 03:56,84.7,57.47
2026-07-12 03:57,84.7,57.46
2026-07-12 03:58,84.7,57.45
2026-07-12 03:59,84.6,57.45
2026-07-12 04:00,84.6,57.44
2026-07-12 04:01,84.6,57.42
2026-07-12 04:02,84.6,57.45
2026-07-12 04:03,84.6,57.46
2026-07-12 04:04,84.6,57.49
2026-07-12 04:05,84.5,57.42
2026-07-12 04:06,84.5,57.48
2026-07-12 04:07,84.5,57.5
2026-07-12 04:08,84.5,57.6
2026-07-12 04:09,84.5,57.6
2026-07-12 04:10,84.4,57.63
2026-07-12 04:11,84.4,57.71
2026-07-12 04:12,84.4,57.73
2026-07-12 04:13,84.4,57.75
2026-07-12 04:14,84.4,57.68
2026-07-12 04:15,84.4,57.69
2026-07-12 04:16,84.4,57.78
2026-07-12 04:17,84.4,57.7
2026-07-12 04:18,84.4,57.74
2026-07-12 04:19,84.4,57.69
2026-07-12 04:20,84.4,57.73
2026-07-12 04:21,84.4,57.61
2026-07-12 04:22,84.4,57.6
2026-07-12 04:23,84.4,57.57
2026-07-12 04:24,84.4,57.46
2026-07-12 04:25,84.4,57.54
2026-07-12 04:26,84.4,57.53
2026-07-12 04:27,84.4,57.45
2026-07-12 04:28,84.5,57.42
2026-07-12 04:29,84.5,57.47
2026-07-12 04:30,84.5,57.38
2026-07-12 04:31,84.5,57.35
2026-07-12 04:32,84.5,57.38
2026-07-12 04:33,84.5,57.34
2026-07-12 04:34,84.5,57.34
2026-07-12 04:35,84.5,57.3
2026-07-12 04:36,84.5,57.35
2026-07-12 04:37,84.5,57.32
2026-07-12 04:38,84.5,57.32
2026-07-12 04:39,84.5,57.31
2026-07-12 04:40,84.5,57.32
2026-07-12 04:41,84.5,57.33
2026-07-12 04:42,84.5,57.38
2026-07-12 04:43,84.5,57.33
2026-07-12 04:44,84.5,57.36
2026-07-12 04:45,84.5,57.36
2026-07-12 04:46,84.5,57.31
2026-07-12 04:47,84.5,57.48
2026-07-12 04:48,84.5,57.36
2026-07-12 04:49,84.5,57.32
2026-07-12 04:50,84.5,57.48
2026-07-12 04:51,84.5,57.38
2026-07-12 04:52,84.5,57.42
2026-07-12 04:53,84.5,57.31
2026-07-12 04:54,84.5,57.27
2026-07-12 04:55,84.5,57.26
2026-07-12 04:56,84.5,57.31
2026-07-12 04:57,84.5,57.33
2026-07-12 04:58,84.5,57.27
2026-07-12 04:59,84.5,57.25
2026-07-12 05:00,84.5,57.25
2026-07-12 05:01,84.5,57.25
2026-07-12 05:02,84.5,57.25
2026-07-12 05:03,84.5,57.26
2026-07-12 05:04,84.5,57.23
2026-07-12 05:05,84.5,57.22
2026-07-12 05:06,84.5,57.29
2026-07-12 05:07,84.5,57.32
2026-07-12 05:08,84.5,57.27
2026-07-12 05:09,84.5,57.27
2026-07-12 05:10,84.5,57.36
2026-07-12 05:11,84.4,57.31
2026-07-12 05:12,84.4,57.38
2026-07-12 05:13,84.4,57.35
2026-07-12 05:14,84.4,57.24
2026-07-12 05:15,84.4,57.3
2026-07-12 05:16,84.4,57.28
2026-07-12 05:17,84.4,57.28
2026-07-12 05:18,84.4,57.23
2026-07-12 05:19,84.4,57.24
2026-07-12 05:20,84.4,57.25
2026-07-12 05:21,84.4,57.31
2026-07-12 05:22,84.4,57.3
2026-07-12 05:23,84.4,57.28
2026-07-12 05:24,84.4,57.25
2026-07-12 05:25,84.4,57.27
2026-07-12 05:26,84.4,57.29
2026-07-12 05:27,84.4,57.25
2026-07-12 05:28,84.4,57.32
2026-07-12 05:29,84.4,57.37
2026-07-12 05:30,84.4,57.37
2026-07-12 05:31,84.4,57.29
2026-07-12 05:32,84.4,57.32
2026-07-12 05:33,84.4,57.32
2026-07-12 05:34,84.4,57.35
2026-07-12 05:35,84.4,57.33
2026-07-12 05:36,84.3,57.33
2026-07-12 05:37,84.3,57.31
2026-07-12 05:38,84.3,57.32
2026-07-12 05:39,84.3,57.32
2026-07-12 05:40,84.3,57.34
2026-07-12 05:41,84.3,57.38
2026-07-12 05:42,84.3,57.41
2026-07-12 05:43,84.3,57.5
2026-07-12 05:44,84.3,57.44
2026-07-12 05:45,84.3,57.38
2026-07-12 05:46,84.3,57.33
2026-07-12 05:47,84.3,57.35
2026-07-12 05:48,84.3,57.42
2026-07-12 05:49,84.3,57.44
2026-07-12 05:50,84.3,57.51
2026-07-12 05:51,84.3,57.39
2026-07-12 05:52,84.3,57.39
2026-07-12 05:53,84.3,57.38
2026-07-12 05:54,84.3,57.48
2026-07-12 05:55,84.3,57.42
2026-07-12 05:56,84.3,57.43
2026-07-12 05:57,84.3,57.42
2026-07-12 05:58,84.3,57.44
2026-07-12 05:59,84.3,57.45
2026-07-12 06:00,84.2,57.41
2026-07-12 06:01,84.2,57.41
2026-07-12 06:02,84.2,57.43
2026-07-12 06:03,84.2,57.4
2026-07-12 06:04,84.2,57.46
2026-07-12 06:05,84.2,57.43
2026-07-12 06:06,84.2,57.45
2026-07-12 06:07,84.2,57.53
2026-07-12 06:08,84.2,57.41
2026-07-12 06:09,84.2,57.46
2026-07-12 06:10,84.2,57.57
2026-07-12 06:11,84.2,57.59
2026-07-12 06:12,84.2,57.53
2026-07-12 06:13,84.2,57.57
2026-07-12 06:14,84.2,57.61
2026-07-12 06:15,84.2,57.61
2026-07-12 06:16,84.2,57.54
2026-07-12 06:17,84.2,57.45
2026-07-12 06:18,84.2,57.48
2026-07-12 06:19,84.2,57.5
2026-07-12 06:20,84.2,57.49
2026-07-12 06:21,84.2,57.44
2026-07-12 06:22,84.2,57.58
2026-07-12 06:23,84.1,57.61
2026-07-12 06:24,84.1,57.59
2026-07-12 06:25,84.1,57.55
2026-07-12 06:26,84.1,57.61
2026-07-12 06:27,84.1,57.56
2026-07-12 06:28,84.1,57.57
2026-07-12 06:29,84.1,57.51
2026-07-12 06:30,84.1,57.56
2026-07-12 06:31,84.1,57.61
2026-07-12 06:32,84.1,57.52
2026-07-12 06:33,84.1,57.62
2026-07-12 06:34,84.1,57.64
2026-07-12 06:35,84.1,57.59
2026-07-12 06:36,84.1,57.61
2026-07-12 06:37,84.1,57.67
2026-07-12 06:38,84.1,57.57
2026-07-12 06:39,84.1,57.63
2026-07-12 06:40,84.1,57.6
2026-07-12 06:41,84.1,57.57
2026-07-12 06:42,84.1,57.61
2026-07-12 06:43,84.1,57.65
2026-07-12 06:44,84.1,57.63
2026-07-12 06:45,84.1,57.57
2026-07-12 06:46,84.0,57.61
2026-07-12 06:47,84.0,57.59
2026-07-12 06:48,84.0,57.66
2026-07-12 06:49,84.0,57.61
2026-07-12 06:50,84.0,57.64
2026-07-12 06:51,84.0,57.73
2026-07-12 06:52,84.0,57.64
2026-07-12 06:53,84.0,57.66
2026-07-12 06:54,84.0,57.65
2026-07-12 06:55,84.0,57.7
2026-07-12 06:56,84.0,57.71
2026-07-12 06:57,84.0,57.67
2026-07-12 06:58,84.0,57.68
2026-07-12 06:59,84.0,57.72
2026-07-12 07:00,84.0,57.76
2026-07-12 07:01,84.0,57.73
2026-07-12 07:02,84.0,57.92
2026-07-12 07:03,84.0,57.8
2026-07-12 07:04,84.0,57.84
2026-07-12 07:05,84.0,57.75
2026-07-12 07:06,84.0,57.79
2026-07-12 07:07,84.0,57.74
2026-07-12 07:08,84.0,57.75
2026-07-12 07:09,83.9,57.76
2026-07-12 07:10,83.9,57.75
2026-07-12 07:11,83.9,57.76
2026-07-12 07:12,83.9,57.78
2026-07-12 07:13,83.9,57.8
2026-07-12 07:14,83.9,57.72
2026-07-12 07:15,83.9,57.74
2026-07-12 07:16,83.9,57.72
2026-07-12 07:17,83.9,57.69
2026-07-12 07:18,83.9,57.74
2026-07-12 07:19,83.9,57.73
2026-07-12 07:20,83.9,57.77
2026-07-12 07:21,83.9,57.69
2026-07-12 07:22,83.9,57.67
2026-07-12 07:23,83.9,57.63
2026-07-12 07:24,83.9,57.65
2026-07-12 07:25,83.9,57.64
2026-07-12 07:26,83.9,57.59
2026-07-12 07:27,83.9,57.58
2026-07-12 07:28,83.9,57.57
2026-07-12 07:29,83.9,57.55
2026-07-12 07:30,83.9,57.55
2026-07-12 07:31,83.9,57.55
2026-07-12 07:32,84.0,57.54
2026-07-12 07:33,84.0,57.46
2026-07-12 07:34,84.0,57.46
2026-07-12 07:35,84.0,57.46
2026-07-12 07:36,84.0,57.43
2026-07-12 07:37,84.0,57.39
2026-07-12 07:38,84.0,57.37
2026-07-12 07:39,84.0,57.35
2026-07-12 07:40,84.0,57.31
2026-07-12 07:41,84.0,57.31
2026-07-12 07:42,84.0,57.3
2026-07-12 07:43,84.0,57.28
2026-07-12 07:44,84.0,57.27
2026-07-12 07:45,84.1,57.32
2026-07-12 07:46,84.1,57.34
2026-07-12 07:47,84.1,57.3
2026-07-12 07:48,84.1,57.3
2026-07-12 07:49,84.1,57.27
2026-07-12 07:50,84.1,57.23
2026-07-12 07:51,84.1,57.23
2026-07-12 07:52,84.1,57.23
2026-07-12 07:53,84.1,57.26
2026-07-12 07:54,84.2,57.24
2026-07-12 07:55,84.2,57.21
2026-07-12 07:56,84.2,57.21
2026-07-12 07:57,84.2,57.15
2026-07-12 07:58,84.2,57.13
2026-07-12 07:59,84.2,57.12
2026-07-12 08:00,84.2,57.1
2026-07-12 08:01,84.3,57.09
2026-07-12 08:02,84.3,57.09
2026-07-12 08:03,84.3,57.09
2026-07-12 08:04,84.3,57.08
2026-07-12 08:05,84.3,57.09
2026-07-12 08:06,84.4,57.08
2026-07-12 08:07,84.4,57.09
2026-07-12 08:08,84.4,57.07
2026-07-12 08:09,84.4,57.07
2026-07-12 08:10,84.4,57.07
2026-07-12 08:11,84.5,57.05
2026-07-12 08:12,84.5,57.06
2026-07-12 08:13,84.5,57.11
2026-07-12 08:14,84.5,57.1
2026-07-12 08:15,84.6,57.15
2026-07-12 08:16,84.6,57.16
2026-07-12 08:17,84.6,57.12
2026-07-12 08:18,84.6,57.1
2026-07-12 08:19,84.7,57.09
2026-07-12 08:20,84.7,57.14
2026-07-12 08:21,84.7,57.16
2026-07-12 08:22,84.7,57.12
2026-07-12 08:23,84.8,57.11
2026-07-12 08:24,84.8,57.14
2026-07-12 08:25,84.8,57.09
2026-07-12 08:26,84.8,57.11
2026-07-12 08:27,84.9,57.14
2026-07-12 08:28,84.9,57.16
2026-07-12 08:29,84.9,57.2
2026-07-12 08:30,84.9,57.2
2026-07-12 08:31,84.9,57.15
2026-07-12 08:32,85.0,57.15
2026-07-12 08:33,85.0,57.17
2026-07-12 08:34,85.0,57.18
2026-07-12 08:35,85.0,57.16
2026-07-12 08:36,85.1,57.22
2026-07-12 08:37,85.1,57.2
2026-07-12 08:38,85.1,57.17
2026-07-12 08:39,85.1,57.15
2026-07-12 08:40,85.2,57.19
2026-07-12 08:41,85.2,57.24
2026-07-12 08:42,85.2,57.43
2026-07-12 08:43,85.2,57.33
2026-07-12 08:44,85.3,57.15
2026-07-12 08:45,85.3,57.22
2026-07-12 08:46,85.3,57.43
2026-07-12 08:47,85.4,57.31
2026-07-12 08:48,85.4,57.66
2026-07-12 08:49,85.4,57.67
2026-07-12 08:50,85.5,57.94
2026-07-12 08:51,85.5,57.89
2026-07-12 08:52,85.5,57.91
2026-07-12 08:53,85.6,57.65
2026-07-12 08:54,85.6,57.44
2026-07-12 08:55,85.7,57.32
2026-07-12 08:56,85.7,57.64
2026-07-12 08:57,85.8,57.67
2026-07-12 08:58,85.8,57.77
2026-07-12 08:59,85.8,57.73
2026-07-12 09:00,85.9,57.42
2026-07-12 09:01,85.9,57.56
2026-07-12 09:02,86.0,57.56
2026-07-12 09:03,86.1,57.33
2026-07-12 09:04,86.1,57.41
2026-07-12 09:05,86.1,57.26
2026-07-12 09:06,86.2,57.37
2026-07-12 09:07,86.3,57.18
2026-07-12 09:08,86.3,57.33
2026-07-12 09:09,86.4,57.28
2026-07-12 09:10,86.4,57.26
2026-07-12 09:11,86.5,57.57
2026-07-12 09:12,86.6,57.68
2026-07-12 09:13,86.6,57.51
2026-07-12 09:14,86.7,57.83
2026-07-12 09:15,86.7,57.8
2026-07-12 09:16,86.8,58.01
2026-07-12 09:17,86.8,58.18
2026-07-12 09:18,86.9,58.07
2026-07-12 09:19,86.9,57.94
2026-07-12 09:20,87.0,57.81
2026-07-12 09:21,87.1,58.11
2026-07-12 09:22,87.1,57.97
2026-07-12 09:23,87.2,57.85
2026-07-12 09:24,87.2,57.65
2026-07-12 09:25,87.3,57.53
2026-07-12 09:26,87.4,57.48
2026-07-12 09:27,87.4,57.32
2026-07-12 09:28,87.5,57.55
2026-07-12 09:29,87.6,57.97
2026-07-12 09:30,87.6,58.02
2026-07-12 09:31,87.7,57.99
2026-07-12 09:32,87.7,58.35
2026-07-12 09:33,87.8,58.21
2026-07-12 09:34,87.9,58.22
2026-07-12 09:35,87.9,57.82
2026-07-12 09:36,88.0,57.93
2026-07-12 09:37,88.1,57.82
2026-07-12 09:38,88.1,57.93
2026-07-12 09:39,88.2,57.69
2026-07-12 09:40,88.3,57.91
2026-07-12 09:41,88.3,58.18
2026-07-12 09:42,88.4,58.49
2026-07-12 09:43,88.5,58.63
2026-07-12 09:44,88.5,58.51
2026-07-12 09:45,88.6,58.49
2026-07-12 09:46,88.7,58.46
2026-07-12 09:47,88.7,58.19
2026-07-12 09:48,88.8,58.48
2026-07-12 09:49,88.8,58.47
2026-07-12 09:50,88.9,58.58
2026-07-12 09:51,89.0,58.51
2026-07-12 09:52,89.0,58.69
2026-07-12 09:53,89.1,58.64
2026-07-12 09:54,89.1,58.76
2026-07-12 09:55,89.2,58.96
2026-07-12 09:56,89.2,58.77
2026-07-12 09:57,89.3,58.69
2026-07-12 09:58,89.3,58.5
2026-07-12 09:59,89.4,58.66
2026-07-12 10:00,89.4,58.75
2026-07-12 10:01,89.5,58.62
2026-07-12 10:02,89.5,58.74
2026-07-12 10:03,89.5,58.71
2026-07-12 10:04,89.6,58.67
2026-07-12 10:05,89.6,58.74
2026-07-12 10:06,89.7,58.69
2026-07-12 10:07,89.7,58.54
2026-07-12 10:08,89.8,58.56
2026-07-12 10:09,89.8,58.77
2026-07-12 10:10,89.8,58.66
2026-07-12 10:11,89.9,58.85
2026-07-12 10:12,89.9,58.99
2026-07-12 10:13,90.0,59.01
2026-07-12 10:14,90.0,59.05
2026-07-12 10:15,90.0,59.0
2026-07-12 10:16,90.1,58.86
2026-07-12 10:17,90.1,58.55
2026-07-12 10:18,90.2,58.62
2026-07-12 10:19,90.2,58.65
2026-07-12 10:20,90.2,59.16
2026-07-12 10:21,90.3,59.02
2026-07-12 10:22,90.3,58.89
2026-07-12 10:23,90.4,58.73
2026-07-12 10:24,90.4,58.78
2026-07-12 10:25,90.5,58.94
2026-07-12 10:26,90.5,58.93
2026-07-12 10:27,90.6,59.02
2026-07-12 10:28,90.6,58.8
2026-07-12 10:29,90.7,58.74
2026-07-12 10:30,90.7,58.59
2026-07-12 10:31,90.8,58.44
2026-07-12 10:32,90.8,58.34
2026-07-12 10:33,90.9,58.54
2026-07-12 10:34,91.0,58.5
2026-07-12 10:35,91.0,58.47
2026-07-12 10:36,91.1,58.35
2026-07-12 10:37,91.1,58.36
2026-07-12 10:38,91.2,58.5
2026-07-12 10:39,91.3,58.29
2026-07-12 10:40,91.3,58.32
2026-07-12 10:41,91.4,58.35
2026-07-12 10:42,91.4,58.33
2026-07-12 10:43,91.5,58.19
2026-07-12 10:44,91.6,58.11
2026-07-12 10:45,91.6,58.17
2026-07-12 10:46,91.7,58.12
2026-07-12 10:47,91.8,58.07
2026-07-12 10:48,91.8,57.88
2026-07-12 10:49,91.9,58.01
2026-07-12 10:50,91.9,58.09
2026-07-12 10:51,92.0,58.18
2026-07-12 10:52,92.0,57.95
2026-07-12 10:53,92.1,57.88
2026-07-12 10:54,92.1,57.9
2026-07-12 10:55,92.2,57.91
2026-07-12 10:56,92.2,57.83
2026-07-12 10:57,92.3,57.77
2026-07-12 10:58,92.4,57.72
2026-07-12 10:59,92.4,57.72
2026-07-12 11:00,92.5,57.71
2026-07-12 11:01,92.5,57.63
2026-07-12 11:02,92.6,57.62
2026-07-12 11:03,92.7,57.58
2026-07-12 11:04,92.7,57.46
2026-07-12 11:05,92.8,57.54
2026-07-12 11:06,92.8,57.56
2026-07-12 11:07,92.9,57.41
2026-07-12 11:08,92.9,57.46
2026-07-12 11:09,93.0,57.28
2026-07-12 11:10,93.1,57.26
2026-07-12 11:11,93.2,57.41
2026-07-12 11:12,93.2,57.51
2026-07-12 11:13,93.3,57.5
2026-07-12 11:14,93.4,57.51
2026-07-12 11:15,93.4,57.34
2026-07-12 11:16,93.5,57.21
2026-07-12 11:17,93.6,57.18
2026-07-12 11:18,93.7,57.11
2026-07-12 11:19,93.7,57.05
2026-07-12 11:20,93.8,56.76
2026-07-12 11:21,93.9,56.95
2026-07-12 11:22,94.0,56.88
2026-07-12 11:23,94.1,56.83
2026-07-12 11:24,94.1,56.68
2026-07-12 11:25,94.2,56.84
2026-07-12 11:26,94.3,56.83
2026-07-12 11:27,94.4,56.88
2026-07-12 11:28,94.4,56.77
2026-07-12 11:29,94.5,56.95
2026-07-12 11:30,94.6,56.78
2026-07-12 11:31,94.7,56.7
2026-07-12 11:32,94.8,56.8
2026-07-12 11:33,94.8,56.77
2026-07-12 11:34,94.9,56.82
2026-07-12 11:35,95.0,56.8
2026-07-12 11:36,95.1,56.41
2026-07-12 11:37,95.2,56.2
2026-07-12 11:38,95.2,56.36
2026-07-12 11:39,95.3,56.31
2026-07-12 11:40,95.4,56.28
2026-07-12 11:41,95.5,56.18
2026-07-12 11:42,95.6,55.73
2026-07-12 11:43,95.7,55.99
2026-07-12 11:44,95.7,55.84
2026-07-12 11:45,95.8,55.93
2026-07-12 11:46,95.9,55.93
2026-07-12 11:47,96.0,55.65
2026-07-12 11:48,96.1,55.7
2026-07-12 11:49,96.1,55.67
2026-07-12 11:50,96.2,55.56
2026-07-12 11:51,96.3,55.56
2026-07-12 11:52,96.4,55.41
2026-07-12 11:53,96.5,55.47
2026-07-12 11:54,96.6,55.44
2026-07-12 11:55,96.6,55.36
2026-07-12 11:56,96.7,55.3
2026-07-12 11:57,96.8,54.98
2026-07-12 11:58,96.8,55.06
2026-07-12 11:59,96.9,54.91
2026-07-12 12:00,97.0,54.91
2026-07-12 12:01,97.1,54.82
2026-07-12 12:02,97.1,54.76
2026-07-12 12:03,97.2,54.69
2026-07-12 12:04,97.3,54.64
2026-07-12 12:05,97.3,54.5
2026-07-12 12:06,97.4,54.39
2026-07-12 12:07,97.4,54.3
2026-07-12 12:08,97.5,54.19
2026-07-12 12:09,97.5,54.2
2026-07-12 12:10,97.6,54.09
2026-07-12 12:11,97.6,54.03
2026-07-12 12:12,97.7,53.91
2026-07-12 12:13,97.7,53.9
2026-07-12 12:14,97.7,53.88
2026-07-12 12:15,97.8,53.89
2026-07-12 12:16,97.8,53.8
2026-07-12 12:17,97.9,53.79
2026-07-12 12:18,97.9,53.71
2026-07-12 12:19,97.9,53.69
2026-07-12 12:20,98.0,53.61
2026-07-12 12:21,98.0,53.53
2026-07-12 12:22,98.1,53.55
2026-07-12 12:23,98.1,53.49
2026-07-12 12:24,98.2,53.44
2026-07-12 12:25,98.2,53.38
2026-07-12 12:26,98.3,53.31
2026-07-12 12:27,98.3,53.28
2026-07-12 12:28,98.4,53.3
2026-07-12 12:29,98.4,53.22
2026-07-12 12:30,98.4,53.17
2026-07-12 12:31,98.5,53.03
2026-07-12 12:32,98.5,52.98
2026-07-12 12:33,98.6,52.93
2026-07-12 12:34,98.6,52.91
2026-07-12 12:35,98.6,52.88
2026-07-12 12:36,98.6,52.87
2026-07-12 12:37,98.7,52.84
2026-07-12 12:38,98.7,52.92
2026-07-12 12:39,98.7,52.93
2026-07-12 12:40,98.7,52.96
2026-07-12 12:41,98.7,52.91
2026-07-12 12:42,98.7,52.92
2026-07-12 12:43,98.7,52.92
2026-07-12 12:44,98.7,52.94
2026-07-12 12:45,98.7,53.03
2026-07-12 12:46,98.7,53.01
2026-07-12 12:47,98.7,53.01
2026-07-12 12:48,98.7,52.98
2026-07-12 12:49,98.7,52.96
2026-07-12 12:50,98.7,53.04
2026-07-12 12:51,98.7,53.09
2026-07-12 12:52,98.6,53.04
2026-07-12 12:53,98.6,53.08
2026-07-12 12:54,98.6,53.15
2026-07-12 12:55,98.5,53.17
2026-07-12 12:56,98.5,53.3
2026-07-12 12:57,98.4,53.28
2026-07-12 12:58,98.2,53.42
2026-07-12 12:59,98.1,53.46
2026-07-12 13:00,98.1,53.53
2026-07-12 13:01,98.0,53.59
2026-07-12 13:02,98.0,53.62
2026-07-12 13:03,97.9,53.6
2026-07-12 13:04,97.9,53.69
2026-07-12 13:05,97.8,53.73
2026-07-12 13:06,97.8,53.79
2026-07-12 13:07,97.7,53.78
2026-07-12 13:08,97.7,53.8
2026-07-12 13:09,97.6,53.84
2026-07-12 13:10,97.6,53.92
2026-07-12 13:11,97.5,54.01
2026-07-12 13:12,97.5,53.99
2026-07-12 13:13,97.4,54.04
2026-07-12 13:14,97.4,54.09
2026-07-12 13:15,97.3,54.19
2026-07-12 13:16,97.3,54.25
2026-07-12 13:17,97.2,54.27
2026-07-12 13:18,97.2,54.4
2026-07-12 13:19,97.1,54.39
2026-07-12 13:20,97.1,54.43
2026-07-12 13:21,97.0,54.47
2026-07-12 13:22,97.0,54.46
2026-07-12 13:23,96.9,54.58
2026-07-12 13:24,96.9,54.59
2026-07-12 13:25,96.8,54.6
2026-07-12 13:26,96.8,54.68
2026-07-12 13:27,96.8,54.78
2026-07-12 13:28,96.7,54.72
2026-07-12 13:29,96.7,54.79
2026-07-12 13:30,96.6,54.84
2026-07-12 13:31,96.6,54.9
2026-07-12 13:32,96.6,54.93
2026-07-12 13:33,96.5,54.96
2026-07-12 13:34,96.5,55.06
2026-07-12 13:35,96.4,55.19
2026-07-12 13:36,96.4,55.24
2026-07-12 13:37,96.4,55.23
2026-07-12 13:38,96.3,55.31
2026-07-12 13:39,96.3,55.31
2026-07-12 13:40,96.2,55.38
2026-07-12 13:41,96.2,55.36
2026-07-12 13:42,96.2,55.34
2026-07-12 13:43,96.1,55.42
2026-07-12 13:44,96.1,55.45
2026-07-12 13:45,96.1,55.48
2026-07-12 13:46,96.0,55.55
2026-07-12 13:47,96.0,55.57
2026-07-12 13:48,95.9,55.56
2026-07-12 13:49,95.9,55.56
2026-07-12 13:50,95.9,55.59
2026-07-12 13:51,95.8,55.66
2026-07-12 13:52,95.8,55.67
2026-07-12 13:53,95.7,55.68
2026-07-12 13:54,95.7,55.7
2026-07-12 13:55,95.7,55.71
2026-07-12 13:56,95.6,55.77
2026-07-12 13:57,95.6,55.78
2026-07-12 13:58,95.6,55.82
2026-07-12 13:59,95.5,55.76
2026-07-12 14:00,95.5,55.77
2026-07-12 14:01,95.5,55.8
2026-07-12 14:02,95.4,55.81
2026-07-12 14:03,95.4,55.83
2026-07-12 14:04,95.4,55.87
2026-07-12 14:05,95.3,55.86
2026-07-12 14:06,95.3,55.88
2026-07-12 14:07,95.3,55.86
2026-07-12 14:08,95.2,55.88
2026-07-12 14:09,95.2,55.89
2026-07-12 14:10,95.2,55.92
2026-07-12 14:11,95.2,55.93
2026-07-12 14:12,95.1,55.94
2026-07-12 14:13,95.1,55.95
2026-07-12 14:14,95.0,55.97
2026-07-12 14:15,95.0,55.97
2026-07-12 14:16,95.0,55.98
2026-07-12 14:17,95.0,55.99
2026-07-12 14:18,94.9,56.03
2026-07-12 14:19,94.9,56.05
2026-07-12 14:20,94.9,56.04
2026-07-12 14:21,94.8,56.05
2026-07-12 14:22,94.8,56.04
2026-07-12 14:23,94.8,56.08
2026-07-12 14:24,94.7,56.04
2026-07-12 14:25,94.7,56.04
2026-07-12 14:26,94.7,56.05
2026-07-12 14:27,94.6,56.05
2026-07-12 14:28,94.6,56.05
2026-07-12 14:29,94.6,56.06
2026-07-12 14:30,94.5,56.08
2026-07-12 14:31,94.5,56.07
2026-07-12 14:32,94.5,56.06
2026-07-12 14:33,94.4,56.09
2026-07-12 14:34,94.4,56.08
2026-07-12 14:35,94.4,56.09
2026-07-12 14:36,94.4,56.07
2026-07-12 14:37,94.3,56.07
2026-07-12 14:38,94.3,56.08
2026-07-12 14:39,94.3,56.08
2026-07-12 14:40,94.2,56.0
2026-07-12 14:41,94.2,56.03
2026-07-12 14:42,94.2,56.04
2026-07-12 14:43,94.1,56.02
2026-07-12 14:44,94.1,56.03
2026-07-12 14:45,94.1,56.12
2026-07-12 14:46,94.0,56.12
2026-07-12 14:47,94.0,56.12
2026-07-12 14:48,94.0,56.11
2026-07-12 14:49,94.0,56.11
2026-07-12 14:50,93.9,56.13
2026-07-12 14:51,93.9,56.15
2026-07-12 14:52,93.9,56.16
2026-07-12 14:53,93.8,56.07
2026-07-12 14:54,93.8,56.12
2026-07-12 14:55,93.8,56.14
2026-07-12 14:56,93.8,56.14
2026-07-12 14:57,93.7,56.18
2026-07-12 14:58,93.7,56.12
2026-07-12 14:59,93.7,56.18
2026-07-12 15:00,93.7,56.19
2026-07-12 15:01,93.6,56.19
2026-07-12 15:02,93.6,56.18
2026-07-12 15:03,93.6,56.22
2026-07-12 15:04,93.5,56.24
2026-07-12 15:05,93.5,56.3
2026-07-12 15:06,93.4,56.28
2026-07-12 15:07,93.4,56.21
2026-07-12 15:08,93.4,56.3
2026-07-12 15:09,93.3,56.36
2026-07-12 15:10,93.3,56.37
2026-07-12 15:11,93.3,56.39
2026-07-12 15:12,93.2,56.42
2026-07-12 15:13,93.2,56.39
2026-07-12 15:14,93.2,56.42
2026-07-12 15:15,93.1,56.43
2026-07-12 15:16,93.1,56.45
2026-07-12 15:17,93.1,56.44
2026-07-12 15:18,93.0,56.5
2026-07-12 15:19,93.0,56.48
2026-07-12 15:20,93.0,56.52
2026-07-12 15:21,92.9,56.51
2026-07-12 15:22,92.9,56.52
2026-07-12 15:23,92.9,56.58
2026-07-12 15:24,92.8,56.61
2026-07-12 15:25,92.8,56.49
2026-07-12 15:26,92.7,56.65
2026-07-12 15:27,92.7,56.49
2026-07-12 15:28,92.7,56.54
2026-07-12 15:29,92.6,56.69
2026-07-12 15:30,92.6,56.67
2026-07-12 15:31,92.6,56.63
2026-07-12 15:32,92.6,56.63
2026-07-12 15:33,92.6,56.66
2026-07-12 15:34,92.5,56.64
2026-07-12 15:35,92.5,56.67
2026-07-12 15:36,92.5,56.61
2026-07-12 15:37,92.5,56.71
2026-07-12 15:38,92.5,56.68
2026-07-12 15:39,92.5,56.72
2026-07-12 15:40,92.4,56.72
2026-07-12 15:41,92.4,56.7
2026-07-12 15:42,92.4,56.71
2026-07-12 15:43,92.4,56.71
2026-07-12 15:44,92.4,56.73
2026-07-12 15:45,92.4,56.75
2026-07-12 15:46,92.4,56.71
2026-07-12 15:47,92.4,56.81
2026-07-12 15:48,92.4,56.86
2026-07-12 15:49,92.4,56.81
2026-07-12 15:50,92.4,56.89
2026-07-12 15:51,92.4,57.06
2026-07-12 15:52,92.4,57.01
2026-07-12 15:53,92.4,57.11
2026-07-12 15:54,92.4,57.06
2026-07-12 15:55,92.3,57.04
2026-07-12 15:56,92.3,57.06
2026-07-12 15:57,92.4,57.13
2026-07-12 15:58,92.4,57.27
2026-07-12 15:59,92.4,57.33
2026-07-12 16:00,92.4,57.35
2026-07-12 16:01,92.4,57.41
2026-07-12 16:02,92.4,57.39
2026-07-12 16:03,92.4,57.37
2026-07-12 16:04,92.4,57.35
2026-07-12 16:05,92.5,57.38
2026-07-12 16:06,92.5,57.4
2026-07-12 16:07,92.5,57.35
2026-07-12 16:08,92.5,57.44
2026-07-12 16:09,92.6,57.47
2026-07-12 16:10,92.6,57.48
2026-07-12 16:11,92.6,57.5
2026-07-12 16:12,92.6,57.45
2026-07-12 16:13,92.7,57.48
2026-07-12 16:14,92.7,57.45
2026-07-12 16:15,92.7,57.49
2026-07-12 16:16,92.8,57.56
2026-07-12 16:17,92.8,57.54
2026-07-12 16:18,92.9,57.54
2026-07-12 16:19,92.9,57.44
2026-07-12 16:20,93.0,57.47
2026-07-12 16:21,93.0,57.39
2026-07-12 16:22,93.1,57.42
2026-07-12 16:23,93.1,57.33
2026-07-12 16:24,93.2,57.31
2026-07-12 16:25,93.2,57.26
2026-07-12 16:26,93.3,57.23
2026-07-12 16:27,93.4,57.13
2026-07-12 16:28,93.4,57.15
2026-07-12 16:29,93.5,57.22
2026-07-12 16:30,93.5,57.15
2026-07-12 16:31,93.6,57.16
2026-07-12 16:32,93.6,57.14
2026-07-12 16:33,93.7,57.11
2026-07-12 16:34,93.7,57.07
2026-07-12 16:35,93.8,57.0
2026-07-12 16:36,93.8,57.0
2026-07-12 16:37,93.9,56.9
2026-07-12 16:38,93.9,56.88
2026-07-12 16:39,93.9,56.83
2026-07-12 16:40,94.0,56.79
2026-07-12 16:41,94.0,56.8
2026-07-12 16:42,94.0,56.74
2026-07-12 16:43,94.1,56.71
2026-07-12 16:44,94.1,56.72
2026-07-12 16:45,94.1,56.7
2026-07-12 16:46,94.2,56.64
2026-07-12 16:47,94.2,56.62
2026-07-12 16:48,94.2,56.74
2026-07-12 16:49,94.2,56.73
2026-07-12 16:50,94.2,56.71
2026-07-12 16:51,94.3,56.67
2026-07-12 16:52,94.3,56.68
2026-07-12 16:53,94.3,56.65
2026-07-12 16:54,94.3,56.59
2026-07-12 16:55,94.3,56.72
2026-07-12 16:56,94.3,56.71
2026-07-12 16:57,94.3,56.69
2026-07-12 16:58,94.3,56.63
2026-07-12 16:59,94.3,56.69
2026-07-12 17:00,94.3,56.69
2026-07-12 17:01,94.3,56.74
2026-07-12 17:02,94.3,56.76
2026-07-12 17:03,94.3,56.71
2026-07-12 17:04,94.2,56.76
2026-07-12 17:05,94.2,56.69
2026-07-12 17:06,94.2,56.68
2026-07-12 17:07,94.3,56.66
2026-07-12 17:08,94.3,56.65
2026-07-12 17:09,94.3,56.68
2026-07-12 17:10,94.3,56.67
2026-07-12 17:11,94.3,56.62
2026-07-12 17:12,94.3,56.61
2026-07-12 17:13,94.3,56.6
2026-07-12 17:14,94.3,56.66
2026-07-12 17:15,94.3,56.62
2026-07-12 17:16,94.3,56.63
2026-07-12 17:17,94.3,56.61
2026-07-12 17:18,94.3,56.6
2026-07-12 17:19,94.3,56.63
2026-07-12 17:20,94.3,56.6
2026-07-12 17:21,94.3,56.6
2026-07-12 17:22,94.3,56.59
2026-07-12 17:23,94.3,56.58
2026-07-12 17:24,94.3,56.61
2026-07-12 17:25,94.3,56.58
2026-07-12 17:26,94.3,56.58
2026-07-12 17:27,94.3,56.6
2026-07-12 17:28,94.3,56.63
2026-07-12 17:29,94.3,56.62
2026-07-12 17:30,94.3,56.65
2026-07-12 17:31,94.2,56.65
2026-07-12 17:32,94.2,56.68
2026-07-12 17:33,94.2,56.69
2026-07-12 17:34,94.2,56.69
2026-07-12 17:35,94.2,56.68
2026-07-12 17:36,94.2,56.71
2026-07-12 17:37,94.2,56.7
2026-07-12 17:38,94.2,56.69
2026-07-12 17:39,94.2,56.68
2026-07-12 17:40,94.2,56.69
2026-07-12 17:41,94.2,56.69
2026-07-12 17:42,94.1,56.72
2026-07-12 17:43,94.1,56.71
2026-07-12 17:44,94.1,56.73
2026-07-12 17:45,94.1,56.72
2026-07-12 17:46,94.1,56.72
2026-07-12 17:47,94.0,56.72
2026-07-12 17:48,94.0,56.73
2026-07-12 17:49,94.0,56.74
2026-07-12 17:50,94.0,56.75
2026-07-12 17:51,94.0,56.74
2026-07-12 17:52,94.0,56.72
2026-07-12 17:53,94.0,56.72
2026-07-12 17:54,94.0,56.72
2026-07-12 17:55,94.0,56.71
2026-07-12 17:56,94.0,56.71
2026-07-12 17:57,94.0,56.68
2026-07-12 17:58,94.0,56.67
2026-07-12 17:59,94.0,56.68
2026-07-12 18:00,94.0,56.67
2026-07-12 18:01,94.0,56.68
2026-07-12 18:02,93.9,56.68
2026-07-12 18:03,93.9,56.67
2026-07-12 18:04,93.9,56.66
2026-07-12 18:05,93.9,56.63
2026-07-12 18:06,93.9,56.67
2026-07-12 18:07,93.9,56.67
2026-07-12 18:08,93.9,56.67
2026-07-12 18:09,93.9,56.67
2026-07-12 18:10,93.9,56.67
2026-07-12 18:11,93.9,56.66
2026-07-12 18:12,93.9,56.66
2026-07-12 18:13,93.9,56.66
2026-07-12 18:14,93.9,56.65
2026-07-12 18:15,93.8,56.63
2026-07-12 18:16,93.8,56.63
2026-07-12 18:17,93.8,56.63
2026-07-12 18:18,93.8,56.63
2026-07-12 18:19,93.8,56.63
2026-07-12 18:20,93.8,56.64
2026-07-12 18:21,93.8,56.63
2026-07-12 18:22,93.8,56.63
2026-07-12 18:23,93.8,56.64
2026-07-12 18:24,93.8,56.64
2026-07-12 18:25,93.8,56.64
2026-07-12 18:26,93.8,56.63
2026-07-12 18:27,93.7,56.65
2026-07-12 18:28,93.7,56.65
2026-07-12 18:29,93.7,56.63
2026-07-12 18:30,93.7,56.62
2026-07-12 18:31,93.7,56.62
2026-07-12 18:32,93.7,56.65
2026-07-12 18:33,93.7,56.65
2026-07-12 18:34,93.7,56.64
2026-07-12 18:35,93.6,56.64
2026-07-12 18:36,93.6,56.65
2026-07-12 18:37,93.6,56.65
2026-07-12 18:38,93.6,56.65
2026-07-12 18:39,93.6,56.66
2026-07-12 18:40,93.6,56.67
2026-07-12 18:41,93.6,56.68
2026-07-12 18:42,93.6,56.67
2026-07-12 18:43,93.5,56.68
2026-07-12 18:44,93.5,56.69
2026-07-12 18:45,93.5,56.7
2026-07-12 18:46,93.5,56.72
2026-07-12 18:47,93.5,56.71
2026-07-12 18:48,93.5,56.72
2026-07-12 18:49,93.4,56.72
2026-07-12 18:50,93.4,56.73
2026-07-12 18:51,93.4,56.75
2026-07-12 18:52,93.4,56.76
2026-07-12 18:53,93.4,56.77
2026-07-12 18:54,93.4,56.76
2026-07-12 18:55,93.4,56.77
2026-07-12 18:56,93.3,56.79
2026-07-12 18:57,93.3,56.79
2026-07-12 18:58,93.3,56.79
2026-07-12 18:59,93.3,56.83
2026-07-12 19:00,93.3,56.84
2026-07-12 19:01,93.3,56.82
2026-07-12 19:02,93.2,56.83
2026-07-12 19:03,93.2,56.85
2026-07-12 19:04,93.2,56.86
2026-07-12 19:05,93.2,56.87
2026-07-12 19:06,93.2,56.89
2026-07-12 19:07,93.2,56.9
2026-07-12 19:08,93.1,56.89
2026-07-12 19:09,93.1,56.9
2026-07-12 19:10,93.1,56.91
2026-07-12 19:11,93.1,56.92
2026-07-12 19:12,93.1,56.93
2026-07-12 19:13,93.1,56.92
2026-07-12 19:14,93.1,56.92
2026-07-12 19:15,93.0,56.96
2026-07-12 19:16,93.0,56.95
2026-07-12 19:17,93.0,56.97
2026-07-12 19:18,93.0,56.96
2026-07-12 19:19,93.0,56.96
2026-07-12 19:20,92.9,56.95
2026-07-12 19:21,92.9,56.96
2026-07-12 19:22,92.9,56.96
2026-07-12 19:23,92.9,56.96
2026-07-12 19:24,92.9,56.95
2026-07-12 19:25,92.9,56.92
2026-07-12 19:26,92.9,56.91
2026-07-12 19:27,92.9,56.96
2026-07-12 19:28,92.8,56.95
2026-07-12 19:29,92.8,56.95
2026-07-12 19:30,92.8,56.97
2026-07-12 19:31,92.8,56.98
2026-07-12 19:32,92.8,57.0
2026-07-12 19:33,92.8,56.96
2026-07-12 19:34,92.7,56.99
2026-07-12 19:35,92.7,56.99
2026-07-12 19:36,92.7,57.01
2026-07-12 19:37,92.7,56.99
2026-07-12 19:38,92.7,57.03
2026-07-12 19:39,92.7,57.03
2026-07-12 19:40,92.7,57.02
2026-07-12 19:41,92.7,57.07
2026-07-12 19:42,92.6,57.07
2026-07-12 19:43,92.6,57.07
2026-07-12 19:44,92.6,57.07
2026-07-12 19:45,92.6,57.09
2026-07-12 19:46,92.6,57.08
2026-07-12 19:47,92.5,57.1
2026-07-12 19:48,92.5,57.11
2026-07-12 19:49,92.5,57.06
2026-07-12 19:50,92.5,57.08
2026-07-12 19:51,92.5,57.08
2026-07-12 19:52,92.5,57.08
2026-07-12 19:53,92.5,57.06
2026-07-12 19:54,92.4,57.08
2026-07-12 19:55,92.4,57.08
2026-07-12 19:56,92.4,57.08
2026-07-12 19:57,92.4,57.11
2026-07-12 19:58,92.4,57.14
2026-07-12 19:59,92.4,57.1
2026-07-12 20:00,92.3,57.11
2026-07-12 20:01,92.3,57.09
2026-07-12 20:02,92.3,57.11
2026-07-12 20:03,92.3,57.09
2026-07-12 20:04,92.3,57.1
2026-07-12 20:05,92.2,57.15
2026-07-12 20:06,92.2,57.1
2026-07-12 20:07,92.2,57.11
2026-07-12 20:08,92.2,57.11
2026-07-12 20:09,92.2,57.1
2026-07-12 20:10,92.1,57.11
2026-07-12 20:11,92.1,57.15
2026-07-12 20:12,92.1,57.15
2026-07-12 20:13,92.1,57.17
2026-07-12 20:14,92.1,57.19
2026-07-12 20:15,92.0,57.2
2026-07-12 20:16,92.0,57.17
2026-07-12 20:17,92.0,57.16
2026-07-12 20:18,92.0,57.19
2026-07-12 20:19,92.0,57.15
2026-07-12 20:20,91.9,57.16
2026-07-12 20:21,91.9,57.24
2026-07-12 20:22,91.9,57.26
2026-07-12 20:23,91.9,57.26
2026-07-12 20:24,91.8,57.28
2026-07-12 20:25,91.8,57.28
2026-07-12 20:26,91.8,57.3
2026-07-12 20:27,91.8,57.29
2026-07-12 20:28,91.8,57.3
2026-07-12 20:29,91.7,57.28
2026-07-12 20:30,91.7,57.25
2026-07-12 20:31,91.7,57.19
2026-07-12 20:32,91.7,57.21
2026-07-12 20:33,91.6,57.17
2026-07-12 20:34,91.6,57.19
2026-07-12 20:35,91.6,57.15
2026-07-12 20:36,91.6,57.17
2026-07-12 20:37,91.5,57.13
2026-07-12 20:38,91.5,57.11
2026-07-12 20:39,91.5,57.01
2026-07-12 20:40,91.4,56.9
2026-07-12 20:41,91.4,56.96
2026-07-12 20:42,91.4,56.88
2026-07-12 20:43,91.4,56.66
2026-07-12 20:44,91.4,56.74
2026-07-12 20:45,91.3,56.67
2026-07-12 20:46,91.3,56.7
2026-07-12 20:47,91.3,56.75
2026-07-12 20:48,91.3,56.63
2026-07-12 20:49,91.2,56.69
2026-07-12 20:50,91.2,56.71
2026-07-12 20:51,91.2,56.5
2026-07-12 20:52,91.2,56.48
2026-07-12 20:53,91.1,56.41
2026-07-12 20:54,91.1,56.49
2026-07-12 20:55,91.1,56.48
2026-07-12 20:56,91.1,56.43
2026-07-12 20:57,91.0,56.46
2026-07-12 20:58,91.0,56.45
2026-07-12 20:59,91.0,56.42
2026-07-12 21:00,91.0,56.47
2026-07-12 21:01,90.9,56.44
2026-07-12 21:02,90.9,56.43
2026-07-12 21:03,90.9,56.46
2026-07-12 21:04,90.9,56.52
2026-07-12 21:05,90.8,56.44
2026-07-12 21:06,90.8,56.45
2026-07-12 21:07,90.8,56.43
2026-07-12 21:08,90.8,56.51
2026-07-12 21:09,90.7,56.5
2026-07-12 21:10,90.7,56.58
2026-07-12 21:11,90.7,56.66
2026-07-12 21:12,90.7,56.57
2026-07-12 21:13,90.6,56.59
2026-07-12 21:14,90.6,56.54
2026-07-12 21:15,90.6,56.58
2026-07-12 21:16,90.5,56.6
2026-07-12 21:17,90.5,56.6
2026-07-12 21:18,90.5,56.61
2026-07-12 21:19,90.5,56.59
2026-07-12 21:20,90.5,56.61
2026-07-12 21:21,90.4,56.61
2026-07-12 21:22,90.4,56.62
2026-07-12 21:23,90.4,56.67
2026-07-12 21:24,90.3,56.7
2026-07-12 21:25,90.3,56.73
2026-07-12 21:26,90.3,56.71
2026-07-12 21:27,90.3,56.72
2026-07-12 21:28,90.2,56.77
2026-07-12 21:29,90.2,56.65
2026-07-12 21:30,90.2,56.74
2026-07-12 21:31,90.2,56.88
2026-07-12 21:32,90.1,56.81
2026-07-12 21:33,90.1,56.77
2026-07-12 21:34,90.1,56.71
2026-07-12 21:35,90.1,56.87
2026-07-12 21:36,90.0,56.74
2026-07-12 21:37,90.0,57.02
2026-07-12 21:38,90.0,57.36
2026-07-12 21:39,90.0,57.23
2026-07-12 21:40,90.0,56.89
2026-07-12 21:41,89.9,56.85
2026-07-12 21:42,89.9,56.91
2026-07-12 21:43,89.9,57.0
2026-07-12 21:44,89.9,57.25
2026-07-12 21:45,89.8,57.4
2026-07-12 21:46,89.8,57.06
2026-07-12 21:47,89.8,57.16
2026-07-12 21:48,89.8,57.39
2026-07-12 21:49,89.7,57.39
2026-07-12 21:50,89.7,57.24
2026-07-12 21:51,89.7,57.2
2026-07-12 21:52,89.7,57.34
2026-07-12 21:53,89.7,57.23
2026-07-12 21:54,89.6,57.45
2026-07-12 21:55,89.6,57.34
2026-07-12 21:56,89.6,57.14
2026-07-12 21:57,89.6,57.12
2026-07-12 21:58,89.6,57.32
2026-07-12 21:59,89.5,57.68
2026-07-12 22:00,89.5,57.56
2026-07-12 22:01,89.5,57.59
2026-07-12 22:02,89.5,57.57
2026-07-12 22:03,89.4,57.52
2026-07-12 22:04,89.4,57.49
2026-07-12 22:05,89.4,57.44
2026-07-12 22:06,89.4,57.37
2026-07-12 22:07,89.4,57.51
2026-07-12 22:08,89.3,57.71
2026-07-12 22:09,89.3,57.73
2026-07-12 22:10,89.3,57.35
2026-07-12 22:11,89.3,57.48
2026-07-12 22:12,89.3,57.67
2026-07-12 22:13,89.3,57.63
2026-07-12 22:14,89.2,57.49
2026-07-12 22:15,89.2,57.59
2026-07-12 22:16,89.2,57.62
2026-07-12 22:17,89.2,57.69
2026-07-12 22:18,89.2,57.42
2026-07-12 22:19,89.1,57.69
2026-07-12 22:20,89.1,57.68
2026-07-12 22:21,89.1,57.76
2026-07-12 22:22,89.1,57.82
2026-07-12 22:23,89.1,57.82
2026-07-12 22:24,89.1,57.82
2026-07-12 22:25,89.0,57.71
2026-07-12 22:26,89.0,57.82
2026-07-12 22:27,89.0,57.72
2026-07-12 22:28,89.0,57.61
2026-07-12 22:29,89.0,57.56
2026-07-12 22:30,89.0,57.58
2026-07-12 22:31,89.0,57.71
2026-07-12 22:32,88.9,57.79
2026-07-12 22:33,88.9,57.66
2026-07-12 22:34,88.9,57.72
2026-07-12 22:35,88.9,57.53
2026-07-12 22:36,88.9,57.6
2026-07-12 22:37,88.9,57.81
2026-07-12 22:38,88.9,57.99
2026-07-12 22:39,88.8,57.78
2026-07-12 22:40,88.8,57.73
2026-07-12 22:41,88.8,57.8
2026-07-12 22:42,88.8,57.75
2026-07-12 22:43,88.8,57.96
2026-07-12 22:44,88.8,57.93
2026-07-12 22:45,88.8,57.98
2026-07-12 22:46,88.7,57.82
2026-07-12 22:47,88.7,57.94
2026-07-12 22:48,88.7,58.12
2026-07-12 22:49,88.7,58.05
2026-07-12 22:50,88.7,57.85
2026-07-12 22:51,88.7,57.96
2026-07-12 22:52,88.7,57.9
2026-07-12 22:53,88.7,57.9
2026-07-12 22:54,88.6,57.83
2026-07-12 22:55,88.6,57.68
2026-07-12 22:56,88.6,57.91
2026-07-12 22:57,88.6,58.04
2026-07-12 22:58,88.6,58.03
2026-07-12 22:59,88.6,57.92
2026-07-12 23:00,88.6,58.14
2026-07-12 23:01,88.6,58.14
2026-07-12 23:02,88.5,58.12
2026-07-12 23:03,88.5,58.16
2026-07-12 23:04,88.5,57.99
2026-07-12 23:05,88.5,58.01
2026-07-12 23:06,88.5,57.95
2026-07-12 23:07,88.5,57.71
2026-07-12 23:08,88.5,57.9
2026-07-12 23:09,88.5,57.98
2026-07-12 23:10,88.4,57.97
2026-07-12 23:11,88.4,57.96
2026-07-12 23:12,88.4,57.93
2026-07-12 23:13,88.4,57.93
2026-07-12 23:14,88.4,58.01
2026-07-12 23:15,88.4,58.07
2026-07-12 23:16,88.4,57.99
2026-07-12 23:17,88.4,57.98
2026-07-12 23:18,88.4,58.09
2026-07-12 23:19,88.3,58.03
2026-07-12 23:20,88.3,58.07
2026-07-12 23:21,88.3,57.94
2026-07-12 23:22,88.3,58.13
2026-07-12 23:23,88.3,58.06
2026-07-12 23:24,88.3,58.15
2026-07-12 23:25,88.3,58.14
2026-07-12 23:26,88.3,58.23
2026-07-12 23:27,88.2,58.27
2026-07-12 23:28,88.2,58.2
2026-07-12 23:29,88.2,58.19
2026-07-12 23:30,88.2,58.29
2026-07-12 23:31,88.2,58.12
2026-07-12 23:32,88.2,58.18
2026-07-12 23:33,88.2,58.25
2026-07-12 23:34,88.2,58.22
2026-07-12 23:35,88.1,58.3
2026-07-12 23:36,88.1,58.62
2026-07-12 23:37,88.1,58.43
2026-07-12 23:38,88.1,58.52
2026-07-12 23:39,88.1,58.35
2026-07-12 23:40,88.1,58.34
2026-07-12 23:41,88.1,58.41
2026-07-12 23:42,88.1,58.41
2026-07-12 23:43,88.1,58.48
2026-07-12 23:44,88.0,58.41
2026-07-12 23:45,88.0,58.42
2026-07-12 23:46,88.0,58.39
2026-07-12 23:47,88.0,58.34
2026-07-12 23:48,88.0,58.37
2026-07-12 23:49,88.0,58.37
2026-07-12 23:50,88.0,58.36
2026-07-12 23:51,88.0,58.5
2026-07-12 23:52,87.9,58.56
2026-07-12 23:53,87.9,58.57
2026-07-12 23:54,87.9,58.38
2026-07-12 23:55,87.9,58.36
2026-07-12 23:56,87.9,58.55
2026-07-12 23:57,87.9,58.59
2026-07-12 23:58,87.9,58.61
2026-07-12 23:59,87.9,58.56
2026-07-13 00:00,87.9,58.67
2026-07-13 00:01,87.8,58.56
2026-07-13 00:02,87.8,58.51
2026-07-13 00:03,87.8,58.7
2026-07-13 00:04,87.8,58.72
2026-07-13 00:05,87.8,58.56
2026-07-13 00:06,87.8,58.57
2026-07-13 00:07,87.8,58.59
2026-07-13 00:08,87.8,58.56
2026-07-13 00:09,87.8,58.44
2026-07-13 00:10,87.8,58.4
2026-07-13 00:11,87.8,58.49
2026-07-13 00:12,87.8,58.31
2026-07-13 00:13,87.8,58.44
2026-07-13 00:14,87.8,58.35
2026-07-13 00:15,87.7,58.48
2026-07-13 00:16,87.7,58.48
2026-07-13 00:17,87.7,58.61
2026-07-13 00:18,87.7,58.5
2026-07-13 00:19,87.7,58.5
2026-07-13 00:20,87.7,58.43
2026-07-13 00:21,87.7,58.39
2026-07-13 00:22,87.7,58.53
2026-07-13 00:23,87.7,58.52
2026-07-13 00:24,87.7,58.46
2026-07-13 00:25,87.7,58.45
2026-07-13 00:26,87.6,58.48
2026-07-13 00:27,87.6,58.37
2026-07-13 00:28,87.6,58.35
2026-07-13 00:29,87.6,58.49
2026-07-13 00:30,87.6,58.26
2026-07-13 00:31,87.6,58.41
2026-07-13 00:32,87.6,58.45
2026-07-13 00:33,87.6,58.45
2026-07-13 00:34,87.6,58.43
2026-07-13 00:35,87.6,58.36
2026-07-13 00:36,87.5,58.42
2026-07-13 00:37,87.5,58.48
2026-07-13 00:38,87.5,58.37
2026-07-13 00:39,87.5,58.54
2026-07-13 00:40,87.5,58.51
2026-07-13 00:41,87.5,58.5
2026-07-13 00:42,87.5,58.48
2026-07-13 00:43,87.5,58.43
2026-07-13 00:44,87.5,58.41
2026-07-13 00:45,87.4,58.51
2026-07-13 00:46,87.4,58.44
2026-07-13 00:47,87.4,58.41
2026-07-13 00:48,87.4,58.48
2026-07-13 00:49,87.4,58.47
2026-07-13 00:50,87.4,58.59
2026-07-13 00:51,87.4,58.39
2026-07-13 00:52,87.4,58.51
2026-07-13 00:53,87.4,58.48
2026-07-13 00:54,87.4,58.52
2026-07-13 00:55,87.3,58.5
2026-07-13 00:56,87.3,58.48
2026-07-13 00:57,87.3,58.52
2026-07-13 00:58,87.3,58.55
2026-07-13 00:59,87.3,58.62
2026-07-13 01:00,87.3,58.62
2026-07-13 01:01,87.3,58.54
2026-07-13 01:02,87.3,58.58
2026-07-13 01:03,87.3,58.64
2026-07-13 01:04,87.2,58.81
2026-07-13 01:05,87.2,58.75
2026-07-13 01:06,87.2,58.64
2026-07-13 01:07,87.2,58.63
2026-07-13 01:08,87.2,58.77
2026-07-13 01:09,87.2,59.08
2026-07-13 01:10,87.2,58.88
2026-07-13 01:11,87.1,58.74
2026-07-13 01:12,87.1,58.7
2026-07-13 01:13,87.1,58.76
2026-07-13 01:14,87.1,58.71
2026-07-13 01:15,87.1,58.66
2026-07-13 01:16,87.1,58.61
2026-07-13 01:17,87.1,58.57
2026-07-13 01:18,87.1,58.56
2026-07-13 01:19,87.1,58.56
2026-07-13 01:20,87.1,58.46
2026-07-13 01:21,87.1,58.59
2026-07-13 01:22,87.1,58.56
2026-07-13 01:23,87.1,58.67
2026-07-13 01:24,87.0,58.59
2026-07-13 01:25,87.0,58.55
2026-07-13 01:26,87.0,58.54
2026-07-13 01:27,87.0,58.6
2026-07-13 01:28,87.0,58.75
2026-07-13 01:29,87.0,58.66
2026-07-13 01:30,87.0,58.65
2026-07-13 01:31,87.0,58.66
2026-07-13 01:32,87.0,58.55
2026-07-13 01:33,87.0,58.52
2026-07-13 01:34,87.0,58.52
2026-07-13 01:35,86.9,58.49
2026-07-13 01:36,86.9,58.46
2026-07-13 01:37,86.9,58.4
2026-07-13 01:38,86.9,58.49
2026-07-13 01:39,86.9,58.51
2026-07-13 01:40,86.9,58.56
2026-07-13 01:41,86.9,58.53
2026-07-13 01:42,86.9,58.51
2026-07-13 01:43,86.9,58.81
2026-07-13 01:44,86.9,58.85
2026-07-13 01:45,86.9,58.76
2026-07-13 01:46,86.9,59.19
2026-07-13 01:47,86.8,59.09
2026-07-13 01:48,86.8,58.92
2026-07-13 01:49,86.8,58.83
2026-07-13 01:50,86.8,58.79
2026-07-13 01:51,86.8,58.79
2026-07-13 01:52,86.8,58.68
2026-07-13 01:53,86.8,58.64
2026-07-13 01:54,86.8,58.62
2026-07-13 01:55,86.8,58.77
2026-07-13 01:56,86.8,58.69
2026-07-13 01:57,86.8,58.92
2026-07-13 01:58,86.8,59.15
2026-07-13 01:59,86.8,58.88
2026-07-13 02:00,86.7,58.77
2026-07-13 02:01,86.7,58.77
2026-07-13 02:02,86.7,58.88
2026-07-13 02:03,86.7,58.92
2026-07-13 02:04,86.7,58.87
2026-07-13 02:05,86.7,58.91
2026-07-13 02:06,86.7,59.08
2026-07-13 02:07,86.7,59.29
2026-07-13 02:08,86.7,59.24
2026-07-13 02:09,86.7,59.43
2026-07-13 02:10,86.6,59.11
2026-07-13 02:11,86.6,59.09
2026-07-13 02:12,86.6,59.2
2026-07-13 02:13,86.6,59.11
2026-07-13 02:14,86.6,59.04
2026-07-13 02:15,86.6,59.09
2026-07-13 02:16,86.6,59.0
2026-07-13 02:17,86.6,59.19
2026-07-13 02:18,86.6,59.13
2026-07-13 02:19,86.6,59.14
2026-07-13 02:20,86.6,59.19
2026-07-13 02:21,86.6,59.22
2026-07-13 02:22,86.6,59.16
2026-07-13 02:23,86.5,59.28
2026-07-13 02:24,86.5,59.09
2026-07-13 02:25,86.5,59.15
2026-07-13 02:26,86.5,59.16
2026-07-13 02:27,86.5,59.09
2026-07-13 02:28,86.5,59.21
2026-07-13 02:29,86.5,59.27
2026-07-13 02:30,86.5,59.1
2026-07-13 02:31,86.5,59.22
2026-07-13 02:32,86.5,59.05
2026-07-13 02:33,86.5,59.17
2026-07-13 02:34,86.5,59.25
2026-07-13 02:35,86.5,59.16
2026-07-13 02:36,86.5,59.2
2026-07-13 02:37,86.5,59.16
2026-07-13 02:38,86.5,59.36
2026-07-13 02:39,86.4,59.07
2026-07-13 02:40,86.4,59.13
2026-07-13 02:41,86.4,58.94
2026-07-13 02:42,86.4,58.91
2026-07-13 02:43,86.4,58.93
2026-07-13 02:44,86.4,59.06
2026-07-13 02:45,86.4,58.9
2026-07-13 02:46,86.4,58.96
2026-07-13 02:47,86.4,58.98
2026-07-13 02:48,86.4,58.89
2026-07-13 02:49,86.4,58.93
2026-07-13 02:50,86.4,58.82
2026-07-13 02:51,86.4,59.24
2026-07-13 02:52,86.4,59.11
2026-07-13 02:53,86.4,58.94
2026-07-13 02:54,86.4,58.87
2026-07-13 02:55,86.4,58.88
2026-07-13 02:56,86.4,58.91
2026-07-13 02:57,86.4,58.86
2026-07-13 02:58,86.4,58.81
2026-07-13 02:59,86.4,58.87
2026-07-13 03:00,86.4,58.88
2026-07-13 03:01,86.4,58.89
2026-07-13 03:02,86.4,58.94
2026-07-13 03:03,86.4,58.91
2026-07-13 03:04,86.4,58.9
2026-07-13 03:05,86.3,58.95
2026-07-13 03:06,86.3,58.87
2026-07-13 03:07,86.3,58.83
2026-07-13 03:08,86.3,58.85
2026-07-13 03:09,86.3,58.92
2026-07-13 03:10,86.3,58.8
2026-07-13 03:11,86.3,58.76
2026-07-13 03:12,86.3,58.75
2026-07-13 03:13,86.3,58.84
2026-07-13 03:14,86.3,58.82
2026-07-13 03:15,86.3,58.8
2026-07-13 03:16,86.3,59.05
2026-07-13 03:17,86.3,59.12
2026-07-13 03:18,86.3,59.04
2026-07-13 03:19,86.3,58.97
2026-07-13 03:20,86.3,58.9
2026-07-13 03:21,86.3,59.03
2026-07-13 03:22,86.2,59.01
2026-07-13 03:23,86.2,58.87
2026-07-13 03:24,86.2,58.84
2026-07-13 03:25,86.2,58.89
2026-07-13 03:26,86.2,59.05
2026-07-13 03:27,86.2,58.83
2026-07-13 03:28,86.2,58.88
2026-07-13 03:29,86.2,58.94
2026-07-13 03:30,86.2,59.02
2026-07-13 03:31,86.2,59.23
2026-07-13 03:32,86.2,59.11
2026-07-13 03:33,86.2,58.96
2026-07-13 03:34,86.2,58.9
2026-07-13 03:35,86.2,59.21
2026-07-13 03:36,86.2,59.08
2026-07-13 03:37,86.2,59.07
2026-07-13 03:38,86.1,59.12
2026-07-13 03:39,86.1,59.24
2026-07-13 03:40,86.1,59.15
2026-07-13 03:41,86.1,59.21
2026-07-13 03:42,86.1,59.01
2026-07-13 03:43,86.1,59.01
2026-07-13 03:44,86.1,59.15
2026-07-13 03:45,86.1,59.13
2026-07-13 03:46,86.1,59.23
2026-07-13 03:47,86.1,59.16
2026-07-13 03:48,86.1,59.19
2026-07-13 03:49,86.0,59.08
2026-07-13 03:50,86.0,59.19
2026-07-13 03:51,86.0,59.4
2026-07-13 03:52,86.0,59.79
2026-07-13 03:53,86.0,59.68
2026-07-13 03:54,86.0,60.16
2026-07-13 03:55,85.9,60.18
2026-07-13 03:56,85.9,59.96
2026-07-13 03:57,85.9,59.78
2026-07-13 03:58,85.9,59.7
2026-07-13 03:59,85.8,59.52
2026-07-13 04:00,85.8,59.54
2026-07-13 04:01,85.8,59.41
2026-07-13 04:02,85.8,59.55
2026-07-13 04:03,85.8,59.46
2026-07-13 04:04,85.8,59.4
2026-07-13 04:05,85.7,59.49
2026-07-13 04:06,85.7,59.59
2026-07-13 04:07,85.7,59.57
2026-07-13 04:08,85.7,59.59
2026-07-13 04:09,85.7,59.59
2026-07-13 04:10,85.7,59.61
2026-07-13 04:11,85.7,59.65
2026-07-13 04:12,85.6,59.78
2026-07-13 04:13,85.6,59.78
2026-07-13 04:14,85.6,59.71
2026-07-13 04:15,85.6,59.63
2026-07-13 04:16,85.6,59.54
2026-07-13 04:17,85.6,59.47
2026-07-13 04:18,85.6,59.43
2026-07-13 04:19,85.6,59.95
2026-07-13 04:20,85.6,59.73
2026-07-13 04:21,85.6,59.62
2026-07-13 04:22,85.6,59.54
2026-07-13 04:23,85.6,59.54
2026-07-13 04:24,85.6,59.5
2026-07-13 04:25,85.6,59.45
2026-07-13 04:26,85.6,59.4
2026-07-13 04:27,85.6,59.35
2026-07-13 04:28,85.6,59.34
2026-07-13 04:29,85.6,59.57
2026-07-13 04:30,85.6,59.76
2026-07-13 04:31,85.6,59.67
2026-07-13 04:32,85.6,59.53
2026-07-13 04:33,85.6,59.45
2026-07-13 04:34,85.6,59.87
2026-07-13 04:35,85.6,59.58
2026-07-13 04:36,85.6,59.42
2026-07-13 04:37,85.6,59.46
2026-07-13 04:38,85.6,59.6
2026-07-13 04:39,85.6,59.5
2026-07-13 04:40,85.6,59.66
2026-07-13 04:41,85.6,59.66
2026-07-13 04:42,85.6,59.8
2026-07-13 04:43,85.6,59.87
2026-07-13 04:44,85.6,59.63
2026-07-13 04:45,85.6,59.54
2026-07-13 04:46,85.6,59.45
2026-07-13 04:47,85.6,59.47
2026-07-13 04:48,85.6,59.57
2026-07-13 04:49,85.6,59.54
2026-07-13 04:50,85.6,59.46
2026-07-13 04:51,85.6,59.47
2026-07-13 04:52,85.6,59.35
2026-07-13 04:53,85.6,59.29
2026-07-13 04:54,85.6,59.31
2026-07-13 04:55,85.6,59.27
2026-07-13 04:56,85.6,59.6
2026-07-13 04:57,85.6,59.51
2026-07-13 04:58,85.6,59.41
2026-07-13 04:59,85.6,59.41
2026-07-13 05:00,85.6,59.38
2026-07-13 05:01,85.6,59.49
2026-07-13 05:02,85.6,59.46
2026-07-13 05:03,85.5,59.51
2026-07-13 05:04,85.5,59.57
2026-07-13 05:05,85.5,59.68
2026-07-13 05:06,85.5,59.45
2026-07-13 05:07,85.5,59.44
2026-07-13 05:08,85.5,59.37
2026-07-13 05:09,85.5,59.34
2026-07-13 05:10,85.5,59.33
2026-07-13 05:11,85.5,59.3
2026-07-13 05:12,85.5,59.3
2026-07-13 05:13,85.5,59.28
2026-07-13 05:14,85.5,59.28
2026-07-13 05:15,85.5,59.34
2026-07-13 05:16,85.5,59.25
2026-07-13 05:17,85.5,59.35
2026-07-13 05:18,85.4,59.32
2026-07-13 05:19,85.4,59.38
2026-07-13 05:20,85.4,59.34
2026-07-13 05:21,85.4,59.35
2026-07-13 05:22,85.4,59.35
2026-07-13 05:23,85.4,59.24
2026-07-13 05:24,85.4,59.26
2026-07-13 05:25,85.4,59.35
2026-07-13 05:26,85.4,59.28
2026-07-13 05:27,85.4,59.29
2026-07-13 05:28,85.4,59.37
2026-07-13 05:29,85.4,59.41
2026-07-13 05:30,85.4,59.46
2026-07-13 05:31,85.4,59.35
2026-07-13 05:32,85.4,59.41
2026-07-13 05:33,85.3,59.39
2026-07-13 05:34,85.3,59.36
2026-07-13 05:35,85.3,59.35
2026-07-13 05:36,85.3,59.35
2026-07-13 05:37,85.3,59.31
2026-07-13 05:38,85.3,59.35
2026-07-13 05:39,85.3,59.42
2026-07-13 05:40,85.3,59.4
2026-07-13 05:41,85.3,59.34
2026-07-13 05:42,85.3,59.34
2026-07-13 05:43,85.3,59.32
2026-07-13 05:44,85.3,59.37
2026-07-13 05:45,85.3,59.44
2026-07-13 05:46,85.2,59.47
2026-07-13 05:47,85.2,59.48
2026-07-13 05:48,85.2,59.41
2026-07-13 05:49,85.2,59.5
2026-07-13 05:50,85.2,59.43
2026-07-13 05:51,85.2,59.5
2026-07-13 05:52,85.2,59.48
2026-07-13 05:53,85.2,59.49
2026-07-13 05:54,85.2,59.43
2026-07-13 05:55,85.2,59.5
2026-07-13 05:56,85.2,59.46
2026-07-13 05:57,85.2,59.41
2026-07-13 05:58,85.1,59.45
2026-07-13 05:59,85.1,59.44
2026-07-13 06:00,85.1,59.5
2026-07-13 06:01,85.1,59.41
2026-07-13 06:02,85.1,59.38
2026-07-13 06:03,85.1,59.39
2026-07-13 06:04,85.1,59.47
2026-07-13 06:05,85.1,59.53
2026-07-13 06:06,85.1,59.57
2026-07-13 06:07,85.1,59.58
2026-07-13 06:08,85.1,59.59
2026-07-13 06:09,85.1,59.56
2026-07-13 06:10,85.0,59.58
2026-07-13 06:11,85.0,59.68
2026-07-13 06:12,85.0,59.57
2026-07-13 06:13,85.0,59.62
2026-07-13 06:14,85.0,59.53
2026-07-13 06:15,85.0,59.63
2026-07-13 06:16,85.0,59.47
2026-07-13 06:17,85.0,59.49
2026-07-13 06:18,85.0,59.5
2026-07-13 06:19,85.0,59.65
2026-07-13 06:20,85.0,59.8
2026-07-13 06:21,84.9,59.61
2026-07-13 06:22,84.9,59.63
2026-07-13 06:23,84.9,59.76
2026-07-13 06:24,84.9,59.8
2026-07-13 06:25,84.9,59.67
2026-07-13 06:26,84.9,59.67
2026-07-13 06:27,84.9,59.69
2026-07-13 06:28,84.9,59.61
2026-07-13 06:29,84.9,59.74
2026-07-13 06:30,84.9,59.84
2026-07-13 06:31,84.9,59.83
2026-07-13 06:32,84.9,59.79
2026-07-13 06:33,84.9,59.83
2026-07-13 06:34,84.8,59.79
2026-07-13 06:35,84.8,59.86
2026-07-13 06:36,84.8,59.83
2026-07-13 06:37,84.8,59.81
2026-07-13 06:38,84.8,59.78
2026-07-13 06:39,84.8,59.74
2026-07-13 06:40,84.8,59.62
2026-07-13 06:41,84.8,59.69
2026-07-13 06:42,84.8,59.89
2026-07-13 06:43,84.8,59.88
2026-07-13 06:44,84.8,59.93
2026-07-13 06:45,84.8,59.88
2026-07-13 06:46,84.8,59.87
2026-07-13 06:47,84.7,59.89
2026-07-13 06:48,84.7,59.8
2026-07-13 06:49,84.7,59.73
2026-07-13 06:50,84.7,59.69
2026-07-13 06:51,84.7,59.77
2026-07-13 06:52,84.7,59.93
2026-07-13 06:53,84.7,60.04
2026-07-13 06:54,84.7,59.96
2026-07-13 06:55,84.7,59.9
2026-07-13 06:56,84.7,59.92
2026-07-13 06:57,84.7,60.0
2026-07-13 06:58,84.7,59.9
2026-07-13 06:59,84.7,60.06
2026-07-13 07:00,84.7,59.92
2026-07-13 07:01,84.7,59.87
2026-07-13 07:02,84.7,60.08
2026-07-13 07:03,84.7,59.89
2026-07-13 07:04,84.7,59.82
2026-07-13 07:05,84.6,59.85
2026-07-13 07:06,84.7,59.9
2026-07-13 07:07,84.6,59.81
2026-07-13 07:08,84.6,59.77
2026-07-13 07:09,84.6,59.65
2026-07-13 07:10,84.6,59.75
2026-07-13 07:11,84.6,59.67
2026-07-13 07:12,84.6,59.62
2026-07-13 07:13,84.6,59.68
2026-07-13 07:14,84.6,59.76
2026-07-13 07:15,84.6,59.69
2026-07-13 07:16,84.6,59.72
2026-07-13 07:17,84.6,59.65
2026-07-13 07:18,84.6,59.71
2026-07-13 07:19,84.6,59.79
2026-07-13 07:20,84.6,59.72
2026-07-13 07:21,84.6,59.72
2026-07-13 07:22,84.6,59.76
2026-07-13 07:23,84.6,59.76
2026-07-13 07:24,84.6,59.86
2026-07-13 07:25,84.6,59.81
2026-07-13 07:26,84.6,59.78
2026-07-13 07:27,84.6,59.8
2026-07-13 07:28,84.6,59.71
2026-07-13 07:29,84.6,59.76
2026-07-13 07:30,84.6,59.75
2026-07-13 07:31,84.6,59.66
2026-07-13 07:32,84.6,59.67
2026-07-13 07:33,84.6,59.76
2026-07-13 07:34,84.6,59.74
2026-07-13 07:35,84.6,59.88
2026-07-13 07:36,84.6,59.89
2026-07-13 07:37,84.6,59.72
2026-07-13 07:38,84.6,59.88
2026-07-13 07:39,84.6,59.74
2026-07-13 07:40,84.6,59.76
2026-07-13 07:41,84.6,59.8
2026-07-13 07:42,84.6,59.91
2026-07-13 07:43,84.6,60.06
2026-07-13 07:44,84.6,59.83
2026-07-13 07:45,84.6,59.98
2026-07-13 07:46,84.6,60.6
2026-07-13 07:47,84.6,60.73
2026-07-13 07:48,84.6,60.41
2026-07-13 07:49,84.5,60.03
2026-07-13 07:50,84.6,60.07
2026-07-13 07:51,84.6,60.24
2026-07-13 07:52,84.6,60.01
2026-07-13 07:53,84.6,59.89
2026-07-13 07:54,84.6,59.77
2026-07-13 07:55,84.6,59.7
2026-07-13 07:56,84.6,59.65
2026-07-13 07:57,84.6,59.53
2026-07-13 07:58,84.6,59.55
2026-07-13 07:59,84.6,59.57
2026-07-13 08:00,84.6,59.52
2026-07-13 08:01,84.6,59.47
2026-07-13 08:02,84.6,59.43
2026-07-13 08:03,84.6,59.39
2026-07-13 08:04,84.6,59.37
2026-07-13 08:05,84.6,59.37
2026-07-13 08:06,84.6,59.4
2026-07-13 08:07,84.6,59.39
2026-07-13 08:08,84.6,59.37
2026-07-13 08:09,84.6,59.44
2026-07-13 08:10,84.6,59.64
2026-07-13 08:11,84.6,59.75
2026-07-13 08:12,84.6,59.71
2026-07-13 08:13,84.7,60.15
2026-07-13 08:14,84.7,60.06
2026-07-13 08:15,84.7,59.83
2026-07-13 08:16,84.7,59.82
2026-07-13 08:17,84.7,59.57
2026-07-13 08:18,84.7,59.45
2026-07-13 08:19,84.7,59.42
2026-07-13 08:20,84.7,59.36
2026-07-13 08:21,84.7,59.5
2026-07-13 08:22,84.7,59.68
2026-07-13 08:23,84.7,59.53
2026-07-13 08:24,84.8,59.43
2026-07-13 08:25,84.8,59.67
2026-07-13 08:26,84.8,59.81
2026-07-13 08:27,84.8,59.81
2026-07-13 08:28,84.8,59.69
2026-07-13 08:29,84.8,59.6
2026-07-13 08:30,84.8,59.45
2026-07-13 08:31,84.9,59.4
2026-07-13 08:32,84.9,59.39
2026-07-13 08:33,84.9,59.41
2026-07-13 08:34,84.9,59.59
2026-07-13 08:35,84.9,59.86
2026-07-13 08:36,85.0,59.66
2026-07-13 08:37,85.0,59.7
2026-07-13 08:38,85.0,59.66
2026-07-13 08:39,85.0,59.79
2026-07-13 08:40,85.0,59.7
2026-07-13 08:41,85.1,59.68
2026-07-13 08:42,85.1,59.82
2026-07-13 08:43,85.1,60.47
2026-07-13 08:44,85.1,60.3
2026-07-13 08:45,85.2,60.09
2026-07-13 08:46,85.2,60.13
2026-07-13 08:47,85.2,59.97
2026-07-13 08:48,85.2,59.78
2026-07-13 08:49,85.3,59.62
2026-07-13 08:50,85.3,59.55
2026-07-13 08:51,85.3,59.62
2026-07-13 08:52,85.4,59.67
2026-07-13 08:53,85.4,59.65
2026-07-13 08:54,85.4,59.86
2026-07-13 08:55,85.5,60.02
2026-07-13 08:56,85.5,60.28
2026-07-13 08:57,85.5,60.54
2026-07-13 08:58,85.6,60.52
2026-07-13 08:59,85.6,60.49
2026-07-13 09:00,85.6,60.45
2026-07-13 09:01,85.7,60.34
2026-07-13 09:02,85.7,60.75
2026-07-13 09:03,85.8,60.9
2026-07-13 09:04,85.8,61.36
2026-07-13 09:05,85.9,60.93
2026-07-13 09:06,85.9,61.15
2026-07-13 09:07,85.9,61.11
2026-07-13 09:08,86.0,61.53
2026-07-13 09:09,86.0,61.6
2026-07-13 09:10,86.1,61.64
2026-07-13 09:11,86.1,62.11
2026-07-13 09:12,86.2,61.94
2026-07-13 09:13,86.2,61.55
2026-07-13 09:14,86.2,61.34
2026-07-13 09:15,86.3,61.13
2026-07-13 09:16,86.3,61.42
2026-07-13 09:17,86.4,61.06
2026-07-13 09:18,86.4,61.19
2026-07-13 09:19,86.5,61.18
2026-07-13 09:20,86.5,61.28
2026-07-13 09:21,86.6,61.2
2026-07-13 09:22,86.6,60.74
2026-07-13 09:23,86.6,60.89
2026-07-13 09:24,86.7,61.29
2026-07-13 09:25,86.7,61.17
2026-07-13 09:26,86.8,61.23
2026-07-13 09:27,86.8,61.16
2026-07-13 09:28,86.9,61.2
2026-07-13 09:29,86.9,61.18
2026-07-13 09:30,86.9,61.24
2026-07-13 09:31,87.0,61.32
2026-07-13 09:32,87.0,61.19
2026-07-13 09:33,87.1,61.18
2026-07-13 09:34,87.1,61.39
2026-07-13 09:35,87.1,61.44
2026-07-13 09:36,87.2,61.25
2026-07-13 09:37,87.2,61.18
2026-07-13 09:38,87.3,61.09
2026-07-13 09:39,87.3,61.07
2026-07-13 09:40,87.3,60.8
2026-07-13 09:41,87.4,60.8
2026-07-13 09:42,87.4,60.76
2026-07-13 09:43,87.4,60.56
2026-07-13 09:44,87.4,60.52
2026-07-13 09:45,87.4,60.44
2026-07-13 09:46,87.4,60.4
2026-07-13 09:47,87.5,60.32
2026-07-13 09:48,87.5,60.41
2026-07-13 09:49,87.5,60.44
2026-07-13 09:50,87.5,60.54
2026-07-13 09:51,87.5,60.35
2026-07-13 09:52,87.4,60.42
2026-07-13 09:53,87.4,60.29
2026-07-13 09:54,87.4,60.22
2026-07-13 09:55,87.4,60.39
2026-07-13 09:56,87.4,60.29
2026-07-13 09:57,87.4,60.26
2026-07-13 09:58,87.4,60.22
2026-07-13 09:59,87.4,60.19
2026-07-13 10:00,87.4,60.23
2026-07-13 10:01,87.4,60.16
2026-07-13 10:02,87.4,60.13
2026-07-13 10:03,87.4,60.14
2026-07-13 10:04,87.4,60.19
2026-07-13 10:05,87.4,60.16
2026-07-13 10:06,87.3,60.05
2026-07-13 10:07,87.3,60.02
2026-07-13 10:08,87.3,59.95
2026-07-13 10:09,87.3,59.95
2026-07-13 10:10,87.3,59.99
2026-07-13 10:11,87.2,60.07
2026-07-13 10:12,87.2,60.09
2026-07-13 10:13,87.2,60.21
2026-07-13 10:14,87.2,60.25
2026-07-13 10:15,87.2,60.23
2026-07-13 10:16,87.1,59.89
2026-07-13 10:17,87.1,60.06
2026-07-13 10:18,87.1,60.0
2026-07-13 10:19,87.1,59.9
2026-07-13 10:20,87.0,60.04
2026-07-13 10:21,87.0,60.01
2026-07-13 10:22,87.0,60.11
2026-07-13 10:23,86.9,60.12
2026-07-13 10:24,86.9,60.21
2026-07-13 10:25,86.9,60.23
2026-07-13 10:26,86.9,60.11
2026-07-13 10:27,86.8,60.18
2026-07-13 10:28,86.8,60.38
2026-07-13 10:29,86.8,60.44
2026-07-13 10:30,86.8,60.2
2026-07-13 10:31,86.7,60.33
2026-07-13 10:32,86.7,60.58
2026-07-13 10:33,86.7,60.55
2026-07-13 10:34,86.7,60.44
2026-07-13 10:35,86.6,60.23
2026-07-13 10:36,86.6,60.34
2026-07-13 10:37,86.6,60.52
2026-07-13 10:38,86.6,60.57
2026-07-13 10:39,86.6,60.7
2026-07-13 10:40,86.5,60.63
2026-07-13 10:41,86.5,60.6
2026-07-13 10:42,86.5,60.71
2026-07-13 10:43,86.5,60.76
2026-07-13 10:44,86.5,60.84
2026-07-13 10:45,86.4,60.64
2026-07-13 10:46,86.4,60.62
2026-07-13 10:47,86.4,60.54
2026-07-13 10:48,86.4,60.87
2026-07-13 10:49,86.4,60.78
2026-07-13 10:50,86.4,60.89
2026-07-13 10:51,86.3,60.78
2026-07-13 10:52,86.3,60.73
2026-07-13 10:53,86.3,60.64
2026-07-13 10:54,86.3,60.84
2026-07-13 10:55,86.3,60.91
2026-07-13 10:56,86.3,60.88
2026-07-13 10:57,86.3,60.93
2026-07-13 10:58,86.3,60.77
2026-07-13 10:59,86.3,60.85
2026-07-13 11:00,86.3,60.73
2026-07-13 11:01,86.3,60.65
2026-07-13 11:02,86.2,60.68
2026-07-13 11:03,86.2,60.71
2026-07-13 11:04,86.2,60.9
2026-07-13 11:05,86.2,60.99
2026-07-13 11:06,86.2,60.97
2026-07-13 11:07,86.2,61.11
2026-07-13 11:08,86.2,61.04
2026-07-13 11:09,86.2,61.34
2026-07-13 11:10,86.2,61.42
2026-07-13 11:11,86.2,61.32
2026-07-13 11:12,86.2,61.46
2026-07-13 11:13,86.2,61.36
2026-07-13 11:14,86.2,61.41
2026-07-13 11:15,86.2,61.31
2026-07-13 11:16,86.2,61.4
2026-07-13 11:17,86.2,61.31
2026-07-13 11:18,86.2,61.34
2026-07-13 11:19,86.2,61.15
2026-07-13 11:20,86.2,61.35
2026-07-13 11:21,86.2,61.11
2026-07-13 11:22,86.2,61.19
2026-07-13 11:23,86.2,61.34
2026-07-13 11:24,86.2,61.34
2026-07-13 11:25,86.2,61.22
2026-07-13 11:26,86.2,61.39
2026-07-13 11:27,86.2,61.54
2026-07-13 11:28,86.2,61.38
2026-07-13 11:29,86.3,61.26
2026-07-13 11:30,86.3,61.34
2026-07-13 11:31,86.3,61.6
2026-07-13 11:32,86.3,61.57
2026-07-13 11:33,86.3,61.68
2026-07-13 11:34,86.3,61.73
2026-07-13 11:35,86.3,61.89
2026-07-13 11:36,86.3,61.88
2026-07-13 11:37,86.3,61.94
2026-07-13 11:38,86.3,62.0
2026-07-13 11:39,86.3,62.08
2026-07-13 11:40,86.3,61.99
2026-07-13 11:41,86.4,62.04
2026-07-13 11:42,86.4,62.2
2026-07-13 11:43,86.4,62.17
2026-07-13 11:44,86.4,62.16
2026-07-13 11:45,86.4,62.19
2026-07-13 11:46,86.4,62.15
2026-07-13 11:47,86.4,62.14
2026-07-13 11:48,86.5,62.1
2026-07-13 11:49,86.5,62.27
2026-07-13 11:50,86.5,62.05
2026-07-13 11:51,86.5,62.04
2026-07-13 11:52,86.5,62.13
2026-07-13 11:53,86.5,62.17
2026-07-13 11:54,86.5,62.34
2026-07-13 11:55,86.5,62.29
2026-07-13 11:56,86.5,62.33
2026-07-13 11:57,86.5,62.47
2026-07-13 11:58,86.6,62.32
2026-07-13 11:59,86.6,62.42
2026-07-13 12:00,86.6,62.08
2026-07-13 12:01,86.6,62.3
2026-07-13 12:02,86.6,62.19
2026-07-13 12:03,86.6,62.2
2026-07-13 12:04,86.6,61.88
2026-07-13 12:05,86.6,62.1
2026-07-13 12:06,86.6,61.9
2026-07-13 12:07,86.6,61.8
2026-07-13 12:08,86.6,61.66
2026-07-13 12:09,86.6,61.7
2026-07-13 12:10,86.6,62.01
2026-07-13 12:11,86.6,61.94
2026-07-13 12:12,86.6,61.8
2026-07-13 12:13,86.5,61.85
2026-07-13 12:14,86.5,61.72
2026-07-13 12:15,86.5,61.66
2026-07-13 12:16,86.5,61.6
2026-07-13 12:17,86.5,61.69
2026-07-13 12:18,86.5,62.09
2026-07-13 12:19,86.5,62.04
2026-07-13 12:20,86.5,61.94
2026-07-13 12:21,86.5,62.08
2026-07-13 12:22,86.5,61.97
2026-07-13 12:23,86.5,62.15
2026-07-13 12:24,86.5,62.12
2026-07-13 12:25,86.5,62.01
2026-07-13 12:26,86.5,61.91
2026-07-13 12:27,86.5,61.95
2026-07-13 12:28,86.5,61.92
2026-07-13 12:29,86.5,61.93
2026-07-13 12:30,86.5,61.99
2026-07-13 12:31,86.5,61.96
2026-07-13 12:32,86.5,61.92
2026-07-13 12:33,86.5,61.96
2026-07-13 12:34,86.5,61.8
2026-07-13 12:35,86.4,61.84
2026-07-13 12:36,86.4,61.88
2026-07-13 12:37,86.4,61.83
2026-07-13 12:38,86.4,61.84
2026-07-13 12:39,86.4,61.85
2026-07-13 12:40,86.4,61.88
2026-07-13 12:41,86.3,61.88
2026-07-13 12:42,86.3,61.95
2026-07-13 12:43,86.3,61.88
2026-07-13 12:44,86.3,61.87
2026-07-13 12:45,86.2,61.97
2026-07-13 12:46,86.2,61.95
2026-07-13 12:47,86.2,61.92
2026-07-13 12:48,86.2,61.86
2026-07-13 12:49,86.2,62.01
2026-07-13 12:50,86.1,62.13
2026-07-13 12:51,86.1,61.93
2026-07-13 12:52,86.0,61.89
2026-07-13 12:53,86.0,62.05
2026-07-13 12:54,86.0,61.98
2026-07-13 12:55,86.0,61.94
2026-07-13 12:56,86.0,62.01
2026-07-13 12:57,85.9,62.14
2026-07-13 12:58,85.9,62.05
2026-07-13 12:59,85.9,62.03
2026-07-13 13:00,85.9,62.06
2026-07-13 13:01,85.8,62.16
2026-07-13 13:02,85.8,62.15
2026-07-13 13:03,85.8,62.12
2026-07-13 13:04,85.8,62.03
2026-07-13 13:05,85.7,62.13
2026-07-13 13:06,85.7,62.11
2026-07-13 13:07,85.7,62.13
2026-07-13 13:08,85.7,62.25
2026-07-13 13:09,85.7,62.12
2026-07-13 13:10,85.6,62.06
2026-07-13 13:11,85.6,62.11
2026-07-13 13:12,85.6,62.07
2026-07-13 13:13,85.6,62.03
2026-07-13 13:14,85.6,62.03
2026-07-13 13:15,85.6,62.06
2026-07-13 13:16,85.6,62.06
2026-07-13 13:17,85.6,62.05
2026-07-13 13:18,85.6,62.02
2026-07-13 13:19,85.6,61.94
2026-07-13 13:20,85.6,61.93
2026-07-13 13:21,85.6,62.03
2026-07-13 13:22,85.6,62.08
2026-07-13 13:23,85.6,62.03
2026-07-13 13:24,85.6,62.06
2026-07-13 13:25,85.6,62.07
2026-07-13 13:26,85.6,62.02
2026-07-13 13:27,85.6,62.01
2026-07-13 13:28,85.6,61.94
2026-07-13 13:29,85.6,61.89
2026-07-13 13:30,85.6,61.96
2026-07-13 13:31,85.6,62.01
2026-07-13 13:32,85.6,62.01
2026-07-13 13:33,85.6,62.17
2026-07-13 13:34,85.6,62.08
2026-07-13 13:35,85.6,62.08
2026-07-13 13:36,85.6,62.2
2026-07-13 13:37,85.6,62.18
2026-07-13 13:38,85.6,62.1
2026-07-13 13:39,85.6,62.14
2026-07-13 13:40,85.6,62.16
2026-07-13 13:41,85.6,62.15
2026-07-13 13:42,85.6,62.15
2026-07-13 13:43,85.6,62.12
2026-07-13 13:44,85.6,62.14
2026-07-13 13:45,85.6,62.11
2026-07-13 13:46,85.6,62.12
2026-07-13 13:47,85.6,62.18
2026-07-13 13:48,85.6,62.12
2026-07-13 13:49,85.5,62.12
2026-07-13 13:50,85.6,62.08
2026-07-13 13:51,85.6,62.15
2026-07-13 13:52,85.6,62.08
2026-07-13 13:53,85.6,62.11
2026-07-13 13:54,85.5,62.08
2026-07-13 13:55,85.5,62.1
2026-07-13 13:56,85.5,62.11
2026-07-13 13:57,85.5,62.17
2026-07-13 13:58,85.5,62.21
2026-07-13 13:59,85.5,62.11
2026-07-13 14:00,85.5,62.11
2026-07-13 14:01,85.5,62.13
2026-07-13 14:02,85.5,62.1
2026-07-13 14:03,85.5,62.07
2026-07-13 14:04,85.5,62.11
2026-07-13 14:05,85.4,62.09
2026-07-13 14:06,85.4,62.07
2026-07-13 14:07,85.4,62.05
2026-07-13 14:08,85.4,62.12
2026-07-13 14:09,85.4,62.12
2026-07-13 14:10,85.4,62.1
2026-07-13 14:11,85.4,62.1
2026-07-13 14:12,85.4,62.06
2026-07-13 14:13,85.4,62.06
2026-07-13 14:14,85.4,62.08
2026-07-13 14:15,85.3,62.07
2026-07-13 14:16,85.3,62.05
2026-07-13 14:17,85.3,62.07
2026-07-13 14:18,85.3,62.07
2026-07-13 14:19,85.3,62.03
2026-07-13 14:20,85.3,62.12
2026-07-13 14:21,85.3,62.08
2026-07-13 14:22,85.3,62.04
2026-07-13 14:23,85.3,62.13
2026-07-13 14:24,85.2,62.17
2026-07-13 14:25,85.2,62.05
2026-07-13 14:26,85.2,62.05
2026-07-13 14:27,85.2,62.08
2026-07-13 14:28,85.2,62.05
2026-07-13 14:29,85.2,62.14
2026-07-13 14:30,85.2,62.08
2026-07-13 14:31,85.2,62.06
2026-07-13 14:32,85.2,62.2
2026-07-13 14:33,85.1,62.07
2026-07-13 14:34,85.1,62.06
2026-07-13 14:35,85.1,62.08
2026-07-13 14:36,85.1,62.03
2026-07-13 14:37,85.1,62.1
2026-07-13 14:38,85.1,62.04
2026-07-13 14:39,85.1,62.13
2026-07-13 14:40,85.1,62.12
2026-07-13 14:41,85.1,62.23
2026-07-13 14:42,85.1,62.11
2026-07-13 14:43,85.1,62.19
2026-07-13 14:44,85.1,62.14
2026-07-13 14:45,85.1,62.22
2026-07-13 14:46,85.1,62.16
2026-07-13 14:47,85.1,62.13
2026-07-13 14:48,85.1,62.08
2026-07-13 14:49,85.1,62.22
2026-07-13 14:50,85.1,62.16
2026-07-13 14:51,85.0,62.09
2026-07-13 14:52,85.1,62.13
2026-07-13 14:53,85.1,62.19
2026-07-13 14:54,85.0,62.11
2026-07-13 14:55,85.0,62.27
2026-07-13 14:56,85.0,62.1
2026-07-13 14:57,85.0,62.11
2026-07-13 14:58,85.1,62.28
2026-07-13 14:59,85.1,62.21
2026-07-13 15:00,85.1,62.27
2026-07-13 15:01,85.1,62.2
2026-07-13 15:02,85.1,62.38
2026-07-13 15:03,85.1,62.25
2026-07-13 15:04,85.1,62.44
2026-07-13 15:05,85.1,62.38
2026-07-13 15:06,85.1,62.27
2026-07-13 15:07,85.1,62.28
2026-07-13 15:08,85.1,62.4
2026-07-13 15:09,85.1,62.29
2026-07-13 15:10,85.2,62.58
2026-07-13 15:11,85.2,62.49
2026-07-13 15:12,85.2,62.51
2026-07-13 15:13,85.2,62.42
2026-07-13 15:14,85.2,62.53
2026-07-13 15:15,85.2,62.45
2026-07-13 15:16,85.3,62.59
2026-07-13 15:17,85.3,62.62
2026-07-13 15:18,85.3,62.59
2026-07-13 15:19,85.3,62.59
2026-07-13 15:20,85.3,62.49
2026-07-13 15:21,85.4,62.59
2026-07-13 15:22,85.4,62.57
2026-07-13 15:23,85.4,62.52
2026-07-13 15:24,85.4,62.63
2026-07-13 15:25,85.5,62.58
2026-07-13 15:26,85.5,62.65
2026-07-13 15:27,85.5,62.76
2026-07-13 15:28,85.5,62.55
2026-07-13 15:29,85.5,62.74
2026-07-13 15:30,85.5,62.88
2026-07-13 15:31,85.6,62.91
2026-07-13 15:32,85.6,62.87
2026-07-13 15:33,85.6,62.79
2026-07-13 15:34,85.6,62.88
2026-07-13 15:35,85.6,62.86
2026-07-13 15:36,85.7,62.77
2026-07-13 15:37,85.7,62.75
2026-07-13 15:38,85.7,62.91
2026-07-13 15:39,85.7,62.83
2026-07-13 15:40,85.7,62.86
2026-07-13 15:41,85.7,62.68
2026-07-13 15:42,85.7,62.72
2026-07-13 15:43,85.8,62.74
2026-07-13 15:44,85.8,62.78
2026-07-13 15:45,85.8,62.72
2026-07-13 15:46,85.8,62.64
2026-07-13 15:47,85.9,62.69
2026-07-13 15:48,85.9,62.58
2026-07-13 15:49,85.9,62.75
2026-07-13 15:50,85.9,62.5
2026-07-13 15:51,85.9,62.75
2026-07-13 15:52,85.9,62.53
2026-07-13 15:53,85.9,62.63
2026-07-13 15:54,85.9,62.74
2026-07-13 15:55,85.9,62.79
2026-07-13 15:56,86.0,62.79
2026-07-13 15:57,86.0,62.79
2026-07-13 15:58,86.0,62.68
2026-07-13 15:59,86.0,62.86
2026-07-13 16:00,86.0,62.64
2026-07-13 16:01,86.0,62.71
2026-07-13 16:02,86.0,62.71
2026-07-13 16:03,86.0,62.79
2026-07-13 16:04,86.0,62.72
2026-07-13 16:05,86.0,62.64
2026-07-13 16:06,86.0,62.74
2026-07-13 16:07,86.0,62.86
2026-07-13 16:08,86.0,62.88
2026-07-13 16:09,85.9,62.91
2026-07-13 16:10,85.9,63.0
2026-07-13 16:11,85.9,62.71
2026-07-13 16:12,85.9,62.93
2026-07-13 16:13,85.9,63.04
2026-07-13 16:14,85.9,63.06
2026-07-13 16:15,85.9,63.03
2026-07-13 16:16,86.0,62.9
2026-07-13 16:17,86.0,62.95
2026-07-13 16:18,86.0,63.03
2026-07-13 16:19,86.0,62.93
2026-07-13 16:20,86.0,63.05
2026-07-13 16:21,86.0,63.04
2026-07-13 16:22,86.0,62.94
2026-07-13 16:23,86.0,62.92
2026-07-13 16:24,86.0,62.76
2026-07-13 16:25,86.0,62.96
2026-07-13 16:26,86.0,62.82
2026-07-13 16:27,86.0,62.89
2026-07-13 16:28,86.0,63.01
2026-07-13 16:29,86.0,62.86
2026-07-13 16:30,86.0,62.97
2026-07-13 16:31,86.0,62.91
2026-07-13 16:32,86.0,62.9
2026-07-13 16:33,86.0,62.9
2026-07-13 16:34,86.1,62.77
2026-07-13 16:35,86.1,62.8
2026-07-13 16:36,86.1,62.83
2026-07-13 16:37,86.1,62.92
2026-07-13 16:38,86.1,62.79
2026-07-13 16:39,86.1,62.73
2026-07-13 16:40,86.1,62.95
2026-07-13 16:41,86.1,62.86
2026-07-13 16:42,86.1,62.73
2026-07-13 16:43,86.1,62.74
2026-07-13 16:44,86.1,62.84
2026-07-13 16:45,86.1,62.8
2026-07-13 16:46,86.1,62.6
2026-07-13 16:47,86.1,62.66
2026-07-13 16:48,86.1,62.67
2026-07-13 16:49,86.1,62.74
2026-07-13 16:50,86.1,62.73
2026-07-13 16:51,86.1,62.76
2026-07-13 16:52,86.1,62.98
2026-07-13 16:53,86.0,62.7
2026-07-13 16:54,86.0,62.62
2026-07-13 16:55,86.0,62.69
2026-07-13 16:56,86.0,62.62
2026-07-13 16:57,86.0,62.49
2026-07-13 16:58,86.0,62.76
2026-07-13 16:59,86.0,62.89
2026-07-13 17:00,86.0,62.9
2026-07-13 17:01,86.0,63.0
2026-07-13 17:02,86.0,62.8
2026-07-13 17:03,86.0,62.83
2026-07-13 17:04,86.0,62.71
2026-07-13 17:05,86.0,62.69
2026-07-13 17:06,86.0,62.91
2026-07-13 17:07,85.9,62.94
2026-07-13 17:08,86.0,62.92
2026-07-13 17:09,85.9,62.93
2026-07-13 17:10,85.9,62.95
2026-07-13 17:11,85.9,62.94
2026-07-13 17:12,85.9,63.08
2026-07-13 17:13,85.9,63.05
2026-07-13 17:14,85.9,63.06
2026-07-13 17:15,85.9,63.05
2026-07-13 17:16,85.9,63.07
2026-07-13 17:17,85.9,62.73
2026-07-13 17:18,85.9,62.77
2026-07-13 17:19,85.9,62.77
2026-07-13 17:20,85.8,62.94
2026-07-13 17:21,85.8,63.0
2026-07-13 17:22,85.8,63.01
2026-07-13 17:23,85.8,63.15
2026-07-13 17:24,85.8,63.08
2026-07-13 17:25,85.8,63.03
2026-07-13 17:26,85.8,63.03
2026-07-13 17:27,85.8,62.95
2026-07-13 17:28,85.8,62.86
2026-07-13 17:29,85.8,62.93
2026-07-13 17:30,85.8,62.96
2026-07-13 17:31,85.8,63.13
2026-07-13 17:32,85.7,63.05
2026-07-13 17:33,85.7,62.97
2026-07-13 17:34,85.7,63.13
2026-07-13 17:35,85.7,63.22
2026-07-13 17:36,85.7,63.3
2026-07-13 17:37,85.7,62.98
2026-07-13 17:38,85.7,62.92
2026-07-13 17:39,85.7,62.93
2026-07-13 17:40,85.7,63.32
2026-07-13 17:41,85.7,63.16
2026-07-13 17:42,85.7,63.32
2026-07-13 17:43,85.7,63.23
2026-07-13 17:44,85.7,63.2
2026-07-13 17:45,85.7,63.2
2026-07-13 17:46,85.7,63.1
2026-07-13 17:47,85.7,63.18
2026-07-13 17:48,85.7,63.07
2026-07-13 17:49,85.7,63.04
2026-07-13 17:50,85.7,63.3
2026-07-13 17:51,85.7,63.31
2026-07-13 17:52,85.7,63.18
2026-07-13 17:53,85.7,63.15
2026-07-13 17:54,85.7,63.3
2026-07-13 17:55,85.6,63.19
2026-07-13 17:56,85.6,63.2
2026-07-13 17:57,85.6,63.36
2026-07-13 17:58,85.6,63.38
2026-07-13 17:59,85.6,63.25
2026-07-13 18:00,85.6,63.34
2026-07-13 18:01,85.6,63.32
2026-07-13 18:02,85.6,63.34
2026-07-13 18:03,85.6,63.54
2026-07-13 18:04,85.6,63.52
2026-07-13 18:05,85.6,63.39
2026-07-13 18:06,85.6,63.31
2026-07-13 18:07,85.6,63.26
2026-07-13 18:08,85.6,63.27
2026-07-13 18:09,85.6,63.17
2026-07-13 18:10,85.6,63.18
2026-07-13 18:11,85.6,63.23
2026-07-13 18:12,85.6,63.18
2026-07-13 18:13,85.6,63.09
2026-07-13 18:14,85.6,63.1
2026-07-13 18:15,85.5,63.08
2026-07-13 18:16,85.5,63.08
2026-07-13 18:17,85.5,63.31
2026-07-13 18:18,85.5,63.31
2026-07-13 18:19,85.5,63.19
2026-07-13 18:20,85.5,63.19
2026-07-13 18:21,85.5,63.19
2026-07-13 18:22,85.5,63.05
2026-07-13 18:23,85.5,63.22
2026-07-13 18:24,85.5,63.21
2026-07-13 18:25,85.5,63.15
2026-07-13 18:26,85.5,63.11
2026-07-13 18:27,85.5,63.12
2026-07-13 18:28,85.5,63.11
2026-07-13 18:29,85.5,63.12
2026-07-13 18:30,85.5,63.14
2026-07-13 18:31,85.5,63.07
2026-07-13 18:32,85.5,63.05
2026-07-13 18:33,85.5,63.07
2026-07-13 18:34,85.5,62.96
2026-07-13 18:35,85.5,63.08
2026-07-13 18:36,85.5,62.97
2026-07-13 18:37,85.5,63.01
2026-07-13 18:38,85.5,63.09
2026-07-13 18:39,85.5,62.95
2026-07-13 18:40,85.5,63.06
2026-07-13 18:41,85.5,63.17
2026-07-13 18:42,85.5,63.1
2026-07-13 18:43,85.5,63.3
2026-07-13 18:44,85.5,63.36
2026-07-13 18:45,85.5,63.18
2026-07-13 18:46,85.5,63.02
2026-07-13 18:47,85.4,63.22
2026-07-13 18:48,85.4,63.14
2026-07-13 18:49,85.4,63.11
2026-07-13 18:50,85.4,63.05
2026-07-13 18:51,85.4,63.02
2026-07-13 18:52,85.4,63.11
2026-07-13 18:53,85.4,63.12
2026-07-13 18:54,85.4,63.23
2026-07-13 18:55,85.4,62.97
2026-07-13 18:56,85.4,62.92
2026-07-13 18:57,85.4,63.18
2026-07-13 18:58,85.4,63.17
2026-07-13 18:59,85.4,63.19
2026-07-13 19:00,85.4,63.31
2026-07-13 19:01,85.3,63.3
2026-07-13 19:02,85.3,63.09
2026-07-13 19:03,85.3,63.02
2026-07-13 19:04,85.3,63.24
2026-07-13 19:05,85.3,63.36
2026-07-13 19:06,85.3,63.66
2026-07-13 19:07,85.3,63.47
2026-07-13 19:08,85.3,63.45
2026-07-13 19:09,85.3,63.4
2026-07-13 19:10,85.3,63.36
2026-07-13 19:11,85.3,63.33
2026-07-13 19:12,85.2,63.43
2026-07-13 19:13,85.2,63.28
2026-07-13 19:14,85.2,63.24
2026-07-13 19:15,85.2,63.31
2026-07-13 19:16,85.2,63.23
2026-07-13 19:17,85.2,63.31
2026-07-13 19:18,85.2,63.31
2026-07-13 19:19,85.2,63.09
2026-07-13 19:20,85.2,63.26
2026-07-13 19:21,85.2,63.18
2026-07-13 19:22,85.2,63.44
2026-07-13 19:23,85.1,63.36
2026-07-13 19:24,85.1,63.35
2026-07-13 19:25,85.1,63.37
2026-07-13 19:26,85.1,63.42
2026-07-13 19:27,85.1,63.34
2026-07-13 19:28,85.1,63.29
2026-07-13 19:29,85.1,63.32
2026-07-13 19:30,85.1,63.41
2026-07-13 19:31,85.1,63.6
2026-07-13 19:32,85.1,63.54
2026-07-13 19:33,85.0,63.26
2026-07-13 19:34,85.0,63.43
2026-07-13 19:35,85.0,63.53
2026-07-13 19:36,85.0,63.42
2026-07-13 19:37,85.0,63.3
2026-07-13 19:38,85.0,63.36
2026-07-13 19:39,85.0,63.61
2026-07-13 19:40,84.9,63.27
2026-07-13 19:41,84.9,63.35
2026-07-13 19:42,84.9,63.44
2026-07-13 19:43,84.9,63.31
2026-07-13 19:44,84.9,63.43
2026-07-13 19:45,84.9,63.43
2026-07-13 19:46,84.9,63.56
2026-07-13 19:47,84.9,63.51
2026-07-13 19:48,84.9,63.31
2026-07-13 19:49,84.8,63.53
2026-07-13 19:50,84.9,63.63
2026-07-13 19:51,84.8,63.51
2026-07-13 19:52,84.8,63.57
2026-07-13 19:53,84.8,63.73
2026-07-13 19:54,84.8,63.45
2026-07-13 19:55,84.8,63.39
2026-07-13 19:56,84.8,63.53
2026-07-13 19:57,84.8,63.41
2026-07-13 19:58,84.8,63.33
2026-07-13 19:59,84.8,63.53
2026-07-13 20:00,84.8,63.55
2026-07-13 20:01,84.8,63.57
2026-07-13 20:02,84.8,63.56
2026-07-13 20:03,84.8,63.59
2026-07-13 20:04,84.7,63.55
2026-07-13 20:05,84.7,63.5
2026-07-13 20:06,84.7,63.48
2026-07-13 20:07,84.7,63.58
2026-07-13 20:08,84.7,63.47
2026-07-13 20:09,84.7,63.48
2026-07-13 20:10,84.7,63.57
2026-07-13 20:11,84.7,63.49
2026-07-13 20:12,84.7,63.7
2026-07-13 20:13,84.7,63.74
2026-07-13 20:14,84.7,63.95
2026-07-13 20:15,84.6,63.64
2026-07-13 20:16,84.6,63.75
2026-07-13 20:17,84.6,63.56
2026-07-13 20:18,84.6,63.72
2026-07-13 20:19,84.6,63.79
2026-07-13 20:20,84.6,63.87
2026-07-13 20:21,84.6,63.71
2026-07-13 20:22,84.6,63.82
2026-07-13 20:23,84.6,63.78
2026-07-13 20:24,84.6,63.88
2026-07-13 20:25,84.6,63.73
2026-07-13 20:26,84.5,63.83
2026-07-13 20:27,84.5,63.77
2026-07-13 20:28,84.5,63.56
2026-07-13 20:29,84.5,63.46
2026-07-13 20:30,84.5,63.59
2026-07-13 20:31,84.5,63.62
2026-07-13 20:32,84.5,63.64
2026-07-13 20:33,84.5,63.42
2026-07-13 20:34,84.5,63.4
2026-07-13 20:35,84.5,63.33
2026-07-13 20:36,84.5,63.42
2026-07-13 20:37,84.5,63.6
2026-07-13 20:38,84.5,63.58
2026-07-13 20:39,84.5,63.55
2026-07-13 20:40,84.5,63.49
2026-07-13 20:41,84.5,63.4
2026-07-13 20:42,84.5,63.55
2026-07-13 20:43,84.5,63.44
2026-07-13 20:44,84.4,63.35
2026-07-13 20:45,84.4,63.36
2026-07-13 20:46,84.4,63.31
2026-07-13 20:47,84.4,63.32
2026-07-13 20:48,84.4,63.25
2026-07-13 20:49,84.4,63.19
2026-07-13 20:50,84.4,63.22
2026-07-13 20:51,84.4,63.22
2026-07-13 20:52,84.4,63.11
2026-07-13 20:53,84.4,63.16
2026-07-13 20:54,84.4,63.1
2026-07-13 20:55,84.4,63.13
2026-07-13 20:56,84.4,63.07
2026-07-13 20:57,84.4,63.08
2026-07-13 20:58,84.4,63.11
2026-07-13 20:59,84.4,63.04
2026-07-13 21:00,84.4,63.28
2026-07-13 21:01,84.4,63.17
2026-07-13 21:02,84.4,63.1
2026-07-13 21:03,84.4,63.05
2026-07-13 21:04,84.4,63.03
2026-07-13 21:05,84.3,63.07
2026-07-13 21:06,84.3,63.01
2026-07-13 21:07,84.3,63.0
2026-07-13 21:08,84.3,63.01
2026-07-13 21:09,84.3,62.98
2026-07-13 21:10,84.3,63.02
2026-07-13 21:11,84.3,63.04
2026-07-13 21:12,84.3,62.95
2026-07-13 21:13,84.3,63.01
2026-07-13 21:14,84.3,62.94
2026-07-13 21:15,84.3,62.97
2026-07-13 21:16,84.3,62.92
2026-07-13 21:17,84.3,62.96
2026-07-13 21:18,84.3,62.95
2026-07-13 21:19,84.3,62.92
2026-07-13 21:20,84.3,62.84
2026-07-13 21:21,84.3,62.84
2026-07-13 21:22,84.2,62.82
2026-07-13 21:23,84.2,62.85
2026-07-13 21:24,84.2,62.86
2026-07-13 21:25,84.2,62.95
2026-07-13 21:26,84.2,62.95
2026-07-13 21:27,84.2,62.88
2026-07-13 21:28,84.2,62.9
2026-07-13 21:29,84.2,62.96
2026-07-13 21:30,84.2,62.94
2026-07-13 21:31,84.2,62.81
2026-07-13 21:32,84.2,62.81
2026-07-13 21:33,84.2,62.79
2026-07-13 21:34,84.2,62.8
2026-07-13 21:35,84.2,62.76
2026-07-13 21:36,84.2,62.84
2026-07-13 21:37,84.1,62.75
2026-07-13 21:38,84.1,62.77
2026-07-13 21:39,84.1,62.71
2026-07-13 21:40,84.1,62.72
2026-07-13 21:41,84.1,62.76
2026-07-13 21:42,84.1,62.79
2026-07-13 21:43,84.1,62.78
2026-07-13 21:44,84.1,62.7
2026-07-13 21:45,84.1,62.65
2026-07-13 21:46,84.1,62.67
2026-07-13 21:47,84.1,62.67
2026-07-13 21:48,84.1,62.68
2026-07-13 21:49,84.1,62.72
2026-07-13 21:50,84.1,62.75
2026-07-13 21:51,84.1,62.75
2026-07-13 21:52,84.1,62.74
2026-07-13 21:53,84.0,62.7
2026-07-13 21:54,84.0,62.71
2026-07-13 21:55,84.0,62.7
2026-07-13 21:56,84.0,62.71
2026-07-13 21:57,84.0,62.68
2026-07-13 21:58,84.0,62.7
2026-07-13 21:59,84.0,62.65
2026-07-13 22:00,84.0,62.66
2026-07-13 22:01,84.0,62.63
2026-07-13 22:02,84.0,62.64
2026-07-13 22:03,84.0,62.67
2026-07-13 22:04,84.0,62.68
2026-07-13 22:05,84.0,62.66
2026-07-13 22:06,84.0,62.69
2026-07-13 22:07,84.0,62.73
2026-07-13 22:08,84.0,62.64
2026-07-13 22:09,84.0,62.69
2026-07-13 22:10,83.9,62.68
2026-07-13 22:11,83.9,62.64
2026-07-13 22:12,83.9,62.59
2026-07-13 22:13,83.9,62.64
2026-07-13 22:14,83.9,62.6
2026-07-13 22:15,83.9,62.65
2026-07-13 22:16,83.9,62.63
2026-07-13 22:17,83.9,62.64
2026-07-13 22:18,83.9,62.69
2026-07-13 22:19,83.9,62.7
2026-07-13 22:20,83.9,62.68
2026-07-13 22:21,83.9,62.69
2026-07-13 22:22,83.9,62.67
2026-07-13 22:23,83.9,62.66
2026-07-13 22:24,83.9,62.72
2026-07-13 22:25,83.8,62.76
2026-07-13 22:26,83.8,62.75
2026-07-13 22:27,83.8,62.69
2026-07-13 22:28,83.8,62.7
2026-07-13 22:29,83.8,62.69
2026-07-13 22:30,83.8,62.75
2026-07-13 22:31,83.8,62.73
2026-07-13 22:32,83.8,62.81
2026-07-13 22:33,83.8,62.85
2026-07-13 22:34,83.8,62.82
2026-07-13 22:35,83.8,62.77
2026-07-13 22:36,83.8,62.73
2026-07-13 22:37,83.8,62.78
2026-07-13 22:38,83.8,62.8
2026-07-13 22:39,83.8,62.8
2026-07-13 22:40,83.8,62.79
2026-07-13 22:41,83.7,62.77
2026-07-13 22:42,83.7,62.75
2026-07-13 22:43,83.7,62.73
2026-07-13 22:44,83.7,62.78
2026-07-13 22:45,83.7,62.81
2026-07-13 22:46,83.7,62.79
2026-07-13 22:47,83.7,62.83
2026-07-13 22:48,83.7,62.82
2026-07-13 22:49,83.7,62.75
2026-07-13 22:50,83.7,62.85
2026-07-13 22:51,83.7,62.78
2026-07-13 22:52,83.7,62.74
2026-07-13 22:53,83.7,62.68
2026-07-13 22:54,83.7,62.74
2026-07-13 22:55,83.7,62.72
2026-07-13 22:56,83.7,62.74
2026-07-13 22:57,83.7,62.73
2026-07-13 22:58,83.7,62.77
2026-07-13 22:59,83.7,62.77
2026-07-13 23:00,83.7,62.81
2026-07-13 23:01,83.6,62.79
2026-07-13 23:02,83.6,62.72
2026-07-13 23:03,83.6,62.7
2026-07-13 23:04,83.6,62.7
2026-07-13 23:05,83.6,62.76
2026-07-13 23:06,83.6,62.83
2026-07-13 23:07,83.6,62.87
2026-07-13 23:08,83.6,62.88
2026-07-13 23:09,83.6,62.8
2026-07-13 23:10,83.6,62.83
2026-07-13 23:11,83.6,62.81
2026-07-13 23:12,83.6,62.85
2026-07-13 23:13,83.6,62.88
2026-07-13 23:14,83.6,62.84
2026-07-13 23:15,83.6,62.8
2026-07-13 23:16,83.6,62.83
2026-07-13 23:17,83.6,62.83
2026-07-13 23:18,83.6,62.86
2026-07-13 23:19,83.5,62.87
2026-07-13 23:20,83.6,62.9
2026-07-13 23:21,83.5,62.82
2026-07-13 23:22,83.5,62.82
2026-07-13 23:23,83.5,62.89
2026-07-13 23:24,83.5,62.89
2026-07-13 23:25,83.5,62.89
2026-07-13 23:26,83.5,62.92
2026-07-13 23:27,83.5,62.96
2026-07-13 23:28,83.5,62.93
2026-07-13 23:29,83.5,62.99
2026-07-13 23:30,83.5,63.01
2026-07-13 23:31,83.5,63.03
2026-07-13 23:32,83.5,63.05
2026-07-13 23:33,83.5,62.98
2026-07-13 23:34,83.5,62.91
2026-07-13 23:35,83.5,62.93
2026-07-13 23:36,83.5,62.9
2026-07-13 23:37,83.5,62.91
2026-07-13 23:38,83.5,62.91
2026-07-13 23:39,83.5,62.89
2026-07-13 23:40,83.5,62.9
2026-07-13 23:41,83.5,62.91
2026-07-13 23:42,83.4,62.89
2026-07-13 23:43,83.5,62.93
2026-07-13 23:44,83.4,62.92
2026-07-13 23:45,83.4,62.89
2026-07-13 23:46,83.4,62.88
2026-07-13 23:47,83.4,62.87
2026-07-13 23:48,83.4,62.87
2026-07-13 23:49,83.4,62.89
2026-07-13 23:50,83.4,62.88
2026-07-13 23:51,83.4,62.91
2026-07-13 23:52,83.4,62.87
2026-07-13 23:53,83.4,62.89
2026-07-13 23:54,83.4,62.92
2026-07-13 23:55,83.4,62.89
2026-07-13 23:56,83.4,62.86
2026-07-13 23:57,83.4,62.81
2026-07-13 23:58,83.4,62.82
2026-07-13 23:59,83.4,62.8
2026-07-14 00:00,83.4,62.79
2026-07-14 00:01,83.4,62.81
2026-07-14 00:02,83.4,62.84
2026-07-14 00:03,83.4,62.88
2026-07-14 00:04,83.4,62.84
2026-07-14 00:05,83.4,62.83
2026-07-14 00:06,83.4,62.85
2026-07-14 00:07,83.4,62.85
2026-07-14 00:08,83.4,62.83
2026-07-14 00:09,83.4,62.83
2026-07-14 00:10,83.4,62.78
2026-07-14 00:11,83.4,62.86
2026-07-14 00:12,83.4,62.85
2026-07-14 00:13,83.4,62.85
2026-07-14 00:14,83.4,62.87
2026-07-14 00:15,83.4,62.87
2026-07-14 00:16,83.4,62.87
2026-07-14 00:17,83.4,62.89
2026-07-14 00:18,83.4,62.91
2026-07-14 00:19,83.4,62.85
2026-07-14 00:20,83.4,62.82
2026-07-14 00:21,83.4,62.83
2026-07-14 00:22,83.4,62.87
2026-07-14 00:23,83.4,62.83
2026-07-14 00:24,83.4,62.82
2026-07-14 00:25,83.4,62.8
2026-07-14 00:26,83.4,62.76
2026-07-14 00:27,83.4,62.79
2026-07-14 00:28,83.4,62.8
2026-07-14 00:29,83.3,62.77
2026-07-14 00:30,83.3,62.8
2026-07-14 00:31,83.3,62.81
2026-07-14 00:32,83.3,62.82
2026-07-14 00:33,83.3,62.76
2026-07-14 00:34,83.3,62.77
2026-07-14 00:35,83.3,62.82
2026-07-14 00:36,83.3,62.83
2026-07-14 00:37,83.3,62.81
2026-07-14 00:38,83.3,62.8
2026-07-14 00:39,83.3,62.78
2026-07-14 00:40,83.3,62.76
2026-07-14 00:41,83.3,62.81
2026-07-14 00:42,83.3,62.77
2026-07-14 00:43,83.3,62.71
2026-07-14 00:44,83.3,62.72
2026-07-14 00:45,83.3,62.78
2026-07-14 00:46,83.3,62.8
2026-07-14 00:47,83.3,62.85
2026-07-14 00:48,83.3,62.87
2026-07-14 00:49,83.3,62.83
2026-07-14 00:50,83.3,62.79
2026-07-14 00:51,83.3,62.89
2026-07-14 00:52,83.3,62.85
2026-07-14 00:53,83.3,62.83
2026-07-14 00:54,83.3,62.84
2026-07-14 00:55,83.3,62.91
2026-07-14 00:56,83.3,62.9
2026-07-14 00:57,83.3,62.89
2026-07-14 00:58,83.3,62.87
2026-07-14 00:59,83.3,62.82
2026-07-14 01:00,83.3,62.78
2026-07-14 01:01,83.3,62.76
2026-07-14 01:02,83.3,62.71
2026-07-14 01:03,83.3,62.75
2026-07-14 01:04,83.3,62.74
2026-07-14 01:05,83.3,62.76
2026-07-14 01:06,83.3,62.71
2026-07-14 01:07,83.3,62.76
2026-07-14 01:08,83.3,62.81
2026-07-14 01:09,83.3,62.82
2026-07-14 01:10,83.3,62.82
2026-07-14 01:11,83.3,62.81
2026-07-14 01:12,83.3,62.71
2026-07-14 01:13,83.3,62.69
2026-07-14 01:14,83.3,62.65
2026-07-14 01:15,83.3,62.68
2026-07-14 01:16,83.3,62.73
2026-07-14 01:17,83.3,62.73
2026-07-14 01:18,83.3,62.73
2026-07-14 01:19,83.3,62.74
2026-07-14 01:20,83.3,62.75
2026-07-14 01:21,83.3,62.74
2026-07-14 01:22,83.3,62.77
2026-07-14 01:23,83.3,62.8
2026-07-14 01:24,83.3,62.82
2026-07-14 01:25,83.3,62.81
2026-07-14 01:26,83.3,62.83
2026-07-14 01:27,83.3,62.85
2026-07-14 01:33,83.2,62.8
2026-07-14 01:34,83.2,62.8
2026-07-14 01:35,83.2,62.86
2026-07-14 01:36,83.2,62.87
2026-07-14 01:37,83.2,62.86
2026-07-14 01:38,83.2,62.84
2026-07-14 01:39,83.2,62.85
2026-07-14 01:40,83.2,62.85
2026-07-14 01:41,83.2,62.84
2026-07-14 01:42,83.2,62.82
2026-07-14 01:43,83.2,62.88
2026-07-14 01:44,83.2,62.96
2026-07-14 01:45,83.2,62.93
2026-07-14 01:46,83.2,62.84
2026-07-14 01:47,83.2,62.84
2026-07-14 01:48,83.2,62.84
2026-07-14 01:49,83.2,62.81
2026-07-14 01:50,83.2,62.82
2026-07-14 01:51,83.2,62.86
2026-07-14 01:52,83.2,62.86
2026-07-14 01:53,83.2,62.9
2026-07-14 01:54,83.2,62.93
2026-07-14 01:55,83.2,62.88
2026-07-14 01:56,83.2,62.87
2026-07-14 01:57,83.2,62.94
2026-07-14 01:58,83.2,62.94
2026-07-14 01:59,83.2,62.96
2026-07-14 02:00,83.2,62.93
2026-07-14 02:01,83.2,62.95
2026-07-14 02:02,83.2,62.93
2026-07-14 02:03,83.2,62.94
2026-07-14 02:04,83.2,62.94
2026-07-14 02:05,83.2,62.94
2026-07-14 02:06,83.2,62.89
2026-07-14 02:07,83.2,62.9
2026-07-14 02:08,83.2,62.88
2026-07-14 02:09,83.2,62.83
2026-07-14 02:10,83.2,62.77
2026-07-14 02:11,83.2,62.76
2026-07-14 02:12,83.2,62.65
2026-07-14 02:13,83.2,62.61
2026-07-14 02:14,83.2,62.63
2026-07-14 02:15,83.2,62.68
2026-07-14 02:16,83.2,62.73
2026-07-14 02:17,83.2,62.72
2026-07-14 02:18,83.2,62.72
2026-07-14 02:19,83.2,62.78
2026-07-14 02:20,83.2,62.9
2026-07-14 02:21,83.2,62.93
2026-07-14 02:22,83.2,62.87
2026-07-14 02:23,83.2,62.92
2026-07-14 02:24,83.2,62.86
2026-07-14 02:25,83.2,62.74
2026-07-14 02:26,83.2,62.65
2026-07-14 02:27,83.2,63.43
2026-07-14 02:28,83.2,63.34
2026-07-14 02:29,83.2,63.02
2026-07-14 02:30,83.2,63.34
2026-07-14 02:31,83.1,63.15
2026-07-14 02:32,83.1,63.36
2026-07-14 02:33,83.1,63.17
2026-07-14 02:34,83.1,63.23
2026-07-14 02:35,83.1,63.28
2026-07-14 02:36,83.1,63.23
2026-07-14 02:37,83.1,63.36
2026-07-14 02:38,83.1,63.34
2026-07-14 02:39,83.1,63.21
2026-07-14 02:40,83.1,63.29
2026-07-14 02:41,83.1,63.29
2026-07-14 02:42,83.1,63.24
2026-07-14 02:43,83.0,63.26
2026-07-14 02:44,83.1,63.14
2026-07-14 02:45,83.0,63.06
2026-07-14 02:46,83.1,63.05
2026-07-14 02:47,83.1,63.21
2026-07-14 02:48,83.0,63.34
2026-07-14 02:49,83.0,63.18
2026-07-14 02:50,83.0,63.21
2026-07-14 02:51,83.0,63.24
2026-07-14 02:52,83.0,63.14
2026-07-14 02:53,83.0,63.13
2026-07-14 02:54,83.0,63.08
2026-07-14 02:55,83.0,63.12
2026-07-14 02:56,83.0,63.13
2026-07-14 02:57,83.0,63.19
2026-07-14 02:58,83.0,63.04
2026-07-14 02:59,83.0,63.06
2026-07-14 03:00,83.0,63.13
2026-07-14 03:01,83.0,63.12
2026-07-14 03:02,83.0,63.09
2026-07-14 03:03,83.0,63.03
2026-07-14 03:04,83.0,63.04
2026-07-14 03:05,82.9,63.03
2026-07-14 03:06,82.9,63.03
2026-07-14 03:07,82.9,63.01
2026-07-14 03:08,82.9,63.03
2026-07-14 03:09,82.9,63.01
2026-07-14 03:10,82.9,63.04
2026-07-14 03:11,82.9,63.08
2026-07-14 03:12,82.9,63.04
2026-07-14 03:13,82.9,63.06
2026-07-14 03:14,82.9,63.1
2026-07-14 03:15,82.8,63.07
2026-07-14 03:16,82.8,63.05
2026-07-14 03:17,82.8,63.04
2026-07-14 03:18,82.8,63.04
2026-07-14 03:19,82.8,63.0
2026-07-14 03:20,82.8,63.04
2026-07-14 03:21,82.8,63.05
2026-07-14 03:22,82.8,63.02
2026-07-14 03:23,82.7,63.0
2026-07-14 03:24,82.7,63.03
2026-07-14 03:25,82.7,63.0
2026-07-14 03:26,82.7,63.03
2026-07-14 03:27,82.7,62.98
2026-07-14 03:28,82.7,63.01
2026-07-14 03:29,82.7,63.0
2026-07-14 03:30,82.7,62.99
2026-07-14 03:31,82.7,62.99
2026-07-14 03:32,82.7,62.97
2026-07-14 03:33,82.7,62.97
2026-07-14 03:34,82.7,62.95
2026-07-14 03:35,82.7,62.95
2026-07-14 03:36,82.7,62.92
2026-07-14 03:37,82.7,62.91
2026-07-14 03:38,82.6,62.89
2026-07-14 03:39,82.6,62.95
2026-07-14 03:40,82.6,62.89
2026-07-14 03:41,82.6,62.95
2026-07-14 03:42,82.6,62.93
2026-07-14 03:43,82.6,62.88
2026-07-14 03:44,82.6,62.87
2026-07-14 03:45,82.6,62.87
2026-07-14 03:46,82.6,62.91
2026-07-14 03:47,82.6,62.89
2026-07-14 03:48,82.6,62.88
2026-07-14 03:49,82.6,62.84
2026-07-14 03:50,82.6,62.8
2026-07-14 03:51,82.5,62.82
2026-07-14 03:52,82.5,62.83
2026-07-14 03:53,82.5,62.81
2026-07-14 03:54,82.5,62.83
2026-07-14 03:55,82.5,62.87
2026-07-14 03:56,82.5,62.79
2026-07-14 03:57,82.4,62.83
2026-07-14 03:58,82.4,62.85
2026-07-14 03:59,82.4,62.82
2026-07-14 04:00,82.4,62.81
2026-07-14 04:01,82.4,62.82
2026-07-14 04:02,82.4,62.83
2026-07-14 04:03,82.4,62.81
2026-07-14 04:04,82.3,62.83
2026-07-14 04:05,82.3,62.85
2026-07-14 04:06,82.3,62.89
2026-07-14 04:07,82.3,62.87
2026-07-14 04:08,82.3,62.87
2026-07-14 04:09,82.3,62.87
2026-07-14 04:10,82.2,62.89
2026-07-14 04:11,82.2,62.91
2026-07-14 04:12,82.2,62.95
2026-07-14 04:13,82.2,62.93
2026-07-14 04:14,82.2,62.93
2026-07-14 04:15,82.2,62.97
2026-07-14 04:16,82.2,63.0
2026-07-14 04:17,82.2,63.04
2026-07-14 04:18,82.2,62.99
2026-07-14 04:19,82.2,63.09
2026-07-14 04:20,82.2,63.07
2026-07-14 04:21,82.2,63.05
2026-07-14 04:22,82.2,63.02
2026-07-14 04:23,82.2,63.05
2026-07-14 04:24,82.2,63.01
2026-07-14 04:25,82.2,63.05
2026-07-14 04:26,82.2,63.03
2026-07-14 04:27,82.2,62.95
2026-07-14 04:28,82.2,62.99
2026-07-14 04:29,82.2,62.95
2026-07-14 04:30,82.2,62.97
2026-07-14 04:31,82.2,62.93
2026-07-14 04:32,82.3,62.89
2026-07-14 04:33,82.3,62.94
2026-07-14 04:34,82.3,62.86
2026-07-14 04:35,82.3,62.83
2026-07-14 04:36,82.3,62.87
2026-07-14 04:37,82.3,62.85
2026-07-14 04:38,82.3,62.9
2026-07-14 04:39,82.2,62.89
2026-07-14 04:40,82.3,62.84
2026-07-14 04:41,82.3,62.78
2026-07-14 04:42,82.3,62.84
2026-07-14 04:43,82.2,62.82
2026-07-14 04:44,82.3,62.79
2026-07-14 04:45,82.3,62.83
2026-07-14 04:46,82.3,62.86
2026-07-14 04:47,82.3,62.85
2026-07-14 04:48,82.3,62.83
2026-07-14 04:49,82.3,62.81
2026-07-14 04:50,82.2,62.9
2026-07-14 04:51,82.3,62.83
2026-07-14 04:52,82.3,62.75
2026-07-14 04:53,82.2,62.85
2026-07-14 04:54,82.2,62.8
2026-07-14 04:55,82.2,62.77
2026-07-14 04:56,82.2,62.84
2026-07-14 04:57,82.2,62.88
2026-07-14 04:58,82.2,62.78
2026-07-14 04:59,82.2,62.76
2026-07-14 05:00,82.2,62.73
2026-07-14 05:01,82.2,62.71
2026-07-14 05:02,82.2,62.83
2026-07-14 05:03,82.2,62.86
2026-07-14 05:04,82.2,62.83
2026-07-14 05:05,82.2,62.79
2026-07-14 05:06,82.2,62.76
2026-07-14 05:07,82.2,62.8
2026-07-14 05:08,82.2,62.87
2026-07-14 05:09,82.2,62.89
2026-07-14 05:10,82.2,62.96
2026-07-14 05:11,82.2,62.93
2026-07-14 05:12,82.2,62.94
2026-07-14 05:13,82.2,62.95
2026-07-14 05:14,82.1,63.01
2026-07-14 05:15,82.1,63.08
2026-07-14 05:16,82.1,63.0
2026-07-14 05:17,82.1,63.01
2026-07-14 05:18,82.1,62.93
2026-07-14 05:19,82.1,63.13
2026-07-14 05:20,82.1,63.09
2026-07-14 05:21,82.1,63.12
2026-07-14 05:22,82.1,63.18
2026-07-14 05:23,82.1,63.12
2026-07-14 05:24,82.1,63.05
2026-07-14 05:25,82.1,63.1
2026-07-14 05:26,82.1,63.23
2026-07-14 05:27,82.1,63.2
2026-07-14 05:28,82.1,63.15
2026-07-14 05:29,82.0,63.22
2026-07-14 05:30,82.0,63.17
2026-07-14 05:31,82.0,63.21
2026-07-14 05:32,82.0,63.12
2026-07-14 05:33,82.0,63.09
2026-07-14 05:34,82.0,63.09
2026-07-14 05:35,82.0,63.09
2026-07-14 05:36,82.0,63.09
2026-07-14 05:37,82.0,63.09
2026-07-14 05:38,82.0,63.11
2026-07-14 05:39,82.0,63.13
2026-07-14 05:40,82.0,63.17
2026-07-14 05:41,82.0,63.08
2026-07-14 05:42,82.0,63.09
2026-07-14 05:43,82.0,63.13
2026-07-14 05:44,82.0,63.21
2026-07-14 05:45,81.9,63.23
2026-07-14 05:46,81.9,63.38
2026-07-14 05:47,81.9,63.22
2026-07-14 05:48,81.9,63.18
2026-07-14 05:49,81.9,63.26
2026-07-14 05:50,81.9,63.36
2026-07-14 05:51,81.9,63.49
2026-07-14 05:52,81.9,63.54
2026-07-14 05:53,81.9,63.59
2026-07-14 05:54,81.9,63.76
2026-07-14 05:55,81.8,63.46
2026-07-14 05:56,81.8,63.58
2026-07-14 05:57,81.8,63.81
2026-07-14 05:58,81.8,63.86
2026-07-14 05:59,81.8,63.8
2026-07-14 06:00,81.8,63.73
2026-07-14 06:01,81.7,63.72
2026-07-14 06:02,81.7,63.67
2026-07-14 06:03,81.7,63.88
2026-07-14 06:04,81.7,63.84
2026-07-14 06:05,81.7,64.14
2026-07-14 06:06,81.7,64.1
2026-07-14 06:07,81.7,64.13
2026-07-14 06:08,81.6,64.1
2026-07-14 06:09,81.6,64.06
2026-07-14 06:10,81.6,63.89
2026-07-14 06:11,81.6,64.14
2026-07-14 06:12,81.6,64.13
2026-07-14 06:13,81.6,64.16
2026-07-14 06:14,81.6,64.21
2026-07-14 06:15,81.6,64.26
2026-07-14 06:16,81.6,64.34
2026-07-14 06:17,81.5,64.5
2026-07-14 06:18,81.5,64.59
2026-07-14 06:19,81.5,64.68
2026-07-14 06:20,81.4,65.12
2026-07-14 06:21,81.4,64.93
2026-07-14 06:22,81.3,65.26
2026-07-14 06:23,81.3,65.44
2026-07-14 06:24,81.2,65.83
2026-07-14 06:25,81.2,65.88
2026-07-14 06:26,81.1,65.91
2026-07-14 06:27,81.0,65.72
2026-07-14 06:28,81.0,65.51
2026-07-14 06:29,80.9,65.37
2026-07-14 06:30,80.8,65.3
2026-07-14 06:31,80.8,65.31
2026-07-14 06:32,80.7,65.47
2026-07-14 06:33,80.6,65.43
2026-07-14 06:34,80.6,65.61
2026-07-14 06:35,80.6,65.89
2026-07-14 06:36,80.6,66.04
2026-07-14 06:37,80.5,66.2
2026-07-14 06:38,80.5,66.57
2026-07-14 06:39,80.4,66.42
2026-07-14 06:40,80.4,66.41
2026-07-14 06:41,80.4,66.53
2026-07-14 06:42,80.4,66.29
2026-07-14 06:43,80.4,66.11
2026-07-14 06:44,80.5,66.04
2026-07-14 06:45,80.5,65.87
2026-07-14 06:46,80.5,65.71
2026-07-14 06:47,80.6,65.53
2026-07-14 06:48,80.6,65.47
2026-07-14 06:49,80.7,65.43
2026-07-14 06:50,80.7,65.32
2026-07-14 06:51,80.7,65.44
2026-07-14 06:52,80.8,65.39
2026-07-14 06:53,80.8,65.44
2026-07-14 06:54,80.8,65.37
2026-07-14 06:55,80.9,65.3
2026-07-14 06:56,80.9,65.25
2026-07-14 06:57,80.9,65.21
2026-07-14 06:58,80.9,65.08
2026-07-14 06:59,80.9,65.11
2026-07-14 07:00,81.0,65.17
2026-07-14 07:01,81.0,65.09
2026-07-14 07:02,81.0,64.99
2026-07-14 07:03,81.0,64.98
2026-07-14 07:04,81.0,64.92
2026-07-14 07:05,81.0,64.99
2026-07-14 07:06,81.0,64.98
2026-07-14 07:07,81.0,64.89
2026-07-14 07:08,81.0,64.81
2026-07-14 07:09,81.0,64.81
2026-07-14 07:10,81.0,64.86
2026-07-14 07:11,81.0,64.79
2026-07-14 07:12,81.0,64.8
2026-07-14 07:13,81.0,64.82
2026-07-14 07:14,81.1,64.73
2026-07-14 07:15,81.1,64.69
2026-07-14 07:16,81.1,64.68
2026-07-14 07:17,81.1,64.81
2026-07-14 07:18,81.1,64.64
2026-07-14 07:19,81.1,64.6
2026-07-14 07:20,81.1,64.73
2026-07-14 07:21,81.1,64.75
2026-07-14 07:22,81.1,64.7
2026-07-14 07:23,81.1,64.66
2026-07-14 07:24,81.1,64.72
2026-07-14 07:25,81.1,64.68
2026-07-14 07:26,81.1,64.63
2026-07-14 07:27,81.1,64.6
2026-07-14 07:28,81.1,64.55
2026-07-14 07:29,81.1,64.58
2026-07-14 07:30,81.1,64.59
2026-07-14 07:31,81.1,64.53
2026-07-14 07:32,81.1,64.57
2026-07-14 07:33,81.1,64.59
2026-07-14 07:34,81.1,64.47
2026-07-14 07:35,81.1,64.52
2026-07-14 07:36,81.1,64.47
2026-07-14 07:37,81.1,64.52
2026-07-14 07:38,81.1,64.46
2026-07-14 07:39,81.1,64.38
2026-07-14 07:40,81.1,64.46
2026-07-14 07:41,81.1,64.53
2026-07-14 07:42,81.1,64.49
2026-07-14 07:43,81.1,64.4
2026-07-14 07:44,81.1,64.54
2026-07-14 07:45,81.1,64.45
2026-07-14 07:46,81.1,64.67
2026-07-14 07:47,81.1,64.61
2026-07-14 07:48,81.1,64.47
2026-07-14 07:49,81.1,64.42
2026-07-14 07:50,81.1,64.44
2026-07-14 07:51,81.1,64.48
2026-07-14 07:52,81.1,64.5
2026-07-14 07:53,81.1,64.51
2026-07-14 07:54,81.1,64.43
2026-07-14 07:55,81.1,64.45
2026-07-14 07:56,81.1,64.5
2026-07-14 07:57,81.1,64.53
2026-07-14 07:58,81.1,64.44
2026-07-14 07:59,81.1,64.38
2026-07-14 08:00,81.1,64.32
2026-07-14 08:01,81.1,64.39
2026-07-14 08:02,81.1,64.35
2026-07-14 08:03,81.1,64.35
2026-07-14 08:04,81.1,64.43
2026-07-14 08:05,81.1,64.32
2026-07-14 08:06,81.1,64.46
2026-07-14 08:07,81.1,64.51
2026-07-14 08:08,81.1,64.55
2026-07-14 08:09,81.1,64.57
2026-07-14 08:10,81.1,64.39
2026-07-14 08:11,81.1,64.39
2026-07-14 08:12,81.1,64.47
2026-07-14 08:13,81.1,64.57
2026-07-14 08:14,81.1,64.51
2026-07-14 08:15,81.1,64.43
2026-07-14 08:16,81.1,64.39
2026-07-14 08:17,81.1,64.49
2026-07-14 08:18,81.1,64.54
2026-07-14 08:19,81.1,64.59
2026-07-14 08:20,81.1,64.48
2026-07-14 08:21,81.1,64.58
2026-07-14 08:22,81.1,64.56
2026-07-14 08:23,81.1,64.47
2026-07-14 08:24,81.1,64.57
2026-07-14 08:25,81.1,64.74
2026-07-14 08:26,81.1,64.63
2026-07-14 08:27,81.1,64.62
2026-07-14 08:28,81.1,64.75
2026-07-14 08:29,81.1,64.67
2026-07-14 08:30,81.1,64.65
2026-07-14 08:31,81.1,64.84
2026-07-14 08:32,81.1,64.83
2026-07-14 08:33,81.1,64.71
2026-07-14 08:34,81.2,64.65
2026-07-14 08:35,81.2,64.57
2026-07-14 08:36,81.2,64.6
2026-07-14 08:37,81.2,64.7
2026-07-14 08:38,81.2,64.7
2026-07-14 08:39,81.2,64.72
2026-07-14 08:40,81.2,64.68
2026-07-14 08:41,81.2,64.67
2026-07-14 08:42,81.2,64.72
2026-07-14 08:43,81.2,64.87
2026-07-14 08:44,81.2,64.79
2026-07-14 08:45,81.2,64.83
2026-07-14 08:46,81.2,64.76
2026-07-14 08:47,81.2,64.75
2026-07-14 08:48,81.2,64.78
2026-07-14 08:49,81.2,64.67
2026-07-14 08:50,81.2,64.76
2026-07-14 08:51,81.2,64.89
2026-07-14 08:52,81.2,64.84
2026-07-14 08:53,81.2,64.91
2026-07-14 08:54,81.2,64.96
2026-07-14 08:55,81.2,64.86
2026-07-14 08:56,81.2,64.87
2026-07-14 08:57,81.2,64.76
2026-07-14 08:58,81.2,64.78
2026-07-14 08:59,81.2,64.71
2026-07-14 09:00,81.2,64.64
2026-07-14 09:01,81.2,64.76
2026-07-14 09:02,81.2,64.67
2026-07-14 09:03,81.2,64.62
2026-07-14 09:04,81.2,64.81
2026-07-14 09:05,81.2,64.68
2026-07-14 09:06,81.2,64.78
2026-07-14 09:07,81.2,64.81
2026-07-14 09:08,81.2,64.84
2026-07-14 09:09,81.2,64.81
2026-07-14 09:10,81.2,64.77
2026-07-14 09:11,81.2,64.83
2026-07-14 09:12,81.2,64.89
2026-07-14 09:13,81.2,64.83
2026-07-14 09:14,81.2,64.87
2026-07-14 09:15,81.2,64.84
2026-07-14 09:16,81.2,64.82
2026-07-14 09:17,81.2,64.78
2026-07-14 09:18,81.2,65.05
2026-07-14 09:19,81.2,64.81
2026-07-14 09:20,81.2,64.85
2026-07-14 09:21,81.2,64.8
2026-07-14 09:22,81.2,64.9
2026-07-14 09:23,81.2,64.9
2026-07-14 09:24,81.2,65.02
2026-07-14 09:25,81.2,65.28
2026-07-14 09:26,81.2,65.0
2026-07-14 09:27,81.2,65.04
2026-07-14 09:28,81.2,64.98
2026-07-14 09:29,81.2,65.04
2026-07-14 09:30,81.2,65.11
2026-07-14 09:31,81.2,65.15
2026-07-14 09:32,81.2,65.21
2026-07-14 09:33,81.2,65.36
2026-07-14 09:34,81.1,65.51
2026-07-14 09:35,81.1,65.39
2026-07-14 09:36,81.1,65.65
2026-07-14 09:37,81.1,65.54
2026-07-14 09:38,81.1,65.47
2026-07-14 09:39,81.1,65.6
2026-07-14 09:40,81.1,65.6
2026-07-14 09:41,81.1,65.55
2026-07-14 09:42,81.1,65.6
2026-07-14 09:43,81.1,65.41
2026-07-14 09:44,81.1,65.31
2026-07-14 09:45,81.1,65.35
2026-07-14 09:46,81.1,65.44
2026-07-14 09:47,81.1,65.39
2026-07-14 09:48,81.1,65.45
2026-07-14 09:49,81.1,65.37
2026-07-14 09:50,81.1,65.32
2026-07-14 09:51,81.1,65.29
2026-07-14 09:52,81.1,65.28
2026-07-14 09:53,81.1,65.36
2026-07-14 09:54,81.1,65.05
2026-07-14 09:55,81.1,65.33
2026-07-14 09:56,81.1,65.31
2026-07-14 09:57,81.1,65.04
2026-07-14 09:58,81.1,65.11
2026-07-14 09:59,81.1,65.06
2026-07-14 10:00,81.1,65.2
2026-07-14 10:01,81.1,65.12
2026-07-14 10:02,81.1,65.16
2026-07-14 10:03,81.1,65.28
2026-07-14 10:04,81.1,65.15
2026-07-14 10:05,81.1,65.2
2026-07-14 10:06,81.1,65.2
2026-07-14 10:07,81.1,65.09
2026-07-14 10:08,81.1,65.09
2026-07-14 10:09,81.1,65.09
2026-07-14 10:10,81.1,65.02
2026-07-14 10:11,81.1,65.06
2026-07-14 10:12,81.1,65.23
2026-07-14 10:13,81.1,65.02
2026-07-14 10:14,81.1,65.15
2026-07-14 10:15,81.1,65.1
2026-07-14 10:16,81.1,65.2
2026-07-14 10:17,81.1,65.41
2026-07-14 10:18,81.0,65.34
2026-07-14 10:19,81.0,65.12
2026-07-14 10:20,81.0,65.05
2026-07-14 10:21,81.0,65.0
2026-07-14 10:22,81.0,65.07
2026-07-14 10:23,81.0,65.14
2026-07-14 10:24,81.0,65.26
2026-07-14 10:25,81.0,65.35
2026-07-14 10:26,81.0,65.34
2026-07-14 10:27,81.0,65.32
2026-07-14 10:28,81.0,65.35
2026-07-14 10:29,81.0,65.45
2026-07-14 10:30,81.0,65.28
2026-07-14 10:31,81.0,65.19
2026-07-14 10:32,81.0,65.32
2026-07-14 10:33,81.0,65.32
2026-07-14 10:34,81.0,65.44
2026-07-14 10:35,81.0,65.28
2026-07-14 10:36,81.0,65.5
2026-07-14 10:37,81.0,65.38
2026-07-14 10:38,81.0,65.42
2026-07-14 10:39,81.0,65.21
2026-07-14 10:40,81.0,65.37
2026-07-14 10:41,81.0,65.27
2026-07-14 10:42,81.0,65.3
2026-07-14 10:43,81.0,65.34
2026-07-14 10:44,81.0,65.14
2026-07-14 10:45,81.0,65.4
2026-07-14 10:46,81.0,65.31
2026-07-14 10:47,81.0,65.38
2026-07-14 10:48,81.0,65.32
2026-07-14 10:49,81.0,65.29
2026-07-14 10:50,81.0,65.48
2026-07-14 10:51,81.0,65.43
2026-07-14 10:52,81.0,65.31
2026-07-14 10:53,81.0,65.36
2026-07-14 10:54,81.0,65.3
2026-07-14 10:55,81.0,65.44
2026-07-14 10:56,81.0,65.46
2026-07-14 10:57,81.0,65.34
2026-07-14 10:58,81.0,65.42
2026-07-14 10:59,81.0,65.28
2026-07-14 11:00,81.0,65.36
2026-07-14 11:01,81.0,65.32
2026-07-14 11:02,81.0,65.56
2026-07-14 11:03,81.0,65.44
2026-07-14 11:04,81.0,65.34
2026-07-14 11:05,81.0,65.37
2026-07-14 11:06,81.0,65.42
2026-07-14 11:07,81.0,65.49
2026-07-14 11:08,81.0,65.44
2026-07-14 11:09,81.0,65.32
2026-07-14 11:10,81.0,65.43
2026-07-14 11:11,81.0,65.49
2026-07-14 11:12,81.0,65.32
2026-07-14 11:13,81.0,65.23
2026-07-14 11:14,81.0,65.45
2026-07-14 11:15,81.0,65.93
2026-07-14 11:16,80.9,65.93
2026-07-14 11:17,80.9,66.0
2026-07-14 11:18,80.9,65.99
2026-07-14 11:19,80.9,65.86
2026-07-14 11:20,80.9,65.6
2026-07-14 11:21,81.0,65.74
2026-07-14 11:22,81.0,65.52
2026-07-14 11:23,81.0,65.56
2026-07-14 11:24,81.0,65.61
2026-07-14 11:25,81.0,65.52
2026-07-14 11:26,81.0,65.69
2026-07-14 11:27,81.0,65.65
2026-07-14 11:28,81.0,65.65
2026-07-14 11:29,81.0,65.65
2026-07-14 11:30,81.0,65.72
2026-07-14 11:31,81.0,65.67
2026-07-14 11:32,81.0,65.55
2026-07-14 11:33,81.0,65.34
2026-07-14 11:34,81.0,65.46
2026-07-14 11:35,81.0,65.38
2026-07-14 11:36,81.0,65.46
2026-07-14 11:37,81.0,65.43
2026-07-14 11:38,81.0,65.39
2026-07-14 11:39,81.0,65.34
2026-07-14 11:40,81.0,65.45
2026-07-14 11:41,81.0,65.57
2026-07-14 11:42,81.0,65.54
2026-07-14 11:43,81.0,65.66
2026-07-14 11:44,81.0,65.68
2026-07-14 11:45,81.0,65.42
2026-07-14 11:46,81.0,65.43
2026-07-14 11:47,81.0,65.35
2026-07-14 11:48,81.0,65.35
2026-07-14 11:49,81.0,65.36
2026-07-14 11:50,81.0,65.28
2026-07-14 11:51,81.0,65.33
2026-07-14 11:52,81.0,65.31
2026-07-14 11:53,81.0,65.58
2026-07-14 11:54,81.0,65.39
2026-07-14 11:55,81.0,65.32
2026-07-14 11:56,81.0,65.45
2026-07-14 11:57,81.0,65.35
2026-07-14 11:58,81.0,65.29
2026-07-14 11:59,81.0,65.27
2026-07-14 12:00,81.0,65.32
2026-07-14 12:01,81.0,65.37
2026-07-14 12:02,81.0,65.39
2026-07-14 12:03,81.0,65.39
2026-07-14 12:04,81.0,65.69
2026-07-14 12:05,81.0,65.75
2026-07-14 12:06,81.0,65.79
2026-07-14 12:07,81.0,65.67
2026-07-14 12:08,81.0,65.78
2026-07-14 12:09,81.0,65.57
2026-07-14 12:10,81.0,65.54
2026-07-14 12:11,81.0,65.46
2026-07-14 12:12,81.0,65.51
2026-07-14 12:13,81.0,65.38
2026-07-14 12:14,81.0,65.38
2026-07-14 12:15,81.0,65.49
2026-07-14 12:16,81.0,65.39
2026-07-14 12:17,81.0,65.44
2026-07-14 12:18,81.0,65.51
2026-07-14 12:19,81.0,65.47
2026-07-14 12:20,81.0,65.32
2026-07-14 12:21,81.0,65.37
2026-07-14 12:22,81.1,65.31
2026-07-14 12:23,81.1,65.5
2026-07-14 12:24,81.1,65.46
2026-07-14 12:25,81.1,65.35
2026-07-14 12:26,81.1,65.31
2026-07-14 12:27,81.1,65.25
2026-07-14 12:28,81.1,65.28
2026-07-14 12:29,81.1,65.27
2026-07-14 12:30,81.1,65.45
2026-07-14 12:31,81.1,65.49
2026-07-14 12:32,81.1,65.44
2026-07-14 12:33,81.1,65.54
2026-07-14 12:34,81.1,65.59
2026-07-14 12:35,81.1,65.42
2026-07-14 12:36,81.1,65.36
2026-07-14 12:37,81.1,65.3
2026-07-14 12:38,81.1,65.58
2026-07-14 12:39,81.1,65.5
2026-07-14 12:40,81.1,65.34
2026-07-14 12:41,81.1,65.34
2026-07-14 12:42,81.1,65.31
2026-07-14 12:43,81.1,65.3
2026-07-14 12:44,81.1,65.43
2026-07-14 12:45,81.1,65.28
2026-07-14 12:46,81.1,65.31
2026-07-14 12:47,81.2,65.59
2026-07-14 12:48,81.1,65.32
2026-07-14 12:49,81.2,65.31
2026-07-14 12:50,81.2,65.3
2026-07-14 12:51,81.2,65.47
2026-07-14 12:52,81.2,65.52
2026-07-14 12:53,81.2,65.39
2026-07-14 12:54,81.2,65.37
2026-07-14 12:55,81.2,65.37
2026-07-14 12:56,81.2,65.46
2026-07-14 12:57,81.2,65.6
2026-07-14 12:58,81.2,65.43
2026-07-14 12:59,81.2,65.34
2026-07-14 13:00,81.2,65.47
2026-07-14 13:01,81.2,65.59
2026-07-14 13:02,81.2,65.42
2026-07-14 13:03,81.2,65.44
2026-07-14 13:04,81.2,65.37
2026-07-14 13:05,81.2,65.35
2026-07-14 13:06,81.2,65.44
2026-07-14 13:07,81.3,65.41
2026-07-14 13:08,81.3,65.51
2026-07-14 13:09,81.3,65.32
2026-07-14 13:10,81.3,65.56
2026-07-14 13:11,81.3,65.54
2026-07-14 13:12,81.3,65.51
2026-07-14 13:13,81.3,65.48
2026-07-14 13:14,81.3,65.45
2026-07-14 13:15,81.3,65.64
2026-07-14 13:16,81.3,65.45
2026-07-14 13:17,81.3,65.4
2026-07-14 13:18,81.3,65.32
2026-07-14 13:19,81.3,65.39
2026-07-14 13:20,81.3,65.33
2026-07-14 13:21,81.3,65.3
2026-07-14 13:22,81.3,65.48
2026-07-14 13:23,81.3,65.36
2026-07-14 13:24,81.3,65.31
2026-07-14 13:25,81.4,65.32
2026-07-14 13:26,81.4,65.49
2026-07-14 13:27,81.4,65.46
2026-07-14 13:28,81.4,65.35
2026-07-14 13:29,81.4,65.31
2026-07-14 13:30,81.4,65.3
2026-07-14 13:31,81.4,65.56
2026-07-14 13:32,81.4,65.43
2026-07-14 13:33,81.4,65.54
2026-07-14 13:34,81.4,65.41
2026-07-14 13:35,81.4,65.48
2026-07-14 13:36,81.4,65.38
2026-07-14 13:37,81.4,65.39
2026-07-14 13:38,81.5,65.43
2026-07-14 13:39,81.5,65.51
2026-07-14 13:40,81.5,65.54
2026-07-14 13:41,81.5,65.62
2026-07-14 13:42,81.5,65.54
2026-07-14 13:43,81.5,65.47
2026-07-14 13:44,81.5,65.59
2026-07-14 13:45,81.5,65.68
2026-07-14 13:46,81.5,66.06
2026-07-14 13:47,81.5,65.83
2026-07-14 13:48,81.6,65.81
2026-07-14 13:49,81.6,65.64
2026-07-14 13:50,81.6,65.96
2026-07-14 13:51,81.6,65.69
2026-07-14 13:52,81.6,65.66
2026-07-14 13:53,81.6,65.66
2026-07-14 13:54,81.6,65.69
2026-07-14 13:55,81.6,65.78
2026-07-14 13:56,81.7,65.72
2026-07-14 13:57,81.7,65.81
2026-07-14 13:58,81.7,65.99
2026-07-14 13:59,81.7,66.11
2026-07-14 14:00,81.7,66.03
2026-07-14 14:01,81.7,66.02
2026-07-14 14:02,81.7,66.08
2026-07-14 14:03,81.8,65.96
2026-07-14 14:04,81.8,65.88
2026-07-14 14:05,81.8,65.91
2026-07-14 14:06,81.8,65.97
2026-07-14 14:07,81.8,66.21
2026-07-14 14:08,81.8,66.03
2026-07-14 14:09,81.8,66.54
2026-07-14 14:10,81.8,66.53
2026-07-14 14:11,81.9,66.58
2026-07-14 14:12,81.9,66.49
2026-07-14 14:13,81.9,66.3
2026-07-14 14:14,81.9,66.37
2026-07-14 14:15,81.9,66.24
2026-07-14 14:16,81.9,66.43
2026-07-14 14:17,81.9,66.31
2026-07-14 14:18,81.9,66.27
2026-07-14 14:19,81.9,66.21
2026-07-14 14:20,81.9,66.23
2026-07-14 14:21,81.9,66.11
2026-07-14 14:22,81.9,66.14
2026-07-14 14:23,82.0,66.02
2026-07-14 14:24,82.0,66.15
2026-07-14 14:25,82.0,66.12
2026-07-14 14:26,82.0,66.14
2026-07-14 14:27,82.0,65.98
2026-07-14 14:28,82.0,66.15
2026-07-14 14:29,82.0,66.23
2026-07-14 14:30,82.0,66.21
2026-07-14 14:31,82.0,66.15
2026-07-14 14:32,82.0,66.21
2026-07-14 14:33,82.0,66.22
2026-07-14 14:34,82.0,66.15
2026-07-14 14:35,82.0,66.39
2026-07-14 14:36,82.0,66.19
2026-07-14 14:37,82.0,66.29
2026-07-14 14:38,82.0,66.34
2026-07-14 14:39,82.0,66.31
2026-07-14 14:40,82.0,66.34
2026-07-14 14:41,82.1,66.42
2026-07-14 14:42,82.1,66.28
2026-07-14 14:43,82.1,66.11
2026-07-14 14:44,82.1,66.29
2026-07-14 14:45,82.1,66.46
2026-07-14 14:46,82.1,66.28
2026-07-14 14:47,82.1,66.32
2026-07-14 14:48,82.1,66.27
2026-07-14 14:49,82.1,66.4
2026-07-14 14:50,82.1,66.58
2026-07-14 14:51,82.1,66.39
2026-07-14 14:52,82.1,66.44
2026-07-14 14:53,82.1,66.49
2026-07-14 14:54,82.1,66.33
2026-07-14 14:55,82.1,66.37
2026-07-14 14:56,82.2,66.36
2026-07-14 14:57,82.2,66.59
2026-07-14 14:58,82.1,66.75
2026-07-14 14:59,82.2,66.71
2026-07-14 15:00,82.2,66.67
2026-07-14 15:01,82.1,66.59
2026-07-14 15:02,82.1,66.6
2026-07-14 15:03,82.1,66.67
2026-07-14 15:04,82.1,66.78
2026-07-14 15:05,82.2,66.86
2026-07-14 15:06,82.1,66.74
2026-07-14 15:07,82.1,66.73
2026-07-14 15:08,82.2,66.72
2026-07-14 15:09,82.2,66.71
2026-07-14 15:10,82.2,66.85
2026-07-14 15:11,82.2,66.7
2026-07-14 15:12,82.2,66.65
2026-07-14 15:13,82.2,66.71
2026-07-14 15:14,82.2,66.85
2026-07-14 15:15,82.2,66.64
2026-07-14 15:16,82.2,66.61
2026-07-14 15:17,82.2,66.69
2026-07-14 15:18,82.2,66.85
2026-07-14 15:19,82.2,66.75
2026-07-14 15:20,82.2,66.69
2026-07-14 15:21,82.3,66.73
2026-07-14 15:22,82.3,66.77
2026-07-14 15:23,82.3,66.71
2026-07-14 15:24,82.3,66.68
2026-07-14 15:25,82.3,66.47
2026-07-14 15:26,82.4,66.82
2026-07-14 15:27,82.4,66.55
2026-07-14 15:28,82.4,66.55
2026-07-14 15:29,82.4,66.53
2026-07-14 15:30,82.4,66.48
2026-07-14 15:31,82.5,66.54
2026-07-14 15:32,82.5,66.69
2026-07-14 15:33,82.5,66.54
2026-07-14 15:34,82.5,66.67
2026-07-14 15:35,82.5,66.73
2026-07-14 15:36,82.6,66.48
2026-07-14 15:37,82.6,66.54
2026-07-14 15:38,82.6,66.65
2026-07-14 15:39,82.6,66.63
2026-07-14 15:40,82.6,67.01
2026-07-14 15:41,82.7,66.93
2026-07-14 15:42,82.7,66.73
2026-07-14 15:43,82.7,66.57
2026-07-14 15:44,82.7,66.43
2026-07-14 15:45,82.7,66.35
2026-07-14 15:46,82.8,66.51
2026-07-14 15:47,82.8,66.48
2026-07-14 15:48,82.8,66.64
2026-07-14 15:49,82.8,66.59
2026-07-14 15:50,82.9,66.4
2026-07-14 15:51,82.9,66.39
2026-07-14 15:52,82.9,66.77
2026-07-14 15:53,82.9,66.81
2026-07-14 15:54,83.0,66.71
2026-07-14 15:55,83.0,66.67
2026-07-14 15:56,83.0,66.51
2026-07-14 15:57,83.0,66.68
2026-07-14 15:58,83.0,66.56
2026-07-14 15:59,83.1,66.47
2026-07-14 16:00,83.1,66.43
2026-07-14 16:01,83.1,66.31
2026-07-14 16:02,83.1,66.55
2026-07-14 16:03,83.1,66.65
2026-07-14 16:04,83.2,66.49
2026-07-14 16:05,83.2,66.22
2026-07-14 16:06,83.2,66.34
2026-07-14 16:07,83.2,66.47
2026-07-14 16:08,83.2,66.31
2026-07-14 16:09,83.2,66.31
2026-07-14 16:10,83.2,66.34
2026-07-14 16:11,83.2,66.17
2026-07-14 16:12,83.2,66.12
2026-07-14 16:13,83.3,66.27
2026-07-14 16:14,83.3,66.23
2026-07-14 16:15,83.3,66.34
2026-07-14 16:16,83.3,66.36
2026-07-14 16:17,83.3,66.33
2026-07-14 16:18,83.3,66.28
2026-07-14 16:19,83.3,66.32
2026-07-14 16:20,83.3,66.25
2026-07-14 16:21,83.4,66.29
2026-07-14 16:22,83.4,66.36
2026-07-14 16:23,83.4,66.27
2026-07-14 16:24,83.4,66.37
2026-07-14 16:25,83.4,66.5
2026-07-14 16:26,83.5,66.57
2026-07-14 16:27,83.5,66.6
2026-07-14 16:28,83.5,66.65
2026-07-14 16:29,83.5,66.6
2026-07-14 16:30,83.5,66.56
2026-07-14 16:31,83.6,66.48
2026-07-14 16:32,83.6,66.45
2026-07-14 16:33,83.6,66.43
2026-07-14 16:34,83.6,66.65
2026-07-14 16:35,83.6,66.66
2026-07-14 16:36,83.6,66.5
2026-07-14 16:37,83.6,66.43
2026-07-14 16:38,83.7,66.33
2026-07-14 16:39,83.7,66.24
2026-07-14 16:40,83.7,66.29
2026-07-14 16:41,83.7,66.39
2026-07-14 16:42,83.7,66.36
2026-07-14 16:43,83.7,66.46
2026-07-14 16:44,83.7,66.55
2026-07-14 16:45,83.7,66.28
2026-07-14 16:46,83.7,66.13
2026-07-14 16:47,83.7,66.55
2026-07-14 16:48,83.7,66.49
2026-07-14 16:49,83.8,66.32
2026-07-14 16:50,83.8,66.39
2026-07-14 16:51,83.8,66.22
2026-07-14 16:52,83.8,66.36
2026-07-14 16:53,83.8,66.24
2026-07-14 16:54,83.8,66.28
2026-07-14 16:55,83.8,66.27
2026-07-14 16:56,83.8,66.19
2026-07-14 16:57,83.8,66.17
2026-07-14 16:58,83.8,66.27
2026-07-14 16:59,83.9,66.47
2026-07-14 17:00,83.9,66.53
2026-07-14 17:01,83.9,66.64
2026-07-14 17:02,83.9,66.54
2026-07-14 17:03,84.0,66.49
2026-07-14 17:04,84.0,66.59
2026-07-14 17:05,84.0,66.65
2026-07-14 17:06,84.0,66.7
2026-07-14 17:07,84.1,66.57
2026-07-14 17:08,84.1,66.62
2026-07-14 17:09,84.1,66.46
2026-07-14 17:10,84.1,66.28
2026-07-14 17:11,84.2,66.34
2026-07-14 17:12,84.2,66.44
2026-07-14 17:13,84.2,66.39
2026-07-14 17:14,84.2,66.31
2026-07-14 17:15,84.3,66.24
2026-07-14 17:16,84.3,66.41
2026-07-14 17:17,84.3,66.3
2026-07-14 17:18,84.3,66.48
2026-07-14 17:19,84.4,66.3
2026-07-14 17:20,84.4,66.07
2026-07-14 17:21,84.4,66.11
2026-07-14 17:22,84.4,66.1
2026-07-14 17:23,84.5,66.25
2026-07-14 17:24,84.5,66.29
2026-07-14 17:25,84.5,66.1
2026-07-14 17:26,84.5,66.12
2026-07-14 17:27,84.5,66.19
2026-07-14 17:28,84.6,66.22
2026-07-14 17:29,84.6,66.3
2026-07-14 17:30,84.6,66.22
2026-07-14 17:31,84.6,66.39
2026-07-14 17:32,84.6,66.33
2026-07-14 17:33,84.7,66.27
2026-07-14 17:34,84.7,66.15
2026-07-14 17:35,84.7,66.1
2026-07-14 17:36,84.7,66.1
2026-07-14 17:37,84.7,66.07
2026-07-14 17:38,84.8,66.14
2026-07-14 17:39,84.8,66.16
2026-07-14 17:40,84.8,66.08
2026-07-14 17:41,84.8,65.9
2026-07-14 17:42,84.8,65.88
2026-07-14 17:43,84.9,65.94
2026-07-14 17:44,84.9,66.12
2026-07-14 17:45,84.9,66.22
2026-07-14 17:46,84.9,66.25
2026-07-14 17:47,84.9,66.26
2026-07-14 17:48,84.9,66.45
2026-07-14 17:49,85.0,66.27
2026-07-14 17:50,85.0,66.41
2026-07-14 17:51,85.0,66.3
2026-07-14 17:52,85.0,66.07
2026-07-14 17:53,85.0,66.16
2026-07-14 17:54,85.0,66.21
2026-07-14 17:55,85.0,66.03
2026-07-14 17:56,85.1,66.1
2026-07-14 17:57,85.1,65.95
2026-07-14 17:58,85.1,66.17
2026-07-14 17:59,85.1,65.98
2026-07-14 18:00,85.1,65.97
2026-07-14 18:01,85.1,65.92
2026-07-14 18:02,85.1,65.91
2026-07-14 18:03,85.2,65.79
2026-07-14 18:04,85.2,65.69
2026-07-14 18:05,85.2,65.62
2026-07-14 18:06,85.2,65.73
2026-07-14 18:07,85.2,65.71
2026-07-14 18:08,85.2,65.68
2026-07-14 18:09,85.2,65.6
2026-07-14 18:10,85.2,65.61
2026-07-14 18:11,85.3,65.64
2026-07-14 18:12,85.3,65.51
2026-07-14 18:13,85.3,65.42
2026-07-14 18:14,85.3,65.36
2026-07-14 18:15,85.3,65.42
2026-07-14 18:16,85.3,65.3
2026-07-14 18:17,85.3,65.38
2026-07-14 18:18,85.3,65.37
2026-07-14 18:19,85.4,65.36
2026-07-14 18:20,85.4,65.28
2026-07-14 18:21,85.4,65.26
2026-07-14 18:22,85.4,65.2
2026-07-14 18:23,85.4,65.17
2026-07-14 18:24,85.4,65.12
2026-07-14 18:25,85.4,65.09
2026-07-14 18:26,85.4,65.09
2026-07-14 18:27,85.4,65.07
2026-07-14 18:28,85.4,65.03
2026-07-14 18:29,85.5,65.01
2026-07-14 18:30,85.5,65.02
2026-07-14 18:31,85.5,65.02
2026-07-14 18:32,85.5,64.96
2026-07-14 18:33,85.5,64.94
2026-07-14 18:34,85.5,64.99
2026-07-14 18:35,85.5,64.99
2026-07-14 18:36,85.5,65.0
2026-07-14 18:37,85.5,64.92
2026-07-14 18:38,85.5,64.84
2026-07-14 18:39,85.5,64.81
2026-07-14 18:40,85.5,64.8
2026-07-14 18:41,85.5,64.76
2026-07-14 18:42,85.5,64.76
2026-07-14 18:43,85.6,64.74
2026-07-14 18:44,85.6,64.71
2026-07-14 18:45,85.6,64.68
2026-07-14 18:46,85.6,64.63
2026-07-14 18:47,85.6,64.61
2026-07-14 18:48,85.6,64.58
2026-07-14 18:49,85.6,64.62
2026-07-14 18:50,85.6,64.6
2026-07-14 18:51,85.6,64.57
2026-07-14 18:52,85.6,64.53
2026-07-14 18:53,85.6,64.58
2026-07-14 18:54,85.6,64.55
2026-07-14 18:55,85.6,64.53
2026-07-14 18:56,85.6,64.49
2026-07-14 18:57,85.6,64.51
2026-07-14 18:58,85.6,64.48
2026-07-14 18:59,85.6,64.44
2026-07-14 19:00,85.6,64.41
2026-07-14 19:01,85.6,64.44
2026-07-14 19:02,85.6,64.42
2026-07-14 19:03,85.6,64.4
2026-07-14 19:04,85.6,64.46
2026-07-14 19:05,85.6,64.46
2026-07-14 19:06,85.6,64.46
2026-07-14 19:07,85.6,64.41
2026-07-14 19:08,85.6,64.45
2026-07-14 19:09,85.6,64.47
2026-07-14 19:10,85.6,64.47
2026-07-14 19:11,85.6,64.46
2026-07-14 19:12,85.6,64.45
2026-07-14 19:13,85.6,64.47
2026-07-14 19:14,85.6,64.48
2026-07-14 19:15,85.6,64.49
2026-07-14 19:16,85.6,64.46
2026-07-14 19:17,85.6,64.43
2026-07-14 19:18,85.6,64.42
2026-07-14 19:19,85.6,64.41
2026-07-14 19:20,85.6,64.43
2026-07-14 19:21,85.6,64.45
2026-07-14 19:22,85.6,64.41
2026-07-14 19:23,85.6,64.42
2026-07-14 19:24,85.6,64.42
2026-07-14 19:25,85.6,64.43
2026-07-14 19:26,85.6,64.42
2026-07-14 19:27,85.6,64.42
2026-07-14 19:28,85.6,64.41
2026-07-14 19:29,85.6,64.41
2026-07-14 19:30,85.6,64.4
2026-07-14 19:31,85.6,64.38
2026-07-14 19:32,85.6,64.36
2026-07-14 19:33,85.6,64.37
2026-07-14 19:34,85.6,64.38
2026-07-14 19:35,85.6,64.37
2026-07-14 19:36,85.6,64.37
2026-07-14 19:37,85.6,64.36
2026-07-14 19:38,85.6,64.35
2026-07-14 19:39,85.6,64.35
2026-07-14 19:40,85.6,64.34
2026-07-14 19:41,85.6,64.33
2026-07-14 19:42,85.6,64.34
2026-07-14 19:43,85.6,64.36
2026-07-14 19:44,85.6,64.36
2026-07-14 19:45,85.6,64.37
2026-07-14 19:46,85.5,64.36
2026-07-14 19:47,85.5,64.36
2026-07-14 19:48,85.5,64.36
2026-07-14 19:49,85.5,64.35
2026-07-14 19:50,85.5,64.35
2026-07-14 19:51,85.5,64.35
2026-07-14 19:52,85.5,64.35
2026-07-14 19:53,85.5,64.37
2026-07-14 19:54,85.5,64.38
2026-07-14 19:55,85.5,64.39
2026-07-14 19:56,85.5,64.38
2026-07-14 19:57,85.5,64.36
2026-07-14 19:58,85.5,64.3
2026-07-14 19:59,85.4,64.26
2026-07-14 20:00,85.4,64.32
2026-07-14 20:01,85.4,64.33
2026-07-14 20:02,85.4,64.29
2026-07-14 20:03,85.4,64.28
2026-07-14 20:04,85.4,64.33
2026-07-14 20:05,85.4,64.23
2026-07-14 20:06,85.4,64.35
2026-07-14 20:07,85.3,64.3
2026-07-14 20:08,85.3,64.3
2026-07-14 20:09,85.3,64.32
2026-07-14 20:10,85.3,64.29
2026-07-14 20:11,85.3,64.19
2026-07-14 20:12,85.3,64.25
2026-07-14 20:13,85.3,64.23
2026-07-14 20:14,85.3,64.1
2026-07-14 20:15,85.3,64.19
2026-07-14 20:16,85.2,64.14
2026-07-14 20:17,85.2,64.22
2026-07-14 20:18,85.2,64.04
2026-07-14 20:19,85.2,63.93
2026-07-14 20:20,85.2,64.14
2026-07-14 20:21,85.2,64.19
2026-07-14 20:22,85.2,64.04
2026-07-14 20:23,85.2,64.0
2026-07-14 20:24,85.1,64.16
2026-07-14 20:25,85.1,64.01
2026-07-14 20:26,85.1,64.07
2026-07-14 20:27,85.1,63.95
2026-07-14 20:28,85.1,63.92
2026-07-14 20:29,85.1,63.98
2026-07-14 20:30,85.1,64.1
2026-07-14 20:31,85.1,64.05
2026-07-14 20:32,85.0,63.98
2026-07-14 20:33,85.0,63.98
2026-07-14 20:34,85.0,63.89
2026-07-14 20:35,85.0,64.02
2026-07-14 20:36,85.0,64.07
2026-07-14 20:37,85.0,64.18
2026-07-14 20:38,85.0,64.18
2026-07-14 20:39,85.0,64.18
2026-07-14 20:40,84.9,64.13
2026-07-14 20:41,84.9,64.08
2026-07-14 20:42,84.9,64.04
2026-07-14 20:43,84.9,64.1
2026-07-14 20:44,84.9,64.11
2026-07-14 20:45,84.9,63.98
2026-07-14 20:46,84.9,63.99
2026-07-14 20:47,84.8,64.07
2026-07-14 20:48,84.8,64.03
2026-07-14 20:49,84.8,64.01
2026-07-14 20:50,84.8,64.03
2026-07-14 20:51,84.8,63.97
2026-07-14 20:52,84.8,64.07
2026-07-14 20:53,84.8,64.08
2026-07-14 20:54,84.8,64.09
2026-07-14 20:55,84.8,64.11
2026-07-14 20:56,84.7,64.27
2026-07-14 20:57,84.7,64.17
2026-07-14 20:58,84.7,64.3
2026-07-14 20:59,84.7,64.19
2026-07-14 21:00,84.7,64.13
2026-07-14 21:01,84.7,64.12
2026-07-14 21:02,84.7,64.06
2026-07-14 21:03,84.6,64.03
2026-07-14 21:04,84.6,64.03
2026-07-14 21:05,84.6,64.13
2026-07-14 21:06,84.6,64.15
2026-07-14 21:07,84.6,64.07
2026-07-14 21:08,84.6,64.04
2026-07-14 21:09,84.6,64.08
2026-07-14 21:10,84.6,64.14
2026-07-14 21:11,84.5,64.1
2026-07-14 21:12,84.5,64.11
2026-07-14 21:13,84.5,64.09
2026-07-14 21:14,84.5,64.06
2026-07-14 21:15,84.5,64.06
2026-07-14 21:16,84.5,64.2
2026-07-14 21:17,84.5,64.22
2026-07-14 21:18,84.4,64.18
2026-07-14 21:19,84.4,64.2
2026-07-14 21:20,84.4,64.17
2026-07-14 21:21,84.4,64.26
2026-07-14 21:22,84.4,64.25
2026-07-14 21:23,84.4,64.21
2026-07-14 21:24,84.4,64.21
2026-07-14 21:25,84.3,64.26
2026-07-14 21:26,84.3,64.24
2026-07-14 21:27,84.3,64.29
2026-07-14 21:28,84.3,64.27
2026-07-14 21:29,84.3,64.26
2026-07-14 21:30,84.3,64.28
2026-07-14 21:31,84.2,64.35
2026-07-14 21:32,84.2,64.29
2026-07-14 21:33,84.2,64.33
2026-07-14 21:34,84.2,64.33
2026-07-14 21:35,84.2,64.31
2026-07-14 21:36,84.2,64.32
2026-07-14 21:37,84.2,64.33
2026-07-14 21:38,84.2,64.33
2026-07-14 21:39,84.1,64.34
2026-07-14 21:40,84.1,64.39
2026-07-14 21:41,84.1,64.48
2026-07-14 21:42,84.1,64.33
2026-07-14 21:43,84.1,64.39
2026-07-14 21:44,84.1,64.45
2026-07-14 21:45,84.1,64.4
2026-07-14 21:46,84.1,64.4
2026-07-14 21:47,84.1,64.42
2026-07-14 21:48,84.1,64.42
2026-07-14 21:49,84.1,64.35
2026-07-14 21:50,84.0,64.39
2026-07-14 21:51,84.0,64.38
2026-07-14 21:52,84.0,64.38
2026-07-14 21:53,84.0,64.38
2026-07-14 21:54,84.0,64.36
2026-07-14 21:55,84.0,64.4
2026-07-14 21:56,84.0,64.42
2026-07-14 21:57,84.0,64.44
2026-07-14 21:58,84.0,64.4
2026-07-14 21:59,84.0,64.37
2026-07-14 22:00,84.0,64.39
2026-07-14 22:01,84.0,64.45
2026-07-14 22:02,84.0,64.42
2026-07-14 22:03,83.9,64.4
2026-07-14 22:04,83.9,64.47
2026-07-14 22:05,83.9,64.41
2026-07-14 22:06,83.9,64.37
2026-07-14 22:07,83.9,64.46
2026-07-14 22:08,83.9,64.46
2026-07-14 22:09,83.9,64.45
2026-07-14 22:10,83.9,64.44
2026-07-14 22:11,83.9,64.44
2026-07-14 22:12,83.8,64.51
2026-07-14 22:13,83.8,64.47
2026-07-14 22:14,83.8,64.48
2026-07-14 22:15,83.8,64.36
2026-07-14 22:16,83.8,64.37
2026-07-14 22:17,83.8,64.64
2026-07-14 22:18,83.8,64.43
2026-07-14 22:19,83.8,64.49
2026-07-14 22:20,83.7,64.51
2026-07-14 22:21,83.7,64.62
2026-07-14 22:22,83.7,64.53
2026-07-14 22:23,83.7,64.54
2026-07-14 22:24,83.7,64.78
2026-07-14 22:25,83.7,64.72
2026-07-14 22:26,83.7,64.96
2026-07-14 22:27,83.7,64.91
2026-07-14 22:28,83.7,64.86
2026-07-14 22:29,83.7,64.98
2026-07-14 22:30,83.6,64.89
2026-07-14 22:31,83.6,64.89
2026-07-14 22:32,83.6,65.07
2026-07-14 22:33,83.6,65.18
2026-07-14 22:34,83.6,65.31
2026-07-14 22:35,83.6,65.29
2026-07-14 22:36,83.6,65.35
2026-07-14 22:37,83.6,65.2
2026-07-14 22:38,83.5,65.18
2026-07-14 22:39,83.5,65.29
2026-07-14 22:40,83.5,65.21
2026-07-14 22:41,83.5,65.29
2026-07-14 22:42,83.5,65.21
2026-07-14 22:43,83.5,65.24
2026-07-14 22:44,83.5,65.29
2026-07-14 22:45,83.5,65.3
2026-07-14 22:46,83.5,65.17
2026-07-14 22:47,83.5,65.31
2026-07-14 22:48,83.5,65.33
2026-07-14 22:49,83.4,65.21
2026-07-14 22:50,83.5,65.4
2026-07-14 22:51,83.4,65.22
2026-07-14 22:52,83.4,65.25
2026-07-14 22:53,83.4,65.25
2026-07-14 22:54,83.4,65.32
2026-07-14 22:55,83.4,65.19
2026-07-14 22:56,83.4,65.38
2026-07-14 22:57,83.4,65.34
2026-07-14 22:58,83.4,65.35
2026-07-14 22:59,83.4,65.43
2026-07-14 23:00,83.4,65.35
2026-07-14 23:01,83.4,65.35
2026-07-14 23:02,83.4,65.25
2026-07-14 23:03,83.4,65.13
2026-07-14 23:04,83.4,65.04
2026-07-14 23:05,83.4,65.31
2026-07-14 23:06,83.4,65.2
2026-07-14 23:07,83.4,65.17
2026-07-14 23:08,83.4,65.21
2026-07-14 23:09,83.4,65.26
2026-07-14 23:10,83.4,65.15
2026-07-14 23:11,83.4,65.24
2026-07-14 23:12,83.4,65.18
2026-07-14 23:13,83.4,65.14
2026-07-14 23:14,83.4,65.14
2026-07-14 23:15,83.4,65.19
2026-07-14 23:16,83.4,65.2
2026-07-14 23:17,83.3,65.1
2026-07-14 23:18,83.3,65.14
2026-07-14 23:19,83.3,65.11
2026-07-14 23:20,83.3,65.13
2026-07-14 23:21,83.3,65.14
2026-07-14 23:22,83.3,65.11
2026-07-14 23:23,83.3,65.17
2026-07-14 23:24,83.3,65.25
2026-07-14 23:25,83.3,65.13
2026-07-14 23:26,83.3,65.16
2026-07-14 23:27,83.3,65.13
2026-07-14 23:28,83.3,65.14
2026-07-14 23:29,83.3,65.16
2026-07-14 23:30,83.3,65.11
2026-07-14 23:31,83.3,65.26
2026-07-14 23:32,83.3,65.14
2026-07-14 23:33,83.3,65.1
2026-07-14 23:34,83.3,65.18
2026-07-14 23:35,83.3,65.09
2026-07-14 23:36,83.3,65.09
2026-07-14 23:37,83.3,65.07
2026-07-14 23:38,83.3,65.06
2026-07-14 23:39,83.3,65.12
2026-07-14 23:40,83.2,65.16
2026-07-14 23:41,83.2,65.17
2026-07-14 23:42,83.2,65.15
2026-07-14 23:43,83.2,65.22
2026-07-14 23:44,83.2,65.13
2026-07-14 23:45,83.2,65.2
2026-07-14 23:46,83.2,65.25
2026-07-14 23:47,83.2,65.23
2026-07-14 23:48,83.2,65.27
2026-07-14 23:49,83.2,65.19
2026-07-14 23:50,83.2,65.26
2026-07-14 23:51,83.2,65.12
2026-07-14 23:52,83.2,65.08
2026-07-14 23:53,83.2,65.3
2026-07-14 23:54,83.2,65.37
2026-07-14 23:55,83.2,65.38
2026-07-14 23:56,83.2,65.31
2026-07-14 23:57,83.2,65.32
2026-07-14 23:58,83.2,65.23
2026-07-14 23:59,83.1,65.26
2026-07-15 00:00,83.1,65.41
2026-07-15 00:01,83.1,65.48
2026-07-15 00:02,83.1,65.36
2026-07-15 00:03,83.1,65.38
2026-07-15 00:04,83.1,65.24
2026-07-15 00:05,83.1,65.28
2026-07-15 00:06,83.1,65.5
2026-07-15 00:07,83.1,65.35
2026-07-15 00:08,83.1,65.36
2026-07-15 00:09,83.1,65.45
2026-07-15 00:10,83.1,65.55
2026-07-15 00:11,83.1,65.52
2026-07-15 00:12,83.1,65.4
2026-07-15 00:13,83.1,65.48
2026-07-15 00:14,83.1,65.5
2026-07-15 00:15,83.1,65.47
2026-07-15 00:16,83.1,65.57
2026-07-15 00:17,83.0,65.49
2026-07-15 00:18,83.0,65.57
2026-07-15 00:19,83.0,65.65
2026-07-15 00:20,83.0,65.54
2026-07-15 00:21,83.0,65.52
2026-07-15 00:22,83.0,65.62
2026-07-15 00:23,83.0,65.63
2026-07-15 00:24,83.0,65.55
2026-07-15 00:25,83.0,65.56
2026-07-15 00:26,83.0,65.63
2026-07-15 00:27,83.0,65.65
2026-07-15 00:28,83.0,65.62
2026-07-15 00:29,83.0,65.76
2026-07-15 00:30,83.0,65.73
2026-07-15 00:31,83.0,65.75
2026-07-15 00:32,83.0,65.68
2026-07-15 00:33,83.0,65.57
2026-07-15 00:34,83.0,65.53
2026-07-15 00:35,83.0,65.59
2026-07-15 00:36,83.0,65.73
2026-07-15 00:37,83.0,65.7
2026-07-15 00:38,83.0,65.6
2026-07-15 00:39,83.0,65.59
2026-07-15 00:40,83.0,65.69
2026-07-15 00:41,83.0,65.57
2026-07-15 00:42,83.0,65.68
2026-07-15 00:43,83.0,65.5
2026-07-15 00:44,83.0,65.64
2026-07-15 00:45,83.0,65.67
2026-07-15 00:46,83.0,65.65
2026-07-15 00:47,82.9,65.61
2026-07-15 00:48,82.9,65.74
2026-07-15 00:49,82.9,65.61
2026-07-15 00:50,82.9,65.71
2026-07-15 00:51,82.9,65.64
2026-07-15 00:52,82.9,65.75
2026-07-15 00:53,82.9,65.88
2026-07-15 00:54,82.9,65.74
2026-07-15 00:55,82.9,65.77
2026-07-15 00:56,82.9,65.73
2026-07-15 00:57,82.9,65.8
2026-07-15 00:58,82.9,65.82
2026-07-15 00:59,82.9,65.77
2026-07-15 01:00,82.9,65.93
2026-07-15 01:01,82.9,65.89
2026-07-15 01:02,82.9,65.88
2026-07-15 01:03,82.9,65.91
2026-07-15 01:04,82.9,65.92
2026-07-15 01:05,82.9,65.8
2026-07-15 01:06,82.9,65.71
2026-07-15 01:07,82.9,65.95
2026-07-15 01:08,82.9,65.84
2026-07-15 01:09,82.9,65.87
2026-07-15 01:10,82.9,65.89
2026-07-15 01:11,82.8,65.85
2026-07-15 01:12,82.9,65.72
2026-07-15 01:13,82.9,65.91
2026-07-15 01:14,82.9,65.99
2026-07-15 01:15,82.8,66.07
2026-07-15 01:16,82.8,66.13
2026-07-15 01:17,82.8,66.04
2026-07-15 01:18,82.8,66.13
2026-07-15 01:19,82.8,66.2
2026-07-15 01:20,82.8,66.14
2026-07-15 01:21,82.8,66.16
2026-07-15 01:22,82.8,66.17
2026-07-15 01:23,82.8,66.08
2026-07-15 01:24,82.8,66.06
2026-07-15 01:25,82.8,66.24
2026-07-15 01:26,82.8,66.32
2026-07-15 01:27,82.8,66.28
2026-07-15 01:28,82.8,66.31
2026-07-15 01:29,82.8,66.43
2026-07-15 01:30,82.8,66.32
2026-07-15 01:31,82.8,66.37
2026-07-15 01:32,82.8,66.28
2026-07-15 01:33,82.8,66.32
2026-07-15 01:34,82.8,66.22
2026-07-15 01:35,82.8,66.06
2026-07-15 01:36,82.8,66.13
2026-07-15 01:37,82.8,66.29
2026-07-15 01:38,82.8,66.36
2026-07-15 01:39,82.8,66.51
2026-07-15 01:40,82.8,66.26
2026-07-15 01:41,82.8,66.21
2026-07-15 01:42,82.8,66.34
2026-07-15 01:43,82.8,66.24
2026-07-15 01:44,82.8,66.3
2026-07-15 01:45,82.8,66.33
2026-07-15 01:46,82.8,66.15
2026-07-15 01:47,82.8,66.22
2026-07-15 01:48,82.8,66.31
2026-07-15 01:49,82.8,66.42
2026-07-15 01:50,82.8,66.23
2026-07-15 01:51,82.8,66.05
2026-07-15 01:52,82.8,66.09
2026-07-15 01:53,82.8,66.08
2026-07-15 01:54,82.8,66.39
2026-07-15 01:55,82.8,66.42
2026-07-15 01:56,82.7,66.33
2026-07-15 01:57,82.7,66.38
2026-07-15 01:58,82.7,66.35
2026-07-15 01:59,82.7,66.41
2026-07-15 02:00,82.7,66.3
2026-07-15 02:01,82.7,66.23
2026-07-15 02:02,82.7,66.2
2026-07-15 02:03,82.7,66.28
2026-07-15 02:04,82.7,66.31
2026-07-15 02:05,82.8,66.55
2026-07-15 02:06,82.8,66.37
2026-07-15 02:07,82.7,66.37
2026-07-15 02:08,82.7,66.29
2026-07-15 02:09,82.7,66.57
2026-07-15 02:10,82.7,66.48
2026-07-15 02:11,82.8,66.45
2026-07-15 02:12,82.7,66.63
2026-07-15 02:13,82.7,66.59
2026-07-15 02:14,82.7,66.57
2026-07-15 02:15,82.7,66.67
2026-07-15 02:16,82.7,66.67
2026-07-15 02:17,82.7,66.51
2026-07-15 02:18,82.7,66.62
2026-07-15 02:19,82.7,66.63
2026-07-15 02:20,82.7,67.06
2026-07-15 02:21,82.7,66.81
2026-07-15 02:22,82.7,66.75
2026-07-15 02:23,82.7,66.67
2026-07-15 02:24,82.7,66.52
2026-07-15 02:25,82.7,66.65
2026-07-15 02:26,82.7,66.42
2026-07-15 02:27,82.7,66.42
2026-07-15 02:28,82.7,66.6
2026-07-15 02:29,82.7,66.51
2026-07-15 02:30,82.7,66.67
2026-07-15 02:31,82.7,66.74
2026-07-15 02:32,82.7,66.69
2026-07-15 02:33,82.7,66.89
2026-07-15 02:34,82.7,66.81
2026-07-15 02:35,82.7,66.73
2026-07-15 02:36,82.7,66.81
2026-07-15 02:37,82.7,67.03
2026-07-15 02:38,82.7,66.83
2026-07-15 02:39,82.7,66.92
2026-07-15 02:40,82.7,67.15
2026-07-15 02:41,82.7,66.9
2026-07-15 02:42,82.7,67.22
2026-07-15 02:43,82.7,67.22
2026-07-15 02:44,82.7,67.21
2026-07-15 02:45,82.7,66.92
2026-07-15 02:46,82.7,67.05
2026-07-15 02:47,82.7,66.99
2026-07-15 02:48,82.7,66.99
2026-07-15 02:49,82.7,67.19
2026-07-15 02:50,82.7,67.25
2026-07-15 02:51,82.7,67.13
2026-07-15 02:52,82.7,67.17
2026-07-15 02:53,82.7,67.07
2026-07-15 02:54,82.7,67.27
2026-07-15 02:55,82.7,67.18
2026-07-15 02:56,82.7,67.09
2026-07-15 02:57,82.7,66.9
2026-07-15 02:58,82.7,66.81
2026-07-15 02:59,82.7,66.77
2026-07-15 03:00,82.7,66.68
2026-07-15 03:01,82.7,66.67
2026-07-15 03:02,82.7,66.62
2026-07-15 03:03,82.7,66.48
2026-07-15 03:04,82.7,66.43
2026-07-15 03:05,82.7,66.4
2026-07-15 03:06,82.7,66.43
2026-07-15 03:07,82.7,66.45
2026-07-15 03:08,82.7,66.36
2026-07-15 03:09,82.7,66.47
2026-07-15 03:10,82.7,66.41
2026-07-15 03:11,82.7,66.36
2026-07-15 03:12,82.7,66.5
2026-07-15 03:13,82.7,66.49
2026-07-15 03:14,82.7,66.37
2026-07-15 03:15,82.7,66.24
2026-07-15 03:16,82.7,66.25
2026-07-15 03:17,82.7,66.27
2026-07-15 03:18,82.6,66.27
2026-07-15 03:19,82.6,66.3
2026-07-15 03:20,82.6,66.15
2026-07-15 03:21,82.6,66.17
2026-07-15 03:22,82.6,66.18
2026-07-15 03:23,82.6,66.12
2026-07-15 03:24,82.6,66.1
2026-07-15 03:25,82.6,66.03
2026-07-15 03:26,82.6,66.03
2026-07-15 03:27,82.6,66.05
2026-07-15 03:28,82.6,66.02
2026-07-15 03:29,82.6,66.02
2026-07-15 03:30,82.6,65.99
2026-07-15 03:31,82.6,65.92
2026-07-15 03:32,82.6,65.94
2026-07-15 03:33,82.6,65.91
2026-07-15 03:34,82.6,65.92
2026-07-15 03:35,82.6,65.92
2026-07-15 03:36,82.6,65.92
2026-07-15 03:37,82.6,65.89
2026-07-15 03:38,82.6,65.85
2026-07-15 03:39,82.6,65.87
2026-07-15 03:40,82.5,65.81
2026-07-15 03:41,82.5,65.86
2026-07-15 03:42,82.5,65.89
2026-07-15 03:43,82.5,65.95
2026-07-15 03:44,82.5,66.0
2026-07-15 03:45,82.5,65.93
2026-07-15 03:46,82.5,65.89
2026-07-15 03:47,82.5,65.87
2026-07-15 03:48,82.5,65.86
2026-07-15 03:49,82.5,65.85
2026-07-15 03:50,82.5,65.84
2026-07-15 03:51,82.5,65.82
2026-07-15 03:52,82.5,65.77
2026-07-15 03:53,82.5,65.74
2026-07-15 03:54,82.5,65.74
2026-07-15 03:55,82.5,65.74
2026-07-15 03:56,82.5,65.74
2026-07-15 03:57,82.5,65.73
2026-07-15 03:58,82.5,65.75
2026-07-15 03:59,82.5,65.82
2026-07-15 04:00,82.5,65.74
2026-07-15 04:01,82.5,65.8
2026-07-15 04:02,82.4,65.86
2026-07-15 04:03,82.5,65.83
2026-07-15 04:04,82.5,65.82
2026-07-15 04:05,82.4,65.78
2026-07-15 04:06,82.4,65.76
2026-07-15 04:07,82.4,65.74
2026-07-15 04:08,82.4,65.76
2026-07-15 04:09,82.4,65.75
2026-07-15 04:10,82.4,65.77
2026-07-15 04:11,82.4,65.75
2026-07-15 04:12,82.4,65.79
2026-07-15 04:13,82.4,65.86
2026-07-15 04:14,82.4,65.81
2026-07-15 04:15,82.4,65.92
2026-07-15 04:16,82.4,65.84
2026-07-15 04:17,82.4,65.76
2026-07-15 04:18,82.4,65.77
2026-07-15 04:19,82.4,65.77
2026-07-15 04:20,82.3,65.81
2026-07-15 04:21,82.3,65.76
2026-07-15 04:22,82.3,65.75
2026-07-15 04:23,82.3,65.75
2026-07-15 04:24,82.3,65.77
2026-07-15 04:25,82.3,65.77
2026-07-15 04:26,82.3,65.75
2026-07-15 04:27,82.2,65.73
2026-07-15 04:28,82.2,65.69
2026-07-15 04:29,82.2,65.67
2026-07-15 04:30,82.2,65.61
2026-07-15 04:31,82.2,65.56
2026-07-15 04:32,82.2,65.59
2026-07-15 04:33,82.2,65.62
2026-07-15 04:34,82.1,65.61
2026-07-15 04:35,82.1,65.65
2026-07-15 04:36,82.1,65.69
2026-07-15 04:37,82.1,65.69
2026-07-15 04:38,82.1,65.82
2026-07-15 04:39,82.1,65.83
2026-07-15 04:40,82.1,65.91
2026-07-15 04:41,82.1,65.94
2026-07-15 04:42,82.1,65.91
2026-07-15 04:43,82.1,66.02
2026-07-15 04:44,82.1,65.92
2026-07-15 04:45,82.1,65.94
2026-07-15 04:46,82.1,65.91
2026-07-15 04:47,82.1,65.94
2026-07-15 04:48,82.1,65.95
2026-07-15 04:49,82.1,65.88
2026-07-15 04:50,82.1,65.86
2026-07-15 04:51,82.1,65.85
2026-07-15 04:52,82.1,65.84
2026-07-15 04:53,82.1,65.88
2026-07-15 04:54,82.1,65.79
2026-07-15 04:55,82.1,65.85
2026-07-15 04:56,82.1,65.95
2026-07-15 04:57,82.1,65.87
2026-07-15 04:58,82.1,65.85
2026-07-15 04:59,82.1,65.85
2026-07-15 05:00,82.1,65.77
2026-07-15 05:01,82.1,65.7
2026-07-15 05:02,82.1,65.64
2026-07-15 05:03,82.0,65.65
2026-07-15 05:04,82.0,65.74
2026-07-15 05:05,82.0,65.9
2026-07-15 05:06,82.0,65.72
2026-07-15 05:07,82.0,65.73
2026-07-15 05:08,82.0,65.72
2026-07-15 05:09,82.0,65.67
2026-07-15 05:10,82.0,65.64
2026-07-15 05:11,82.0,65.69
2026-07-15 05:12,81.9,65.7
2026-07-15 05:13,81.9,65.68
2026-07-15 05:14,81.9,65.64
2026-07-15 05:15,81.9,65.61
2026-07-15 05:16,81.9,65.6
2026-07-15 05:17,81.9,65.59
2026-07-15 05:18,81.9,65.57
2026-07-15 05:19,81.9,65.56
2026-07-15 05:20,81.9,65.65
2026-07-15 05:21,81.9,66.02
2026-07-15 05:22,81.9,65.66
2026-07-15 05:23,81.9,65.71
2026-07-15 05:24,81.9,65.82
2026-07-15 05:25,81.9,66.79
2026-07-15 05:26,81.9,67.18
2026-07-15 05:27,81.9,67.43
2026-07-15 05:28,81.9,66.92
2026-07-15 05:29,81.9,66.67
2026-07-15 05:30,81.9,66.61
2026-07-15 05:31,81.9,66.36
2026-07-15 05:32,81.9,66.25
2026-07-15 05:33,81.9,66.2
2026-07-15 05:34,81.9,66.02
2026-07-15 05:35,81.9,65.82
2026-07-15 05:36,81.9,65.69
2026-07-15 05:37,81.9,65.65
2026-07-15 05:38,81.9,65.62
2026-07-15 05:39,81.9,65.63
2026-07-15 05:40,81.9,65.55
2026-07-15 05:41,81.8,65.44
2026-07-15 05:42,81.8,65.41
2026-07-15 05:43,81.8,65.42
2026-07-15 05:44,81.8,65.5
2026-07-15 05:45,81.8,65.18
2026-07-15 05:46,81.8,65.31
2026-07-15 05:47,81.7,65.38
2026-07-15 05:48,81.7,65.39
2026-07-15 05:49,81.7,65.43
2026-07-15 05:50,81.7,65.46
2026-07-15 05:51,81.7,65.49
2026-07-15 05:52,81.7,65.53
2026-07-15 05:53,81.7,65.59
2026-07-15 05:54,81.7,65.54
2026-07-15 05:55,81.7,65.57
2026-07-15 05:56,81.7,65.54
2026-07-15 05:57,81.7,65.65
2026-07-15 05:58,81.7,65.58
2026-07-15 05:59,81.7,65.56
2026-07-15 06:00,81.7,65.71
2026-07-15 06:01,81.7,65.72
2026-07-15 06:02,81.7,65.74
2026-07-15 06:03,81.6,65.7
2026-07-15 06:04,81.6,65.79
2026-07-15 06:05,81.6,65.84
2026-07-15 06:06,81.6,65.9
2026-07-15 06:07,81.6,65.84
2026-07-15 06:08,81.6,65.85
2026-07-15 06:09,81.6,65.88
2026-07-15 06:10,81.6,65.82
2026-07-15 06:11,81.6,65.81
2026-07-15 06:12,81.6,65.7
2026-07-15 06:13,81.6,65.72
2026-07-15 06:14,81.6,65.72
2026-07-15 06:15,81.6,65.78
2026-07-15 06:16,81.6,65.78
2026-07-15 06:17,81.6,65.92
2026-07-15 06:18,81.6,66.05
2026-07-15 06:19,81.6,66.01
2026-07-15 06:20,81.5,66.0
2026-07-15 06:21,81.5,65.93
2026-07-15 06:22,81.5,65.97
2026-07-15 06:23,81.5,65.95
2026-07-15 06:24,81.5,65.95
2026-07-15 06:25,81.5,65.87
2026-07-15 06:26,81.5,65.82
2026-07-15 06:27,81.4,65.8
2026-07-15 06:28,81.4,65.74
2026-07-15 06:29,81.4,65.72
2026-07-15 06:30,81.4,65.77
2026-07-15 06:31,81.4,65.74
2026-07-15 06:32,81.4,65.75
2026-07-15 06:33,81.4,65.72
2026-07-15 06:34,81.4,65.68
2026-07-15 06:35,81.4,65.74
2026-07-15 06:36,81.4,65.72
2026-07-15 06:37,81.4,65.69
2026-07-15 06:38,81.4,65.63
2026-07-15 06:39,81.3,65.66
2026-07-15 06:40,81.3,65.67
2026-07-15 06:41,81.3,65.73
2026-07-15 06:42,81.3,65.75
2026-07-15 06:43,81.3,65.7
2026-07-15 06:44,81.3,65.68
2026-07-15 06:45,81.3,65.64
2026-07-15 06:46,81.3,65.63
2026-07-15 06:47,81.3,65.6
2026-07-15 06:48,81.3,65.56
2026-07-15 06:49,81.3,65.56
2026-07-15 06:50,81.3,65.57
2026-07-15 06:51,81.2,65.54
2026-07-15 06:52,81.2,65.55
2026-07-15 06:53,81.2,65.51
2026-07-15 06:54,81.2,65.5
2026-07-15 06:55,81.2,65.5
2026-07-15 06:56,81.2,65.51
2026-07-15 06:57,81.2,65.5
2026-07-15 06:58,81.2,65.52
2026-07-15 06:59,81.2,65.54
2026-07-15 07:00,81.2,65.52
2026-07-15 07:01,81.2,65.53
2026-07-15 07:02,81.2,65.48
2026-07-15 07:03,81.2,65.49
2026-07-15 07:04,81.2,65.45
2026-07-15 07:05,81.2,65.51
2026-07-15 07:06,81.1,65.56
2026-07-15 07:07,81.1,65.84
2026-07-15 07:08,81.1,65.99
2026-07-15 07:09,81.1,65.95
2026-07-15 07:10,81.1,65.9
2026-07-15 07:11,81.1,65.87
2026-07-15 07:12,81.1,65.76
2026-07-15 07:13,81.1,65.74
2026-07-15 07:14,81.1,65.73
2026-07-15 07:15,81.1,65.69
2026-07-15 07:16,81.1,65.66
2026-07-15 07:17,81.0,65.6
2026-07-15 07:18,81.0,65.54
2026-07-15 07:19,81.0,65.54
2026-07-15 07:20,81.0,65.46
2026-07-15 07:21,81.0,65.45
2026-07-15 07:22,81.0,65.46
2026-07-15 07:23,81.0,65.46
2026-07-15 07:24,81.0,65.42
2026-07-15 07:25,81.0,65.42
2026-07-15 07:26,81.0,65.42
2026-07-15 07:27,81.0,65.38
2026-07-15 07:28,81.0,65.37
2026-07-15 07:29,81.0,65.35
2026-07-15 07:30,81.0,65.34
2026-07-15 07:31,81.0,65.37
2026-07-15 07:32,81.0,65.33
2026-07-15 07:33,81.0,65.31
2026-07-15 07:34,81.0,65.29
2026-07-15 07:35,81.0,65.41
2026-07-15 07:36,81.0,65.3
2026-07-15 07:37,81.0,65.27
2026-07-15 07:38,80.9,65.28
2026-07-15 07:39,80.9,65.26
2026-07-15 07:40,80.9,65.26
2026-07-15 07:41,80.9,65.26
2026-07-15 07:42,80.9,65.27
2026-07-15 07:43,80.9,65.27
2026-07-15 07:44,80.9,65.22
2026-07-15 07:45,80.9,65.28
2026-07-15 07:46,80.9,65.31
2026-07-15 07:47,80.9,65.29
2026-07-15 07:48,80.9,65.38
2026-07-15 07:49,80.9,65.33
2026-07-15 07:50,80.9,65.32
2026-07-15 07:51,80.9,65.27
2026-07-15 07:52,80.9,65.28
2026-07-15 07:53,80.9,65.24
2026-07-15 07:54,80.9,65.3
2026-07-15 07:55,80.9,65.24
2026-07-15 07:56,80.9,65.27
2026-07-15 07:57,80.9,65.26
2026-07-15 07:58,80.9,65.28
2026-07-15 07:59,80.9,65.25
2026-07-15 08:00,80.9,65.33
2026-07-15 08:01,81.0,65.38
2026-07-15 08:02,81.0,65.55
2026-07-15 08:03,80.9,65.64
2026-07-15 08:04,81.0,65.87
2026-07-15 08:05,81.0,66.09
2026-07-15 08:06,81.0,65.83
2026-07-15 08:07,81.0,65.87
2026-07-15 08:08,81.0,65.81
2026-07-15 08:09,81.0,65.85
2026-07-15 08:10,81.0,65.65
2026-07-15 08:11,81.0,65.6
2026-07-15 08:12,81.0,65.77
2026-07-15 08:13,81.0,65.91
2026-07-15 08:14,81.0,65.87
2026-07-15 08:15,81.0,65.79
2026-07-15 08:16,81.0,65.77
2026-07-15 08:17,81.0,65.67
2026-07-15 08:18,81.0,65.72
2026-07-15 08:19,81.0,65.66
2026-07-15 08:20,81.0,65.55
2026-07-15 08:21,81.1,65.53
2026-07-15 08:22,81.1,65.46
2026-07-15 08:23,81.1,65.56
2026-07-15 08:24,81.1,65.43
2026-07-15 08:25,81.1,65.7
2026-07-15 08:26,81.1,65.86
2026-07-15 08:27,81.1,65.95
2026-07-15 08:28,81.1,65.87
2026-07-15 08:29,81.1,65.76
2026-07-15 08:30,81.1,66.1
2026-07-15 08:31,81.1,66.09
2026-07-15 08:32,81.1,66.03
2026-07-15 08:33,81.1,66.23
2026-07-15 08:34,81.1,66.16
2026-07-15 08:35,81.1,66.08
2026-07-15 08:36,81.1,65.96
2026-07-15 08:37,81.2,65.86
2026-07-15 08:38,81.2,65.75
2026-07-15 08:39,81.2,65.8
2026-07-15 08:40,81.2,65.72
2026-07-15 08:41,81.2,65.67
2026-07-15 08:42,81.2,65.64
2026-07-15 08:43,81.2,65.63
2026-07-15 08:44,81.2,65.69
2026-07-15 08:45,81.2,65.55
2026-07-15 08:46,81.2,65.56
2026-07-15 08:47,81.3,65.57
2026-07-15 08:48,81.3,65.54
2026-07-15 08:49,81.3,65.5
2026-07-15 08:50,81.3,65.5
2026-07-15 08:51,81.3,65.48
2026-07-15 08:52,81.3,65.52
2026-07-15 08:53,81.3,65.95
2026-07-15 08:54,81.3,65.65
2026-07-15 08:55,81.4,65.62
2026-07-15 08:56,81.4,65.64
2026-07-15 08:57,81.4,65.58
2026-07-15 08:58,81.4,65.57
2026-07-15 08:59,81.4,65.96
2026-07-15 09:00,81.4,65.67
2026-07-15 09:01,81.4,65.63
2026-07-15 09:02,81.4,65.9
2026-07-15 09:03,81.5,66.0
2026-07-15 09:04,81.5,65.9
2026-07-15 09:05,81.5,66.34
2026-07-15 09:06,81.5,66.29
2026-07-15 09:07,81.5,66.16
2026-07-15 09:08,81.5,65.81
2026-07-15 09:09,81.5,65.93
2026-07-15 09:10,81.6,66.06
2026-07-15 09:11,81.6,65.73
2026-07-15 09:12,81.6,65.75
2026-07-15 09:13,81.6,65.7
2026-07-15 09:14,81.6,65.64
2026-07-15 09:15,81.7,65.67
2026-07-15 09:16,81.7,65.6
2026-07-15 09:17,81.7,65.61
2026-07-15 09:18,81.7,65.62
2026-07-15 09:19,81.7,65.61
2026-07-15 09:20,81.8,65.55
2026-07-15 09:21,81.8,65.52
2026-07-15 09:22,81.8,65.52
2026-07-15 09:23,81.8,65.52
2026-07-15 09:24,81.9,65.91
2026-07-15 09:25,81.9,65.79
2026-07-15 09:26,81.9,65.64
2026-07-15 09:27,81.9,65.57
2026-07-15 09:28,82.0,65.66
2026-07-15 09:29,82.0,65.59
2026-07-15 09:30,82.0,65.53
2026-07-15 09:31,82.0,65.48
2026-07-15 09:32,82.1,65.46
2026-07-15 09:33,82.1,65.38
2026-07-15 09:34,82.1,65.33
2026-07-15 09:35,82.2,65.32
2026-07-15 09:36,82.2,65.39
2026-07-15 09:37,82.2,65.42
2026-07-15 09:38,82.3,65.42
2026-07-15 09:39,82.3,65.43
2026-07-15 09:40,82.3,65.41
2026-07-15 09:41,82.4,65.66
2026-07-15 09:42,82.4,65.68
2026-07-15 09:43,82.4,65.57
2026-07-15 09:44,82.5,65.42
2026-07-15 09:45,82.5,65.48
2026-07-15 09:46,82.6,65.59
2026-07-15 09:47,82.6,65.56
2026-07-15 09:48,82.6,65.68
2026-07-15 09:49,82.7,65.61
2026-07-15 09:50,82.7,65.57
2026-07-15 09:51,82.8,65.65
2026-07-15 09:52,82.8,65.73
2026-07-15 09:53,82.8,65.67
2026-07-15 09:54,82.9,65.69
2026-07-15 09:55,82.9,65.86
2026-07-15 09:56,83.0,65.61
2026-07-15 09:57,83.0,65.55
2026-07-15 09:58,83.1,65.59
2026-07-15 09:59,83.1,65.8
2026-07-15 10:00,83.1,65.61
2026-07-15 10:01,83.2,65.45
2026-07-15 10:02,83.2,65.81
2026-07-15 10:03,83.2,65.49
2026-07-15 10:04,83.3,65.49
2026-07-15 10:05,83.3,65.72
2026-07-15 10:06,83.4,66.22
2026-07-15 10:07,83.4,65.85
2026-07-15 10:08,83.5,65.84
2026-07-15 10:09,83.5,65.87
2026-07-15 10:10,83.5,65.76
2026-07-15 10:11,83.6,65.73
2026-07-15 10:12,83.6,65.73
2026-07-15 10:13,83.6,66.17
2026-07-15 10:14,83.7,66.11
2026-07-15 10:15,83.7,66.08
2026-07-15 10:16,83.7,66.14
2026-07-15 10:17,83.8,65.93
2026-07-15 10:18,83.8,66.11
2026-07-15 10:19,83.8,66.01
2026-07-15 10:20,83.9,66.05
2026-07-15 10:21,83.9,65.7
2026-07-15 10:22,83.9,65.74
2026-07-15 10:23,84.0,66.15
2026-07-15 10:24,84.0,66.04
2026-07-15 10:25,84.0,66.06
2026-07-15 10:26,84.1,66.22
2026-07-15 10:27,84.1,66.43
2026-07-15 10:28,84.1,66.37
2026-07-15 10:29,84.1,66.29
2026-07-15 10:30,84.2,66.3
2026-07-15 10:31,84.2,66.33
2026-07-15 10:32,84.2,66.35
2026-07-15 10:33,84.2,66.48
2026-07-15 10:34,84.3,66.65
2026-07-15 10:35,84.3,66.47
2026-07-15 10:36,84.3,66.46
2026-07-15 10:37,84.3,66.48
2026-07-15 10:38,84.4,66.38
2026-07-15 10:39,84.4,66.25
2026-07-15 10:40,84.4,66.25
2026-07-15 10:41,84.5,66.25
2026-07-15 10:42,84.5,66.31
2026-07-15 10:43,84.5,66.19
2026-07-15 10:44,84.6,66.17
2026-07-15 10:45,84.6,66.33
2026-07-15 10:46,84.6,66.01
2026-07-15 10:47,84.6,65.95
2026-07-15 10:48,84.7,65.81
2026-07-15 10:49,84.7,66.16
2026-07-15 10:50,84.7,65.93
2026-07-15 10:51,84.8,65.9
2026-07-15 10:52,84.8,66.37
2026-07-15 10:53,84.8,66.42
2026-07-15 10:54,84.9,66.37
2026-07-15 10:55,84.9,66.21
2026-07-15 10:56,84.9,66.41
2026-07-15 10:57,85.0,66.42
2026-07-15 10:58,85.0,66.27
2026-07-15 10:59,85.0,66.5
2026-07-15 11:00,85.1,66.22
2026-07-15 11:01,85.1,66.09
2026-07-15 11:02,85.1,66.21
2026-07-15 11:03,85.2,66.17
2026-07-15 11:04,85.2,66.15
2026-07-15 11:05,85.2,66.17
2026-07-15 11:06,85.3,66.38
2026-07-15 11:07,85.3,66.5
2026-07-15 11:08,85.3,66.48
2026-07-15 11:09,85.4,66.37
2026-07-15 11:10,85.4,66.4
2026-07-15 11:11,85.4,66.46
2026-07-15 11:12,85.5,66.28
2026-07-15 11:13,85.5,66.36
2026-07-15 11:14,85.5,66.18
2026-07-15 11:15,85.6,66.25
2026-07-15 11:16,85.6,65.95
2026-07-15 11:17,85.6,66.05
2026-07-15 11:18,85.6,65.85
2026-07-15 11:19,85.7,66.16
2026-07-15 11:20,85.7,66.17
2026-07-15 11:21,85.7,66.23
2026-07-15 11:22,85.7,66.03
2026-07-15 11:23,85.7,65.98
2026-07-15 11:24,85.8,66.03
2026-07-15 11:25,85.8,65.88
2026-07-15 11:26,85.8,65.96
2026-07-15 11:27,85.9,66.09
2026-07-15 11:28,85.9,65.79
2026-07-15 11:29,85.9,66.05
2026-07-15 11:30,85.9,65.77
2026-07-15 11:31,85.9,65.86
2026-07-15 11:32,86.0,65.85
2026-07-15 11:33,86.0,65.84
2026-07-15 11:34,86.0,65.95
2026-07-15 11:35,86.0,65.96
2026-07-15 11:36,86.0,65.96
2026-07-15 11:37,86.0,65.48
2026-07-15 11:38,86.0,65.29
2026-07-15 11:39,86.0,65.1
2026-07-15 11:40,86.0,64.9
2026-07-15 11:41,86.0,64.82
2026-07-15 11:42,85.9,64.76
2026-07-15 11:43,85.9,64.66
2026-07-15 11:44,85.8,64.71
2026-07-15 11:45,85.8,64.72
2026-07-15 11:46,85.8,64.62
2026-07-15 11:47,85.7,64.56
2026-07-15 11:48,85.6,64.67
2026-07-15 11:49,85.6,64.76
2026-07-15 11:50,85.5,64.8
2026-07-15 11:51,85.5,64.8
2026-07-15 11:52,85.5,64.77
2026-07-15 11:53,85.5,64.76
2026-07-15 11:54,85.4,64.77
2026-07-15 11:55,85.4,64.76
2026-07-15 11:56,85.4,64.71
2026-07-15 11:57,85.4,64.65
2026-07-15 11:58,85.4,64.63
2026-07-15 11:59,85.4,64.62
2026-07-15 12:00,85.4,64.64
2026-07-15 12:01,85.4,64.6
2026-07-15 12:02,85.4,64.6
2026-07-15 12:03,85.4,64.61
2026-07-15 12:04,85.4,64.63
2026-07-15 12:05,85.4,64.55
2026-07-15 12:06,85.4,64.59
2026-07-15 12:07,85.4,64.58
2026-07-15 12:08,85.4,64.57
2026-07-15 12:09,85.4,64.56
2026-07-15 12:10,85.4,64.55
2026-07-15 12:11,85.4,64.5
2026-07-15 12:12,85.4,64.53
2026-07-15 12:13,85.4,64.52
2026-07-15 12:14,85.4,64.59
2026-07-15 12:15,85.4,64.56
2026-07-15 12:16,85.3,64.55
2026-07-15 12:17,85.3,64.53
2026-07-15 12:18,85.3,64.59
2026-07-15 12:19,85.3,64.6
2026-07-15 12:20,85.2,64.6
2026-07-15 12:21,85.2,64.62
2026-07-15 12:22,85.2,64.63
2026-07-15 12:23,85.2,64.62
2026-07-15 12:24,85.2,64.6
2026-07-15 12:25,85.1,64.64
2026-07-15 12:26,85.1,64.64
2026-07-15 12:27,85.1,64.64
2026-07-15 12:28,85.1,64.66
2026-07-15 12:29,85.1,64.67
2026-07-15 12:30,85.0,64.71
2026-07-15 12:31,85.0,64.71
2026-07-15 12:32,85.0,64.67
2026-07-15 12:33,85.0,64.69
2026-07-15 12:34,85.0,64.7
2026-07-15 12:35,85.0,64.59
2026-07-15 12:36,84.9,64.62
2026-07-15 12:37,84.9,64.64
2026-07-15 12:38,84.8,64.73
2026-07-15 12:39,84.8,64.7
2026-07-15 12:40,84.8,64.66
2026-07-15 12:41,84.8,64.76
2026-07-15 12:42,84.8,64.75
2026-07-15 12:43,84.7,64.68
2026-07-15 12:44,84.7,64.71
2026-07-15 12:45,84.7,64.7
2026-07-15 12:46,84.7,64.56
2026-07-15 12:47,84.7,64.6
2026-07-15 12:48,84.6,64.67
2026-07-15 12:49,84.6,64.54
2026-07-15 12:50,84.6,64.53
2026-07-15 12:51,84.6,64.53
2026-07-15 12:52,84.6,64.41
2026-07-15 12:53,84.5,64.44
2026-07-15 12:54,84.5,64.46
2026-07-15 12:55,84.5,64.45
2026-07-15 12:56,84.5,64.6
2026-07-15 12:57,84.4,64.57
2026-07-15 12:58,84.4,64.48
2026-07-15 12:59,84.4,64.4
2026-07-15 13:00,84.4,64.59
2026-07-15 13:01,84.4,64.48
2026-07-15 13:02,84.4,64.44
2026-07-15 13:03,84.3,64.53
2026-07-15 13:04,84.3,64.47
2026-07-15 13:05,84.3,64.56
2026-07-15 13:06,84.3,64.4
2026-07-15 13:07,84.3,64.54
2026-07-15 13:08,84.3,64.57
2026-07-15 13:09,84.3,64.54
2026-07-15 13:10,84.3,64.49
2026-07-15 13:11,84.2,64.51
2026-07-15 13:12,84.2,64.56
2026-07-15 13:13,84.2,64.49
2026-07-15 13:14,84.2,64.58
2026-07-15 13:15,84.2,64.58
2026-07-15 13:16,84.2,64.56
2026-07-15 13:17,84.2,64.55
2026-07-15 13:18,84.2,64.54
2026-07-15 13:19,84.2,64.49
2026-07-15 13:20,84.2,64.64
2026-07-15 13:21,84.2,64.63
2026-07-15 13:22,84.1,64.65
2026-07-15 13:23,84.1,64.62
2026-07-15 13:24,84.1,64.62
2026-07-15 13:25,84.1,64.63
2026-07-15 13:26,84.1,64.57
2026-07-15 13:27,84.1,64.57
2026-07-15 13:28,84.1,64.66
2026-07-15 13:29,84.1,64.65
2026-07-15 13:30,84.1,64.71
2026-07-15 13:31,84.1,64.73
2026-07-15 13:32,84.1,64.68
2026-07-15 13:33,84.1,64.6
2026-07-15 13:34,84.1,64.6
2026-07-15 13:35,84.1,64.66
2026-07-15 13:36,84.1,64.76
2026-07-15 13:37,84.1,64.71
2026-07-15 13:38,84.1,64.88
2026-07-15 13:39,84.1,64.83
2026-07-15 13:40,84.1,64.88
2026-07-15 13:41,84.1,64.89
2026-07-15 13:42,84.1,64.87
2026-07-15 13:43,84.1,64.9
2026-07-15 13:44,84.1,64.9
2026-07-15 13:45,84.1,64.91
2026-07-15 13:46,84.1,64.89
2026-07-15 13:47,84.1,64.94
2026-07-15 13:48,84.1,64.92
2026-07-15 13:49,84.1,64.9
2026-07-15 13:50,84.1,64.93
2026-07-15 13:51,84.1,65.01
2026-07-15 13:52,84.1,64.98
2026-07-15 13:53,84.1,64.93
2026-07-15 13:54,84.1,65.0
2026-07-15 13:55,84.2,64.99
2026-07-15 13:56,84.2,64.97
2026-07-15 13:57,84.2,64.97
2026-07-15 13:58,84.2,65.0
2026-07-15 13:59,84.2,64.99
2026-07-15 14:00,84.2,64.99
2026-07-15 14:01,84.2,64.98
2026-07-15 14:02,84.3,64.98
2026-07-15 14:03,84.3,64.97
2026-07-15 14:04,84.3,64.96
2026-07-15 14:05,84.3,64.97
2026-07-15 14:06,84.4,64.95
2026-07-15 14:07,84.4,64.93
2026-07-15 14:08,84.4,64.94
2026-07-15 14:09,84.4,64.89
2026-07-15 14:10,84.5,64.85
2026-07-15 14:11,84.5,64.84
2026-07-15 14:12,84.5,64.85
2026-07-15 14:13,84.6,64.77
2026-07-15 14:14,84.6,64.8
2026-07-15 14:15,84.6,64.76
2026-07-15 14:16,84.6,64.72
2026-07-15 14:17,84.7,64.71
2026-07-15 14:18,84.7,64.68
2026-07-15 14:19,84.7,64.71
2026-07-15 14:20,84.8,64.69
2026-07-15 14:21,84.8,64.66
2026-07-15 14:22,84.8,64.58
2026-07-15 14:23,84.9,64.53
2026-07-15 14:24,84.9,64.52
2026-07-15 14:25,84.9,64.44
2026-07-15 14:26,85.0,64.45
2026-07-15 14:27,85.0,64.44
2026-07-15 14:28,85.0,64.43
2026-07-15 14:29,85.1,64.41
2026-07-15 14:30,85.1,64.37
2026-07-15 14:31,85.1,64.38
2026-07-15 14:32,85.2,64.34
2026-07-15 14:33,85.2,64.3
2026-07-15 14:34,85.3,64.31
2026-07-15 14:35,85.3,64.29
2026-07-15 14:36,85.3,64.28
2026-07-15 14:37,85.4,64.25
2026-07-15 14:38,85.4,64.23
2026-07-15 14:39,85.4,64.21
2026-07-15 14:40,85.5,64.17
2026-07-15 14:41,85.5,64.16
2026-07-15 14:42,85.5,64.14
2026-07-15 14:43,85.6,64.12
2026-07-15 14:44,85.6,64.09
2026-07-15 14:45,85.6,64.07
2026-07-15 14:46,85.7,64.07
2026-07-15 14:47,85.7,64.04
2026-07-15 14:48,85.7,64.02
2026-07-15 14:49,85.8,64.0
2026-07-15 14:50,85.8,63.96
2026-07-15 14:51,85.9,63.93
2026-07-15 14:52,85.9,63.9
2026-07-15 14:53,85.9,63.87
2026-07-15 14:54,86.0,63.85
2026-07-15 14:55,86.0,63.82
2026-07-15 14:56,86.0,63.78
2026-07-15 14:57,86.1,63.78
2026-07-15 14:58,86.1,63.76
2026-07-15 14:59,86.1,63.74
2026-07-15 15:00,86.2,63.7
2026-07-15 15:01,86.2,63.63
2026-07-15 15:02,86.3,63.6
2026-07-15 15:03,86.3,63.59
2026-07-15 15:04,86.4,63.53
2026-07-15 15:05,86.4,63.5
2026-07-15 15:06,86.4,63.46
2026-07-15 15:07,86.5,63.4
2026-07-15 15:08,86.5,63.38
2026-07-15 15:09,86.6,63.37
2026-07-15 15:10,86.6,63.31
2026-07-15 15:11,86.6,63.29
2026-07-15 15:12,86.7,63.27
2026-07-15 15:13,86.7,63.24
2026-07-15 15:14,86.8,63.19
2026-07-15 15:15,86.8,63.13
2026-07-15 15:16,86.8,63.14
2026-07-15 15:17,86.9,63.09
2026-07-15 15:18,86.9,63.09
2026-07-15 15:19,87.0,63.11
2026-07-15 15:20,87.0,63.11
2026-07-15 15:21,87.0,63.12
2026-07-15 15:22,87.1,63.14
2026-07-15 15:23,87.1,63.13
2026-07-15 15:24,87.2,63.16
2026-07-15 15:25,87.2,63.15
2026-07-15 15:26,87.3,63.08
2026-07-15 15:27,87.3,63.03
2026-07-15 15:28,87.4,62.98
2026-07-15 15:29,87.4,62.92
2026-07-15 15:30,87.4,62.88
2026-07-15 15:31,87.5,62.81
2026-07-15 15:32,87.5,62.73
2026-07-15 15:33,87.6,62.68
2026-07-15 15:34,87.6,62.67
2026-07-15 15:35,87.7,62.71
2026-07-15 15:36,87.7,62.62
2026-07-15 15:37,87.8,62.67
2026-07-15 15:38,87.8,62.69
2026-07-15 15:39,87.8,62.7
2026-07-15 15:40,87.9,62.6
2026-07-15 15:41,87.9,62.53
2026-07-15 15:42,88.0,62.41
2026-07-15 15:43,88.0,62.36
2026-07-15 15:44,88.1,62.34
2026-07-15 15:45,88.1,62.18
2026-07-15 15:46,88.1,62.19
2026-07-15 15:47,88.2,62.19
2026-07-15 15:48,88.2,62.14
2026-07-15 15:49,88.3,62.14
2026-07-15 15:50,88.3,62.21
2026-07-15 15:51,88.4,62.13
2026-07-15 15:52,88.4,61.96
2026-07-15 15:53,88.5,61.97
2026-07-15 15:54,88.5,61.98
2026-07-15 15:55,88.6,61.94
2026-07-15 15:56,88.6,61.88
2026-07-15 15:57,88.7,61.79
2026-07-15 15:58,88.8,61.79
2026-07-15 15:59,88.8,61.75
2026-07-15 16:00,88.9,61.64
2026-07-15 16:01,88.9,61.59
2026-07-15 16:02,89.0,61.57
2026-07-15 16:03,89.0,61.57
2026-07-15 16:04,89.1,61.61
2026-07-15 16:05,89.1,61.65
2026-07-15 16:06,89.2,61.56
2026-07-15 16:07,89.3,61.62
2026-07-15 16:08,89.3,61.49
2026-07-15 16:09,89.4,61.39
2026-07-15 16:10,89.4,61.3
2026-07-15 16:11,89.5,61.25
2026-07-15 16:12,89.5,61.19
2026-07-15 16:13,89.6,61.18
2026-07-15 16:14,89.7,61.2
2026-07-15 16:15,89.7,61.21
2026-07-15 16:16,89.8,61.18
2026-07-15 16:17,89.8,61.17
2026-07-15 16:18,89.9,61.23
2026-07-15 16:19,89.9,61.15
2026-07-15 16:20,90.0,61.09
2026-07-15 16:21,90.0,61.03
2026-07-15 16:22,90.1,61.0
2026-07-15 16:23,90.1,61.04
2026-07-15 16:24,90.2,61.04
2026-07-15 16:25,90.3,61.02
2026-07-15 16:26,90.3,60.93
2026-07-15 16:27,90.4,60.84
2026-07-15 16:28,90.4,60.79
2026-07-15 16:29,90.5,60.77
2026-07-15 16:30,90.5,60.7
2026-07-15 16:31,90.6,60.68
2026-07-15 16:32,90.6,60.66
2026-07-15 16:33,90.7,60.67
2026-07-15 16:34,90.7,60.66
2026-07-15 16:35,90.8,60.64
2026-07-15 16:36,90.8,60.63
2026-07-15 16:37,90.9,60.58
2026-07-15 16:38,90.9,60.56
2026-07-15 16:39,90.9,60.51
2026-07-15 16:40,91.0,60.46
2026-07-15 16:41,91.0,60.46
2026-07-15 16:42,91.1,60.41
2026-07-15 16:43,91.1,60.34
2026-07-15 16:44,91.1,60.29
2026-07-15 16:45,91.2,60.25
2026-07-15 16:46,91.2,60.26
2026-07-15 16:47,91.3,60.28
2026-07-15 16:48,91.3,60.22
2026-07-15 16:49,91.3,60.19
2026-07-15 16:50,91.3,60.23
2026-07-15 16:51,91.4,60.21
2026-07-15 16:52,91.4,60.2
2026-07-15 16:53,91.4,60.1
2026-07-15 16:54,91.5,60.08
2026-07-15 16:55,91.5,60.05
2026-07-15 16:56,91.5,60.0
2026-07-15 16:57,91.5,59.96
2026-07-15 16:58,91.5,60.0
2026-07-15 16:59,91.5,59.96
2026-07-15 17:00,91.5,59.96
2026-07-15 17:01,91.5,59.96
2026-07-15 17:02,91.6,60.02
2026-07-15 17:03,91.6,60.0
2026-07-15 17:04,91.6,59.95
2026-07-15 17:05,91.6,59.92
2026-07-15 17:06,91.6,59.92
2026-07-15 17:07,91.6,59.93
2026-07-15 17:08,91.6,59.89
2026-07-15 17:09,91.6,59.88
2026-07-15 17:10,91.6,59.86
2026-07-15 17:11,91.6,59.9
2026-07-15 17:12,91.6,59.89
2026-07-15 17:13,91.6,59.86
2026-07-15 17:14,91.6,59.87
2026-07-15 17:15,91.7,59.85
2026-07-15 17:16,91.7,59.81
2026-07-15 17:17,91.7,59.83
2026-07-15 17:18,91.7,59.81
2026-07-15 17:19,91.7,59.86
2026-07-15 17:20,91.7,59.83
2026-07-15 17:21,91.7,59.91
2026-07-15 17:22,91.7,59.89
2026-07-15 17:23,91.7,59.9
2026-07-15 17:24,91.7,59.95
2026-07-15 17:25,91.7,59.92
2026-07-15 17:26,91.8,59.88
2026-07-15 17:27,91.8,59.95
2026-07-15 17:28,91.8,59.89
2026-07-15 17:29,91.8,59.8
2026-07-15 17:30,91.9,59.91
2026-07-15 17:31,91.9,59.75
2026-07-15 17:32,91.9,59.8
2026-07-15 17:33,92.0,59.78
2026-07-15 17:34,92.0,59.72
2026-07-15 17:35,92.0,59.64
2026-07-15 17:36,92.1,59.65
2026-07-15 17:37,92.1,59.56
2026-07-15 17:38,92.1,59.51
2026-07-15 17:39,92.1,59.5
2026-07-15 17:40,92.2,59.44
2026-07-15 17:41,92.2,59.45
2026-07-15 17:42,92.2,59.43
2026-07-15 17:43,92.3,59.41
2026-07-15 17:44,92.3,59.41
2026-07-15 17:45,92.3,59.38
2026-07-15 17:46,92.3,59.38
2026-07-15 17:47,92.3,59.33
2026-07-15 17:48,92.4,59.31
2026-07-15 17:49,92.4,59.3
2026-07-15 17:50,92.4,59.28
2026-07-15 17:51,92.4,59.25
2026-07-15 17:52,92.4,59.24
2026-07-15 17:53,92.5,59.18
2026-07-15 17:54,92.5,59.17
2026-07-15 17:55,92.5,59.17
2026-07-15 17:56,92.5,59.13
2026-07-15 17:57,92.5,59.09
2026-07-15 17:58,92.5,59.15
2026-07-15 17:59,92.5,59.2
2026-07-15 18:00,92.5,59.12
2026-07-15 18:01,92.5,59.08
2026-07-15 18:02,92.5,59.07
2026-07-15 18:03,92.5,59.04
2026-07-15 18:04,92.5,59.0
2026-07-15 18:05,92.5,58.98
2026-07-15 18:06,92.6,58.99
2026-07-15 18:07,92.6,59.01
2026-07-15 18:08,92.6,58.93
2026-07-15 18:09,92.6,58.94
2026-07-15 18:10,92.6,58.83
2026-07-15 18:11,92.6,58.86
2026-07-15 18:12,92.6,58.85
2026-07-15 18:13,92.6,58.82
2026-07-15 18:14,92.6,58.82
2026-07-15 18:15,92.6,58.82
2026-07-15 18:16,92.6,58.76
2026-07-15 18:17,92.6,58.8
2026-07-15 18:18,92.6,58.81
2026-07-15 18:19,92.6,58.77
2026-07-15 18:20,92.6,58.77
2026-07-15 18:21,92.6,58.79
2026-07-15 18:22,92.6,58.76
2026-07-15 18:23,92.6,58.74
2026-07-15 18:24,92.6,58.76
2026-07-15 18:25,92.6,58.76
2026-07-15 18:26,92.5,58.74
2026-07-15 18:27,92.5,58.73
2026-07-15 18:28,92.5,58.71
2026-07-15 18:29,92.5,58.7
2026-07-15 18:30,92.5,58.7
2026-07-15 18:31,92.5,58.72
2026-07-15 18:32,92.5,58.72
2026-07-15 18:33,92.5,58.72
2026-07-15 18:34,92.5,58.74
2026-07-15 18:35,92.4,58.74
2026-07-15 18:36,92.4,58.72
2026-07-15 18:37,92.4,58.75
2026-07-15 18:38,92.4,58.74
2026-07-15 18:39,92.4,58.75
2026-07-15 18:40,92.4,58.76
2026-07-15 18:41,92.4,58.75
2026-07-15 18:42,92.4,58.8
2026-07-15 18:43,92.3,58.79
2026-07-15 18:44,92.3,58.79
2026-07-15 18:45,92.3,58.82
2026-07-15 18:46,92.3,58.82
2026-07-15 18:47,92.3,58.82
2026-07-15 18:48,92.3,58.84
2026-07-15 18:49,92.2,58.87
2026-07-15 18:50,92.2,58.85
2026-07-15 18:51,92.2,58.88
2026-07-15 18:52,92.2,58.91
2026-07-15 18:53,92.2,58.95
2026-07-15 18:54,92.2,58.98
2026-07-15 18:55,92.1,58.98
2026-07-15 18:56,92.1,58.99
2026-07-15 18:57,92.1,59.0
2026-07-15 18:58,92.1,59.01
2026-07-15 18:59,92.1,59.02
2026-07-15 19:00,92.0,59.06
2026-07-15 19:01,92.0,59.08
2026-07-15 19:02,92.0,59.11
2026-07-15 19:03,92.0,59.14
2026-07-15 19:04,92.0,59.15
2026-07-15 19:05,91.9,59.17
2026-07-15 19:06,91.9,59.21
2026-07-15 19:07,91.9,59.2
2026-07-15 19:08,91.9,59.2
2026-07-15 19:09,91.8,59.25
2026-07-15 19:10,91.8,59.28
2026-07-15 19:11,91.8,59.33
2026-07-15 19:12,91.7,59.32
2026-07-15 19:13,91.7,59.41
2026-07-15 19:14,91.6,59.4
2026-07-15 19:15,91.6,59.46
2026-07-15 19:16,91.5,59.44
2026-07-15 19:17,91.5,59.47
2026-07-15 19:18,91.5,59.49
2026-07-15 19:19,91.5,59.52
2026-07-15 19:20,91.5,59.48
2026-07-15 19:21,91.4,59.45
2026-07-15 19:22,91.4,59.45
2026-07-15 19:23,91.4,59.46
2026-07-15 19:24,91.4,59.45
2026-07-15 19:25,91.4,59.44
2026-07-15 19:26,91.3,59.43
2026-07-15 19:27,91.3,59.44
2026-07-15 19:28,91.3,59.43
2026-07-15 19:29,91.3,59.43
2026-07-15 19:30,91.3,59.44
2026-07-15 19:31,91.2,59.46
2026-07-15 19:32,91.2,59.5
2026-07-15 19:33,91.2,59.51
2026-07-15 19:34,91.2,59.55
2026-07-15 19:35,91.1,59.58
2026-07-15 19:36,91.1,59.59
2026-07-15 19:37,91.1,59.63
2026-07-15 19:38,91.1,59.62
2026-07-15 19:39,91.1,59.63
2026-07-15 19:40,91.0,59.64
2026-07-15 19:41,91.0,59.63
2026-07-15 19:42,91.0,59.64
2026-07-15 19:43,91.0,59.66
2026-07-15 19:44,91.0,59.68
2026-07-15 19:45,90.9,59.69
2026-07-15 19:46,90.9,59.72
2026-07-15 19:47,90.9,59.68
2026-07-15 19:48,90.9,59.72
2026-07-15 19:49,90.8,59.75
2026-07-15 19:50,90.8,59.72
2026-07-15 19:51,90.8,59.72
2026-07-15 19:52,90.8,59.75
2026-07-15 19:53,90.7,59.79
2026-07-15 19:54,90.7,59.81
2026-07-15 19:55,90.7,59.78
2026-07-15 19:56,90.6,59.84
2026-07-15 19:57,90.6,59.88
2026-07-15 19:58,90.5,59.92
2026-07-15 19:59,90.4,60.01
2026-07-15 20:00,90.3,60.07
2026-07-15 20:01,90.3,60.1
2026-07-15 20:02,90.3,60.28
2026-07-15 20:03,90.3,60.33
2026-07-15 20:04,90.2,60.25
2026-07-15 20:05,90.2,60.25
2026-07-15 20:06,90.2,60.23
2026-07-15 20:07,90.2,60.17
2026-07-15 20:08,90.2,60.12
2026-07-15 20:09,90.1,60.09
2026-07-15 20:10,90.1,60.11
2026-07-15 20:11,90.1,60.07
2026-07-15 20:12,90.1,60.11
2026-07-15 20:13,90.0,60.15
2026-07-15 20:14,90.0,60.16
2026-07-15 20:15,90.0,60.15
2026-07-15 20:16,90.0,60.14
2026-07-15 20:17,90.0,60.17
2026-07-15 20:18,90.0,60.2
2026-07-15 20:19,89.9,60.21
2026-07-15 20:20,89.9,60.23
2026-07-15 20:21,89.9,60.26
2026-07-15 20:22,89.9,60.26
2026-07-15 20:23,89.8,60.26
2026-07-15 20:24,89.8,60.28
2026-07-15 20:25,89.8,60.3
2026-07-15 20:26,89.8,60.29
2026-07-15 20:27,89.7,60.32
2026-07-15 20:28,89.7,60.33
2026-07-15 20:29,89.7,60.35
2026-07-15 20:30,89.7,60.38
2026-07-15 20:31,89.7,60.37
2026-07-15 20:32,89.6,60.39
2026-07-15 20:33,89.6,60.4
2026-07-15 20:34,89.6,60.43
2026-07-15 20:35,89.6,60.44
2026-07-15 20:36,89.5,60.44
2026-07-15 20:37,89.5,60.44
2026-07-15 20:38,89.5,60.45
2026-07-15 20:39,89.5,60.46
2026-07-15 20:40,89.4,60.45
2026-07-15 20:41,89.4,60.46
2026-07-15 20:42,89.4,60.48
2026-07-15 20:43,89.4,60.48
2026-07-15 20:44,89.3,60.46
2026-07-15 20:45,89.3,60.49
2026-07-15 20:46,89.2,60.47
2026-07-15 20:47,89.2,60.58
2026-07-15 20:48,89.1,60.63
2026-07-15 20:49,89.1,60.63
2026-07-15 20:50,89.1,60.7
2026-07-15 20:51,89.0,60.75
2026-07-15 20:52,89.0,60.75
2026-07-15 20:53,89.0,60.74
2026-07-15 20:54,89.0,60.7
2026-07-15 20:55,89.0,60.72
2026-07-15 20:56,88.9,60.74
2026-07-15 20:57,88.9,60.78
2026-07-15 20:58,88.9,60.79
2026-07-15 20:59,88.9,60.79
2026-07-15 21:00,88.8,60.82
2026-07-15 21:01,88.8,60.82
2026-07-15 21:02,88.8,60.81
2026-07-15 21:03,88.8,60.83
2026-07-15 21:04,88.8,60.83
2026-07-15 21:05,88.7,60.82
2026-07-15 21:06,88.7,60.84
2026-07-15 21:07,88.7,60.87
2026-07-15 21:08,88.7,60.84
2026-07-15 21:09,88.6,60.82
2026-07-15 21:10,88.6,60.83
2026-07-15 21:11,88.6,60.74
2026-07-15 21:12,88.6,60.8
2026-07-15 21:13,88.5,60.91
2026-07-15 21:14,88.5,60.98
2026-07-15 21:15,88.4,61.01
2026-07-15 21:16,88.4,61.07
2026-07-15 21:17,88.3,61.08
2026-07-15 21:18,88.3,61.1
2026-07-15 21:19,88.3,60.98
2026-07-15 21:20,88.2,61.29
2026-07-15 21:21,88.2,61.15
2026-07-15 21:22,88.2,61.32
2026-07-15 21:23,88.2,61.37
2026-07-15 21:24,88.1,61.5
2026-07-15 21:25,88.1,61.47
2026-07-15 21:26,88.1,61.55
2026-07-15 21:27,88.1,61.63
2026-07-15 21:28,88.0,61.62
2026-07-15 21:29,88.0,61.51
2026-07-15 21:30,88.0,61.54
2026-07-15 21:31,87.9,61.73
2026-07-15 21:32,87.9,61.71
2026-07-15 21:33,87.9,61.72
2026-07-15 21:34,87.9,61.77
2026-07-15 21:35,87.8,61.95
2026-07-15 21:36,87.8,61.8
2026-07-15 21:37,87.8,61.83
2026-07-15 21:38,87.8,62.03
2026-07-15 21:39,87.8,61.99
2026-07-15 21:40,87.7,61.91
2026-07-15 21:41,87.7,61.84
2026-07-15 21:42,87.7,61.97
2026-07-15 21:43,87.7,62.08
2026-07-15 21:44,87.7,62.02
2026-07-15 21:45,87.6,62.01
2026-07-15 21:46,87.6,61.86
2026-07-15 21:47,87.6,62.07
2026-07-15 21:48,87.6,62.14
2026-07-15 21:49,87.6,61.9
2026-07-15 21:50,87.6,62.05
2026-07-15 21:51,87.5,62.07
2026-07-15 21:52,87.5,62.1
2026-07-15 21:53,87.5,62.14
2026-07-15 21:54,87.5,62.28
2026-07-15 21:55,87.5,62.2
2026-07-15 21:56,87.4,62.26
2026-07-15 21:57,87.4,62.15
2026-07-15 21:58,87.4,62.2
2026-07-15 21:59,87.4,62.24
2026-07-15 22:00,87.4,62.28
2026-07-15 22:01,87.3,62.28
2026-07-15 22:02,87.3,62.52
2026-07-15 22:03,87.3,62.36
2026-07-15 22:04,87.3,62.46
2026-07-15 22:05,87.3,62.55
2026-07-15 22:06,87.3,62.58
2026-07-15 22:07,87.2,62.62
2026-07-15 22:08,87.2,62.8
2026-07-15 22:09,87.2,62.98
2026-07-15 22:10,87.2,62.89
2026-07-15 22:11,87.1,62.9
2026-07-15 22:12,87.1,62.58
2026-07-15 22:13,87.1,62.88
2026-07-15 22:14,87.1,62.72
2026-07-15 22:15,87.1,62.83
2026-07-15 22:16,87.1,62.73
2026-07-15 22:17,87.1,62.72
2026-07-15 22:18,87.1,62.68
2026-07-15 22:19,87.1,62.53
2026-07-15 22:20,87.1,62.58
2026-07-15 22:21,87.1,62.62
2026-07-15 22:22,87.1,62.49
2026-07-15 22:23,87.1,62.5
2026-07-15 22:24,87.1,62.47
2026-07-15 22:25,87.0,62.49
2026-07-15 22:26,87.0,62.55
2026-07-15 22:27,87.0,62.5
2026-07-15 22:28,87.0,62.55
2026-07-15 22:29,87.0,62.51
2026-07-15 22:30,87.0,62.6
2026-07-15 22:31,87.0,62.68
2026-07-15 22:32,87.0,62.74
2026-07-15 22:33,87.0,62.83
2026-07-15 22:34,87.0,62.77
2026-07-15 22:35,86.9,62.64
2026-07-15 22:36,86.9,62.63
2026-07-15 22:37,86.9,62.66
2026-07-15 22:38,86.9,62.61
2026-07-15 22:39,86.9,62.7
2026-07-15 22:40,86.9,62.64
2026-07-15 22:41,86.9,62.96
2026-07-15 22:42,86.9,62.85
2026-07-15 22:43,86.8,62.87
2026-07-15 22:44,86.8,62.72
2026-07-15 22:45,86.8,62.81
2026-07-15 22:46,86.8,62.94
2026-07-15 22:47,86.8,62.77
2026-07-15 22:48,86.8,62.87
2026-07-15 22:49,86.8,62.78
2026-07-15 22:50,86.8,62.91
2026-07-15 22:51,86.7,63.02
2026-07-15 22:52,86.7,62.81
2026-07-15 22:53,86.7,62.75
2026-07-15 22:54,86.7,62.86
2026-07-15 22:55,86.7,62.82
2026-07-15 22:56,86.7,62.92
2026-07-15 22:57,86.7,62.96
2026-07-15 22:58,86.7,62.92
2026-07-15 22:59,86.6,63.12
2026-07-15 23:00,86.6,63.1
2026-07-15 23:01,86.6,63.2
2026-07-15 23:02,86.6,63.05
2026-07-15 23:03,86.6,63.06
2026-07-15 23:04,86.6,63.12
2026-07-15 23:05,86.6,63.05
2026-07-15 23:06,86.6,63.18
2026-07-15 23:07,86.6,63.09
2026-07-15 23:08,86.5,63.06
2026-07-15 23:09,86.5,62.95
2026-07-15 23:10,86.5,62.86
2026-07-15 23:11,86.5,63.01
2026-07-15 23:12,86.5,63.06
2026-07-15 23:13,86.5,63.31
2026-07-15 23:14,86.5,63.15
2026-07-15 23:15,86.5,63.02
2026-07-15 23:16,86.5,63.14
2026-07-15 23:17,86.5,63.07
2026-07-15 23:18,86.4,63.17
2026-07-15 23:19,86.4,63.23
2026-07-15 23:20,86.4,63.28
2026-07-15 23:21,86.4,63.24
2026-07-15 23:22,86.4,63.33
2026-07-15 23:23,86.4,63.16
2026-07-15 23:24,86.4,63.22
2026-07-15 23:25,86.4,63.16
2026-07-15 23:26,86.4,63.31
2026-07-15 23:27,86.4,63.33
2026-07-15 23:28,86.3,63.41
2026-07-15 23:29,86.3,63.38
2026-07-15 23:30,86.3,63.2
2026-07-15 23:31,86.3,63.01
2026-07-15 23:32,86.3,63.06
2026-07-15 23:33,86.3,63.13
2026-07-15 23:34,86.3,63.16
2026-07-15 23:35,86.3,63.27
2026-07-15 23:36,86.3,63.23
2026-07-15 23:37,86.2,63.21
2026-07-15 23:38,86.2,63.16
2026-07-15 23:39,86.2,63.33
2026-07-15 23:40,86.2,63.31
2026-07-15 23:41,86.2,63.32
2026-07-15 23:42,86.2,63.32
2026-07-15 23:43,86.2,63.4
2026-07-15 23:44,86.2,63.44
2026-07-15 23:45,86.2,63.56
2026-07-15 23:46,86.1,63.52
2026-07-15 23:47,86.1,63.53
2026-07-15 23:48,86.1,63.5
2026-07-15 23:49,86.1,63.57
2026-07-15 23:50,86.1,63.44
2026-07-15 23:51,86.1,63.62
2026-07-15 23:52,86.1,63.57
2026-07-15 23:53,86.1,63.47
2026-07-15 23:54,86.1,63.38
2026-07-15 23:55,86.1,63.38
2026-07-15 23:56,86.0,63.48
2026-07-15 23:57,86.0,63.44
2026-07-15 23:58,86.0,63.43
2026-07-15 23:59,86.0,63.59
2026-07-16 00:00,86.0,63.39
2026-07-16 00:01,86.0,63.39
2026-07-16 00:02,86.0,63.34
2026-07-16 00:03,86.0,63.29
2026-07-16 00:04,86.0,63.37
2026-07-16 00:05,86.0,63.44
2026-07-16 00:06,85.9,63.35
2026-07-16 00:07,85.9,63.33
2026-07-16 00:08,85.9,63.27
2026-07-16 00:09,85.9,63.23
2026-07-16 00:10,85.9,63.23
2026-07-16 00:11,85.9,63.19
2026-07-16 00:12,85.9,63.18
2026-07-16 00:13,85.9,63.16
2026-07-16 00:14,85.9,63.1
2026-07-16 00:15,85.9,63.09
2026-07-16 00:16,85.9,63.23
2026-07-16 00:17,85.9,63.43
2026-07-16 00:18,85.8,63.23
2026-07-16 00:19,85.8,63.3
2026-07-16 00:20,85.8,63.3
2026-07-16 00:21,85.8,63.29
2026-07-16 00:22,85.8,63.39
2026-07-16 00:23,85.8,63.41
2026-07-16 00:24,85.8,63.46
2026-07-16 00:25,85.8,63.46
2026-07-16 00:26,85.8,63.29
2026-07-16 00:27,85.8,63.37
2026-07-16 00:28,85.7,63.4
2026-07-16 00:29,85.7,63.39
2026-07-16 00:30,85.7,63.34
2026-07-16 00:31,85.7,63.46
2026-07-16 00:32,85.7,63.4
2026-07-16 00:33,85.7,63.42
2026-07-16 00:34,85.7,63.4
2026-07-16 00:35,85.7,63.42
2026-07-16 00:36,85.7,63.35
2026-07-16 00:37,85.7,63.4
2026-07-16 00:38,85.7,63.45
2026-07-16 00:39,85.6,63.37
2026-07-16 00:40,85.6,63.57
2026-07-16 00:41,85.6,63.65
2026-07-16 00:42,85.6,63.62
2026-07-16 00:43,85.6,63.59
2026-07-16 00:44,85.6,63.61
2026-07-16 00:45,85.6,63.38
2026-07-16 00:46,85.6,63.6
2026-07-16 00:47,85.6,63.65
2026-07-16 00:48,85.6,63.63
2026-07-16 00:49,85.5,63.67
2026-07-16 00:50,85.5,63.76
2026-07-16 00:51,85.5,63.55
2026-07-16 00:52,85.5,63.61
2026-07-16 00:53,85.5,63.66
2026-07-16 00:54,85.5,63.52
2026-07-16 00:55,85.5,63.76
2026-07-16 00:56,85.5,63.74
2026-07-16 00:57,85.5,63.58
2026-07-16 00:58,85.5,63.69
2026-07-16 00:59,85.4,63.69
2026-07-16 01:00,85.4,63.79
2026-07-16 01:01,85.4,63.49
2026-07-16 01:02,85.4,63.67
2026-07-16 01:03,85.4,63.76
2026-07-16 01:04,85.4,63.76
2026-07-16 01:05,85.4,63.65
2026-07-16 01:06,85.4,63.57
2026-07-16 01:07,85.4,63.64
2026-07-16 01:08,85.4,63.75
2026-07-16 01:09,85.3,63.72
2026-07-16 01:10,85.3,63.78
2026-07-16 01:11,85.3,63.81
2026-07-16 01:12,85.3,63.81
2026-07-16 01:13,85.3,63.78
2026-07-16 01:14,85.3,63.78
2026-07-16 01:15,85.3,63.67
2026-07-16 01:16,85.3,63.76
2026-07-16 01:17,85.3,63.62
2026-07-16 01:18,85.2,63.68
2026-07-16 01:19,85.2,63.76
2026-07-16 01:20,85.2,63.73
2026-07-16 01:21,85.2,63.82
2026-07-16 01:22,85.2,63.86
2026-07-16 01:23,85.2,63.86
2026-07-16 01:24,85.2,63.96
2026-07-16 01:25,85.2,63.82
2026-07-16 01:26,85.2,63.86
2026-07-16 01:27,85.2,63.9
2026-07-16 01:28,85.2,63.84
2026-07-16 01:29,85.2,63.88
2026-07-16 01:30,85.1,63.74
2026-07-16 01:31,85.1,63.59
2026-07-16 01:32,85.1,63.74
2026-07-16 01:33,85.1,63.68
2026-07-16 01:34,85.1,63.82
2026-07-16 01:35,85.1,63.8
2026-07-16 01:36,85.1,63.69
2026-07-16 01:37,85.1,63.66
2026-07-16 01:38,85.1,63.58
2026-07-16 01:39,85.1,63.7
2026-07-16 01:40,85.1,63.75
2026-07-16 01:41,85.1,63.66
2026-07-16 01:42,85.1,63.8
2026-07-16 01:43,85.1,63.85
2026-07-16 01:44,85.0,63.9
2026-07-16 01:45,85.0,63.66
2026-07-16 01:46,85.0,63.64
2026-07-16 01:47,85.0,63.86
2026-07-16 01:48,85.0,63.84
2026-07-16 01:49,85.0,63.6
2026-07-16 01:50,85.0,63.72
2026-07-16 01:51,85.0,63.91
2026-07-16 01:52,85.0,63.79
2026-07-16 01:53,85.0,63.94
2026-07-16 01:54,85.0,63.78
2026-07-16 01:55,84.9,63.94
2026-07-16 01:56,84.9,63.88
2026-07-16 01:57,84.9,63.66
2026-07-16 01:58,84.9,63.9
2026-07-16 01:59,84.9,64.03
2026-07-16 02:00,84.9,63.95
2026-07-16 02:01,84.9,63.91
2026-07-16 02:02,84.9,63.95
2026-07-16 02:03,84.9,64.12
2026-07-16 02:04,84.9,64.05
2026-07-16 02:05,84.8,63.96
2026-07-16 02:06,84.8,63.96
2026-07-16 02:07,84.8,63.95
2026-07-16 02:08,84.8,63.97
2026-07-16 02:09,84.8,64.1
2026-07-16 02:10,84.8,64.01
2026-07-16 02:11,84.8,63.83
2026-07-16 02:12,84.8,63.92
2026-07-16 02:13,84.8,64.01
2026-07-16 02:14,84.7,64.07
2026-07-16 02:15,84.7,63.9
2026-07-16 02:16,84.7,64.03
2026-07-16 02:17,84.7,64.09
2026-07-16 02:18,84.7,64.13
2026-07-16 02:19,84.7,64.09
2026-07-16 02:20,84.7,64.07
2026-07-16 02:21,84.7,64.06
2026-07-16 02:22,84.6,64.0
2026-07-16 02:23,84.6,64.09
2026-07-16 02:24,84.6,64.15
2026-07-16 02:25,84.6,64.27
2026-07-16 02:26,84.6,64.22
2026-07-16 02:27,84.6,64.01
2026-07-16 02:28,84.6,64.19
2026-07-16 02:29,84.6,64.25
2026-07-16 02:30,84.5,64.19
2026-07-16 02:31,84.5,64.14
2026-07-16 02:32,84.5,64.14
2026-07-16 02:33,84.5,64.2
2026-07-16 02:34,84.5,64.27
2026-07-16 02:35,84.5,64.21
2026-07-16 02:36,84.5,64.19
2026-07-16 02:37,84.5,64.1
2026-07-16 02:38,84.4,64.15
2026-07-16 02:39,84.4,64.14
2026-07-16 02:40,84.4,64.12
2026-07-16 02:41,84.4,64.1
2026-07-16 02:42,84.4,64.15
2026-07-16 02:43,84.4,64.23
2026-07-16 02:44,84.4,64.23
2026-07-16 02:45,84.4,64.12
2026-07-16 02:46,84.3,64.27
2026-07-16 02:47,84.3,64.34
2026-07-16 02:48,84.3,64.26
2026-07-16 02:49,84.3,64.23
2026-07-16 02:50,84.3,64.22
2026-07-16 02:51,84.3,64.25
2026-07-16 02:52,84.3,64.24
2026-07-16 02:53,84.3,64.11
2026-07-16 02:54,84.2,64.18
2026-07-16 02:55,84.2,64.08
2026-07-16 02:56,84.2,64.23
2026-07-16 02:57,84.2,64.21
2026-07-16 02:58,84.2,64.18
2026-07-16 02:59,84.2,64.24
2026-07-16 03:00,84.2,64.36
2026-07-16 03:01,84.2,64.11
2026-07-16 03:02,84.2,64.34
2026-07-16 03:03,84.1,64.41
2026-07-16 03:04,84.1,64.28
2026-07-16 03:05,84.1,64.28
2026-07-16 03:06,84.1,64.29
2026-07-16 03:07,84.1,64.42
2026-07-16 03:08,84.1,64.2
2026-07-16 03:09,84.1,64.2
2026-07-16 03:10,84.1,64.17
2026-07-16 03:11,84.1,64.18
2026-07-16 03:12,84.0,64.15
2026-07-16 03:13,84.0,64.22
2026-07-16 03:14,84.0,64.16
2026-07-16 03:15,84.0,64.18
2026-07-16 03:16,84.0,64.08
2026-07-16 03:17,84.0,64.1
2026-07-16 03:18,84.0,64.04
2026-07-16 03:19,84.0,64.08
2026-07-16 03:20,84.0,64.0
2026-07-16 03:21,84.0,64.03
2026-07-16 03:22,83.9,64.09
2026-07-16 03:23,83.9,64.14
2026-07-16 03:24,83.9,64.1
2026-07-16 03:25,83.9,64.1
2026-07-16 03:26,83.9,64.02
2026-07-16 03:27,83.9,64.04
2026-07-16 03:28,83.9,64.05
2026-07-16 03:29,83.9,64.0
2026-07-16 03:30,83.9,64.1
2026-07-16 03:31,83.8,64.3
2026-07-16 03:32,83.8,64.11
2026-07-16 03:33,83.8,64.0
2026-07-16 03:34,83.8,64.01
2026-07-16 03:35,83.8,63.96
2026-07-16 03:36,83.8,63.94
2026-07-16 03:37,83.8,63.98
2026-07-16 03:38,83.8,63.99
2026-07-16 03:39,83.8,64.04
2026-07-16 03:40,83.8,63.94
2026-07-16 03:41,83.7,63.95
2026-07-16 03:42,83.7,63.98
2026-07-16 03:43,83.7,63.91
2026-07-16 03:44,83.7,63.93
2026-07-16 03:45,83.7,63.91
2026-07-16 03:46,83.7,63.97
2026-07-16 03:47,83.7,63.93
2026-07-16 03:48,83.7,63.94
2026-07-16 03:49,83.7,63.93
2026-07-16 03:50,83.7,63.95
2026-07-16 03:51,83.7,63.91
2026-07-16 03:52,83.6,64.02
2026-07-16 03:53,83.6,63.95
2026-07-16 03:54,83.6,63.93
2026-07-16 03:55,83.6,63.91
2026-07-16 03:56,83.6,63.85
2026-07-16 03:57,83.6,63.92
2026-07-16 03:58,83.6,63.94
2026-07-16 03:59,83.6,63.99
2026-07-16 04:00,83.6,64.0
2026-07-16 04:01,83.6,63.97
2026-07-16 04:02,83.6,63.92
2026-07-16 04:03,83.6,63.88
2026-07-16 04:04,83.5,63.87
2026-07-16 04:05,83.5,63.85
2026-07-16 04:06,83.5,64.04
2026-07-16 04:07,83.5,63.93
2026-07-16 04:08,83.5,63.93
2026-07-16 04:09,83.5,63.98
2026-07-16 04:10,83.5,63.96
2026-07-16 04:11,83.5,63.96
2026-07-16 04:12,83.5,64.02
2026-07-16 04:13,83.5,63.95
2026-07-16 04:14,83.5,63.91
2026-07-16 04:15,83.4,63.95
2026-07-16 04:16,83.4,63.92
2026-07-16 04:17,83.4,63.9
2026-07-16 04:18,83.4,63.89
2026-07-16 04:19,83.4,63.99
2026-07-16 04:20,83.4,63.95
2026-07-16 04:21,83.4,63.96
2026-07-16 04:22,83.4,63.98
2026-07-16 04:23,83.4,63.95
2026-07-16 04:24,83.4,63.97
2026-07-16 04:25,83.4,63.98
2026-07-16 04:26,83.4,63.93
2026-07-16 04:27,83.4,63.9
2026-07-16 04:28,83.3,63.87
2026-07-16 04:29,83.3,63.87
2026-07-16 04:30,83.3,63.89
2026-07-16 04:31,83.3,63.92
2026-07-16 04:32,83.3,63.96
2026-07-16 04:33,83.3,63.89
2026-07-16 04:34,83.3,63.94
2026-07-16 04:35,83.3,63.89
2026-07-16 04:36,83.3,63.91
2026-07-16 04:37,83.3,63.92
2026-07-16 04:38,83.3,63.93
2026-07-16 04:39,83.3,63.87
2026-07-16 04:40,83.2,63.85
2026-07-16 04:41,83.2,63.86
2026-07-16 04:42,83.2,63.88
2026-07-16 04:43,83.2,63.93
2026-07-16 04:44,83.2,63.89
2026-07-16 04:45,83.2,63.85
2026-07-16 04:46,83.2,63.84
2026-07-16 04:47,83.2,63.86
2026-07-16 04:48,83.2,63.87
2026-07-16 04:49,83.2,63.86
2026-07-16 04:50,83.2,63.87
2026-07-16 04:51,83.1,63.94
2026-07-16 04:52,83.1,63.96
2026-07-16 04:53,83.1,63.95
2026-07-16 04:54,83.1,63.93
2026-07-16 04:55,83.1,63.95
2026-07-16 04:56,83.1,63.88
2026-07-16 04:57,83.0,63.86
2026-07-16 04:58,83.0,63.8
2026-07-16 04:59,83.0,63.76
2026-07-16 05:00,83.0,63.74
2026-07-16 05:01,83.0,63.7
2026-07-16 05:02,83.0,63.7
2026-07-16 05:03,82.9,63.75
2026-07-16 05:04,82.9,63.68
2026-07-16 05:05,82.9,63.73
2026-07-16 05:06,82.9,63.75
2026-07-16 05:07,82.9,63.76
2026-07-16 05:08,82.8,63.77
2026-07-16 05:09,82.8,63.75
2026-07-16 05:10,82.8,63.74
2026-07-16 05:11,82.8,63.77
2026-07-16 05:12,82.8,63.77
2026-07-16 05:13,82.7,63.79
2026-07-16 05:14,82.7,63.84
2026-07-16 05:15,82.7,63.83
2026-07-16 05:16,82.7,63.85
2026-07-16 05:17,82.7,63.85
2026-07-16 05:18,82.7,63.89
2026-07-16 05:19,82.6,64.14
2026-07-16 05:20,82.6,63.95
2026-07-16 05:21,82.6,63.97
2026-07-16 05:22,82.6,63.98
2026-07-16 05:23,82.6,63.95
2026-07-16 05:24,82.6,63.94
2026-07-16 05:25,82.6,63.96
2026-07-16 05:26,82.6,63.95
2026-07-16 05:27,82.6,63.92
2026-07-16 05:28,82.6,63.91
2026-07-16 05:29,82.6,63.91
2026-07-16 05:30,82.6,63.94
2026-07-16 05:31,82.6,63.96
2026-07-16 05:32,82.6,63.93
2026-07-16 05:33,82.6,63.97
2026-07-16 05:34,82.6,63.98
2026-07-16 05:35,82.6,63.96
2026-07-16 05:36,82.6,63.96
2026-07-16 05:37,82.6,63.91
2026-07-16 05:38,82.6,63.89
2026-07-16 05:39,82.7,63.92
2026-07-16 05:40,82.7,63.9
2026-07-16 05:41,82.7,63.9
2026-07-16 05:42,82.7,63.93
2026-07-16 05:43,82.7,63.94
2026-07-16 05:44,82.7,63.88
2026-07-16 05:45,82.7,63.85
2026-07-16 05:46,82.7,63.85
2026-07-16 05:47,82.6,63.79
2026-07-16 05:48,82.6,63.79
2026-07-16 05:49,82.6,63.8
2026-07-16 05:50,82.6,63.79
2026-07-16 05:51,82.6,63.79
2026-07-16 05:52,82.6,63.82
2026-07-16 05:53,82.6,63.83
2026-07-16 05:54,82.6,63.81
2026-07-16 05:55,82.6,63.87
2026-07-16 05:56,82.6,63.83
2026-07-16 05:57,82.6,63.82
2026-07-16 05:58,82.6,63.82
2026-07-16 05:59,82.6,63.81
2026-07-16 06:00,82.6,63.83
2026-07-16 06:01,82.6,63.83
2026-07-16 06:02,82.6,63.81
2026-07-16 06:03,82.6,63.83
2026-07-16 06:04,82.6,63.88
2026-07-16 06:05,82.6,63.95
2026-07-16 06:06,82.6,63.91
2026-07-16 06:07,82.6,63.87
2026-07-16 06:08,82.6,63.89
2026-07-16 06:09,82.6,63.84
2026-07-16 06:10,82.6,63.83
2026-07-16 06:11,82.6,63.79
2026-07-16 06:12,82.5,63.78
2026-07-16 06:13,82.5,63.78
2026-07-16 06:14,82.5,63.8
2026-07-16 06:15,82.5,63.85
2026-07-16 06:16,82.5,63.84
2026-07-16 06:17,82.5,63.86
2026-07-16 06:18,82.5,63.87
2026-07-16 06:19,82.5,63.87
2026-07-16 06:20,82.5,63.85
2026-07-16 06:21,82.5,63.87
2026-07-16 06:22,82.5,63.89
2026-07-16 06:23,82.5,63.81
2026-07-16 06:24,82.5,63.94
2026-07-16 06:25,82.5,64.05
2026-07-16 06:26,82.5,63.99
2026-07-16 06:27,82.5,63.91
2026-07-16 06:28,82.5,63.9
2026-07-16 06:29,82.5,63.96
2026-07-16 06:30,82.5,64.01
2026-07-16 06:31,82.5,63.95
2026-07-16 06:32,82.5,64.09
2026-07-16 06:33,82.4,63.95
2026-07-16 06:34,82.4,64.01
2026-07-16 06:35,82.4,64.07
2026-07-16 06:36,82.4,64.01
2026-07-16 06:37,82.4,64.0
2026-07-16 06:38,82.4,64.05
2026-07-16 06:39,82.4,64.05
2026-07-16 06:40,82.4,63.99
2026-07-16 06:41,82.4,64.1
2026-07-16 06:42,82.4,64.08
2026-07-16 06:43,82.4,64.08
2026-07-16 06:44,82.4,64.08
2026-07-16 06:45,82.4,64.02
2026-07-16 06:46,82.4,64.02
2026-07-16 06:47,82.4,64.09
2026-07-16 06:48,82.4,64.04
2026-07-16 06:49,82.4,63.99
2026-07-16 06:50,82.4,64.01
2026-07-16 06:51,82.4,64.28
2026-07-16 06:52,82.3,64.25
2026-07-16 06:53,82.3,64.16
2026-07-16 06:54,82.3,64.1
2026-07-16 06:55,82.3,64.05
2026-07-16 06:56,82.3,64.08
2026-07-16 06:57,82.3,64.14
2026-07-16 06:58,82.3,64.08
2026-07-16 06:59,82.3,63.99
2026-07-16 07:00,82.3,64.02
2026-07-16 07:01,82.3,64.01
2026-07-16 07:02,82.3,63.99
2026-07-16 07:03,82.3,64.01
2026-07-16 07:04,82.3,63.95
2026-07-16 07:05,82.3,64.03
2026-07-16 07:06,82.3,64.04
2026-07-16 07:07,82.3,64.04
2026-07-16 07:08,82.3,64.04
2026-07-16 07:09,82.3,64.05
2026-07-16 07:10,82.3,64.09
2026-07-16 07:11,82.3,64.16
2026-07-16 07:12,82.3,64.2
2026-07-16 07:13,82.3,64.16
2026-07-16 07:14,82.3,64.12
2026-07-16 07:15,82.3,64.12
2026-07-16 07:16,82.3,64.18
2026-07-16 07:17,82.3,64.22
2026-07-16 07:18,82.3,64.25
2026-07-16 07:19,82.3,64.17
2026-07-16 07:20,82.3,64.18
2026-07-16 07:21,82.3,64.11
2026-07-16 07:22,82.3,64.04
2026-07-16 07:23,82.3,63.98
2026-07-16 07:24,82.3,63.96
2026-07-16 07:25,82.3,63.92
2026-07-16 07:26,82.3,63.96
2026-07-16 07:27,82.3,63.96
2026-07-16 07:28,82.3,64.03
2026-07-16 07:29,82.3,64.01
2026-07-16 07:30,82.3,64.89
2026-07-16 07:31,82.3,64.89
2026-07-16 07:32,82.2,66.6
2026-07-16 07:33,82.2,65.95
2026-07-16 07:34,82.2,64.75
2026-07-16 07:35,82.2,64.66
2026-07-16 07:36,82.2,64.64
2026-07-16 07:37,82.3,64.58
2026-07-16 07:38,82.3,64.51
2026-07-16 07:39,82.3,64.48
2026-07-16 07:40,82.3,64.64
2026-07-16 07:41,82.3,64.43
2026-07-16 07:42,82.3,64.36
2026-07-16 07:43,82.3,64.33
2026-07-16 07:44,82.3,64.31
2026-07-16 07:45,82.3,64.28
2026-07-16 07:46,82.3,64.45
2026-07-16 07:47,82.3,64.4
2026-07-16 07:48,82.4,64.3
2026-07-16 07:49,82.4,64.27
2026-07-16 07:50,82.4,64.43
2026-07-16 07:51,82.4,64.33
2026-07-16 07:52,82.4,64.23
2026-07-16 07:53,82.4,64.22
2026-07-16 07:54,82.4,64.26
2026-07-16 07:55,82.4,64.21
2026-07-16 07:56,82.4,64.28
2026-07-16 07:57,82.5,64.28
2026-07-16 07:58,82.5,64.19
2026-07-16 07:59,82.5,64.35
2026-07-16 08:00,82.5,64.25
2026-07-16 08:01,82.5,64.24
2026-07-16 08:02,82.6,64.29
2026-07-16 08:03,82.6,64.37
2026-07-16 08:04,82.6,64.28
2026-07-16 08:05,82.6,64.39
2026-07-16 08:06,82.6,64.36
2026-07-16 08:07,82.6,64.27
2026-07-16 08:08,82.7,64.23
2026-07-16 08:09,82.7,64.4
2026-07-16 08:10,82.7,64.37
2026-07-16 08:11,82.7,64.49
2026-07-16 08:12,82.7,64.99
2026-07-16 08:13,82.8,65.0
2026-07-16 08:14,82.8,64.61
2026-07-16 08:15,82.8,64.85
2026-07-16 08:16,82.8,65.73
2026-07-16 08:17,82.9,65.74
2026-07-16 08:18,82.9,66.0
2026-07-16 08:19,82.9,65.61
2026-07-16 08:20,83.0,64.93
2026-07-16 08:21,83.0,64.85
2026-07-16 08:22,83.0,65.0
2026-07-16 08:23,83.1,64.93
2026-07-16 08:24,83.1,64.9
2026-07-16 08:25,83.1,64.97
2026-07-16 08:26,83.2,64.97
2026-07-16 08:27,83.2,65.01
2026-07-16 08:28,83.2,64.88
2026-07-16 08:29,83.3,64.81
2026-07-16 08:30,83.3,64.84
2026-07-16 08:31,83.4,64.89
2026-07-16 08:32,83.4,64.89
2026-07-16 08:33,83.4,64.97
2026-07-16 08:34,83.5,64.83
2026-07-16 08:35,83.5,64.88
2026-07-16 08:36,83.6,64.82
2026-07-16 08:37,83.6,64.98
2026-07-16 08:38,83.7,65.0
2026-07-16 08:39,83.7,64.89
2026-07-16 08:40,83.8,64.77
2026-07-16 08:41,83.8,64.99
2026-07-16 08:42,83.9,64.96
2026-07-16 08:43,83.9,65.04
2026-07-16 08:44,84.0,65.5
2026-07-16 08:45,84.0,65.03
2026-07-16 08:46,84.1,64.93
2026-07-16 08:47,84.1,64.9
2026-07-16 08:48,84.2,65.06
2026-07-16 08:49,84.2,65.31
2026-07-16 08:50,84.3,65.19
2026-07-16 08:51,84.4,65.07
2026-07-16 08:52,84.4,64.82
2026-07-16 08:53,84.5,65.3
2026-07-16 08:54,84.5,65.1
2026-07-16 08:55,84.6,64.97
2026-07-16 08:56,84.6,64.93
2026-07-16 08:57,84.7,65.02
2026-07-16 08:58,84.8,64.95
2026-07-16 08:59,84.8,64.87
2026-07-16 09:00,84.9,64.98
2026-07-16 09:01,84.9,64.97
2026-07-16 09:02,85.0,64.93
2026-07-16 09:03,85.1,64.78
2026-07-16 09:04,85.1,64.99
2026-07-16 09:05,85.2,64.88
2026-07-16 09:06,85.3,64.9
2026-07-16 09:07,85.3,64.91
2026-07-16 09:08,85.4,65.03
2026-07-16 09:09,85.4,65.13
2026-07-16 09:10,85.5,65.15
2026-07-16 09:11,85.6,65.35
2026-07-16 09:12,85.6,65.09
2026-07-16 09:13,85.7,65.27
2026-07-16 09:14,85.8,65.09
2026-07-16 09:15,85.8,65.21
2026-07-16 09:16,85.9,65.26
2026-07-16 09:17,86.0,65.22
2026-07-16 09:18,86.0,65.37
2026-07-16 09:19,86.1,65.25
2026-07-16 09:20,86.2,65.23
2026-07-16 09:21,86.2,65.09
2026-07-16 09:22,86.3,65.23
2026-07-16 09:23,86.4,64.99
2026-07-16 09:24,86.4,64.93
2026-07-16 09:25,86.5,64.99
2026-07-16 09:26,86.6,65.01
2026-07-16 09:27,86.6,64.96
2026-07-16 09:28,86.7,65.19
2026-07-16 09:29,86.8,65.09
2026-07-16 09:30,86.8,65.04
2026-07-16 09:31,86.9,65.09
2026-07-16 09:32,87.0,64.99
2026-07-16 09:33,87.0,65.0
2026-07-16 09:34,87.1,65.01
2026-07-16 09:35,87.2,64.87
2026-07-16 09:36,87.2,64.84
2026-07-16 09:37,87.3,64.81
2026-07-16 09:38,87.4,64.98
2026-07-16 09:39,87.4,64.93
2026-07-16 09:40,87.5,64.86
2026-07-16 09:41,87.6,65.86
2026-07-16 09:42,87.7,66.2
2026-07-16 09:43,87.8,66.04
2026-07-16 09:44,87.9,65.98
2026-07-16 09:45,87.9,66.1
2026-07-16 09:46,88.0,65.85
2026-07-16 09:47,88.0,65.73
2026-07-16 09:48,88.1,65.79
2026-07-16 09:49,88.1,65.87
2026-07-16 09:50,88.2,66.16
2026-07-16 09:51,88.2,66.27
2026-07-16 09:52,88.3,66.19
2026-07-16 09:53,88.4,66.24
2026-07-16 09:54,88.4,66.26
2026-07-16 09:55,88.5,65.97
2026-07-16 09:56,88.5,65.54
2026-07-16 09:57,88.6,65.09
2026-07-16 09:58,88.6,64.78
2026-07-16 09:59,88.6,64.79
2026-07-16 10:00,88.6,64.64
2026-07-16 10:01,88.6,64.83
2026-07-16 10:02,88.7,65.02
2026-07-16 10:03,88.7,65.11
2026-07-16 10:04,88.7,65.12
2026-07-16 10:05,88.7,64.99
2026-07-16 10:06,88.8,64.77
2026-07-16 10:07,88.8,64.66
2026-07-16 10:08,88.8,64.71
2026-07-16 10:09,88.8,64.56
2026-07-16 10:10,88.8,64.5
2026-07-16 10:11,88.8,64.59
2026-07-16 10:12,88.9,64.66
2026-07-16 10:13,88.9,64.71
2026-07-16 10:14,88.9,64.65
2026-07-16 10:15,88.9,64.5
2026-07-16 10:16,88.9,64.46
2026-07-16 10:17,88.9,64.54
2026-07-16 10:18,88.9,64.56
2026-07-16 10:19,88.9,64.47
2026-07-16 10:20,88.9,64.58
2026-07-16 10:21,88.9,64.66
2026-07-16 10:22,88.9,64.61
2026-07-16 10:23,88.9,64.65
2026-07-16 10:24,89.0,64.72
2026-07-16 10:25,89.0,64.64
2026-07-16 10:26,89.0,64.64
2026-07-16 10:27,89.0,64.68
2026-07-16 10:28,89.0,64.82
2026-07-16 10:29,89.0,64.81
2026-07-16 10:30,89.1,64.75
2026-07-16 10:31,89.1,64.61
2026-07-16 10:32,89.1,64.52
2026-07-16 10:33,89.1,64.55
2026-07-16 10:34,89.2,64.65
2026-07-16 10:35,89.2,64.45
2026-07-16 10:36,89.2,64.45
2026-07-16 10:37,89.2,64.43
2026-07-16 10:38,89.3,64.29
2026-07-16 10:39,89.3,64.37
2026-07-16 10:40,89.3,64.56
2026-07-16 10:41,89.3,64.54
2026-07-16 10:42,89.4,64.58
2026-07-16 10:43,89.4,64.64
2026-07-16 10:44,89.4,64.46
2026-07-16 10:45,89.4,64.39
2026-07-16 10:46,89.4,64.34
2026-07-16 10:47,89.4,64.43
2026-07-16 10:48,89.4,64.35
2026-07-16 10:49,89.4,64.22
2026-07-16 10:50,89.5,64.24
2026-07-16 10:51,89.5,64.3
2026-07-16 10:52,89.5,64.27
2026-07-16 10:53,89.5,64.32
2026-07-16 10:54,89.5,64.45
2026-07-16 10:55,89.6,64.43
2026-07-16 10:56,89.6,64.23
2026-07-16 10:57,89.7,64.25
2026-07-16 10:58,89.8,64.24
2026-07-16 10:59,89.8,64.25
2026-07-16 11:00,89.9,64.32
2026-07-16 11:01,89.9,64.22
2026-07-16 11:02,90.0,64.01
2026-07-16 11:03,90.0,63.75
2026-07-16 11:04,90.0,63.8
2026-07-16 11:05,90.0,63.81
2026-07-16 11:06,90.1,63.69
2026-07-16 11:07,90.1,63.79
2026-07-16 11:08,90.2,63.75
2026-07-16 11:09,90.3,63.42
2026-07-16 11:10,90.3,63.3
2026-07-16 11:11,90.3,63.26
2026-07-16 11:12,90.4,63.48
2026-07-16 11:13,90.4,63.37
2026-07-16 11:14,90.5,63.22
2026-07-16 11:15,90.5,63.16
2026-07-16 11:16,90.6,63.14
2026-07-16 11:17,90.6,63.04
2026-07-16 11:18,90.7,62.98
2026-07-16 11:19,90.7,62.99
2026-07-16 11:20,90.8,63.05
2026-07-16 11:21,90.8,63.05
2026-07-16 11:22,90.9,62.88
2026-07-16 11:23,90.9,62.65
2026-07-16 11:24,91.0,62.74
2026-07-16 11:25,91.0,62.78
2026-07-16 11:26,91.1,62.84
2026-07-16 11:27,91.1,62.75
2026-07-16 11:28,91.2,62.47
2026-07-16 11:29,91.2,62.44
2026-07-16 11:30,91.2,62.45
2026-07-16 11:31,91.3,62.38
2026-07-16 11:32,91.3,62.34
2026-07-16 11:33,91.4,62.22
2026-07-16 11:34,91.4,62.11
2026-07-16 11:35,91.4,62.21
2026-07-16 11:36,91.5,62.07
2026-07-16 11:37,91.5,61.93
2026-07-16 11:38,91.6,61.86
2026-07-16 11:39,91.6,61.94
2026-07-16 11:40,91.6,62.03
2026-07-16 11:41,91.7,62.07
2026-07-16 11:42,91.7,62.21
2026-07-16 11:43,91.7,62.15
2026-07-16 11:44,91.8,62.21
2026-07-16 11:45,91.8,62.03
2026-07-16 11:46,91.9,61.71
2026-07-16 11:47,91.9,61.61
2026-07-16 11:48,91.9,61.58
2026-07-16 11:49,91.9,61.15
2026-07-16 11:50,91.9,61.0
2026-07-16 11:51,91.9,61.0
2026-07-16 11:52,92.0,61.24
2026-07-16 11:53,92.0,61.26
2026-07-16 11:54,92.1,61.2
2026-07-16 11:55,92.1,61.27
2026-07-16 11:56,92.2,61.31
2026-07-16 11:57,92.2,61.08
2026-07-16 11:58,92.3,60.97
2026-07-16 11:59,92.3,60.97
2026-07-16 12:00,92.4,61.17
2026-07-16 12:01,92.4,61.27
2026-07-16 12:02,92.5,61.11
2026-07-16 12:03,92.5,61.02
2026-07-16 12:04,92.6,61.17
2026-07-16 12:05,92.6,61.27
2026-07-16 12:06,92.6,61.18
2026-07-16 12:07,92.7,61.13
2026-07-16 12:08,92.7,61.32
2026-07-16 12:09,92.8,61.45
2026-07-16 12:10,92.9,61.25
2026-07-16 12:11,92.9,61.19
2026-07-16 12:12,92.9,61.17
2026-07-16 12:13,93.0,61.15
2026-07-16 12:14,93.0,61.08
2026-07-16 12:15,93.1,61.08
2026-07-16 12:16,93.1,61.15
2026-07-16 12:17,93.1,61.02
2026-07-16 12:18,93.1,61.01
2026-07-16 12:19,93.1,61.07
2026-07-16 12:20,93.1,61.17
2026-07-16 12:21,93.2,61.25
2026-07-16 12:22,93.2,61.02
2026-07-16 12:23,93.2,60.98
2026-07-16 12:24,93.2,60.85
2026-07-16 12:25,93.3,60.69
2026-07-16 12:26,93.3,60.69
2026-07-16 12:27,93.3,60.63
2026-07-16 12:28,93.4,60.71
2026-07-16 12:29,93.4,60.55
2026-07-16 12:30,93.5,60.47
2026-07-16 12:31,93.5,60.41
2026-07-16 12:32,93.5,60.5
2026-07-16 12:33,93.6,60.16
2026-07-16 12:34,93.6,60.07
2026-07-16 12:35,93.6,60.07
2026-07-16 12:36,93.7,59.89
2026-07-16 12:37,93.7,59.87
2026-07-16 12:38,93.8,59.86
2026-07-16 12:39,93.8,59.93
2026-07-16 12:40,93.9,59.84
2026-07-16 12:41,93.9,59.84
2026-07-16 12:42,93.9,59.65
2026-07-16 12:43,94.0,59.4
2026-07-16 12:44,94.0,59.24
2026-07-16 12:45,94.1,59.26
2026-07-16 12:46,94.1,59.03
2026-07-16 12:47,94.1,59.2
2026-07-16 12:48,94.1,59.07
2026-07-16 12:49,94.1,58.81
2026-07-16 12:50,94.1,58.73
2026-07-16 12:51,94.1,58.6
2026-07-16 12:52,94.1,58.61
2026-07-16 12:53,94.1,58.8
2026-07-16 12:54,94.1,58.97
2026-07-16 12:55,94.1,58.85
2026-07-16 12:56,94.1,58.88
2026-07-16 12:57,94.1,58.97
2026-07-16 12:58,94.1,59.08
2026-07-16 12:59,94.1,59.06
2026-07-16 13:00,94.1,58.81
2026-07-16 13:01,94.0,58.84
2026-07-16 13:02,94.0,59.06
2026-07-16 13:03,94.0,59.24
2026-07-16 13:04,94.1,59.08
2026-07-16 13:05,94.1,59.07
2026-07-16 13:06,94.1,59.25
2026-07-16 13:07,94.2,59.26
2026-07-16 13:08,94.3,58.91
2026-07-16 13:09,94.3,58.84
2026-07-16 13:10,94.3,58.56
2026-07-16 13:11,94.3,58.62
2026-07-16 13:12,94.3,58.61
2026-07-16 13:13,94.4,58.68
2026-07-16 13:14,94.4,58.32
2026-07-16 13:15,94.4,58.17
2026-07-16 13:16,94.4,58.16
2026-07-16 13:17,94.5,58.1
2026-07-16 13:18,94.5,58.05
2026-07-16 13:19,94.5,58.19
2026-07-16 13:20,94.5,58.38
2026-07-16 13:21,94.6,58.28
2026-07-16 13:22,94.6,58.16
2026-07-16 13:23,94.7,58.11
2026-07-16 13:24,94.7,58.15
2026-07-16 13:25,94.8,58.0
2026-07-16 13:26,94.8,57.89
2026-07-16 13:27,94.8,57.79
2026-07-16 13:28,94.8,57.82
2026-07-16 13:29,94.8,57.99
2026-07-16 13:30,94.9,58.11
2026-07-16 13:31,94.9,58.2
2026-07-16 13:32,95.0,58.03
2026-07-16 13:33,95.0,58.1
2026-07-16 13:34,95.1,57.91
2026-07-16 13:35,95.2,56.59
2026-07-16 13:36,95.2,56.88
2026-07-16 13:37,95.3,56.46
2026-07-16 13:38,95.4,56.51
2026-07-16 13:39,95.4,56.99
2026-07-16 13:40,95.5,57.39
2026-07-16 13:41,95.5,57.67
2026-07-16 13:42,95.5,57.65
2026-07-16 13:43,95.5,57.35
2026-07-16 13:44,95.5,57.43
2026-07-16 13:45,95.5,57.55
2026-07-16 13:46,95.6,57.58
2026-07-16 13:47,95.6,57.55
2026-07-16 13:48,95.6,57.53
2026-07-16 13:49,95.6,57.44
2026-07-16 13:50,95.7,56.62
2026-07-16 13:51,95.7,55.81
2026-07-16 13:52,95.7,55.24
2026-07-16 13:53,95.8,55.32
2026-07-16 13:54,95.8,55.63
2026-07-16 13:55,95.8,56.06
2026-07-16 13:56,95.8,56.33
2026-07-16 13:57,95.9,56.41
2026-07-16 13:58,95.9,56.53
2026-07-16 13:59,95.9,56.61
2026-07-16 14:00,96.0,55.84
2026-07-16 14:01,96.0,54.3
2026-07-16 14:02,96.1,54.27
2026-07-16 14:03,96.1,53.84
2026-07-16 14:04,96.2,53.93
2026-07-16 14:05,96.3,53.71
2026-07-16 14:06,96.3,53.53
2026-07-16 14:07,96.4,53.45
2026-07-16 14:08,96.4,53.5
2026-07-16 14:09,96.4,53.64
2026-07-16 14:10,96.4,53.23
2026-07-16 14:11,96.5,53.13
2026-07-16 14:12,96.5,53.38
2026-07-16 14:13,96.5,53.67
2026-07-16 14:14,96.5,53.54
2026-07-16 14:15,96.5,52.88
2026-07-16 14:16,96.6,52.73
2026-07-16 14:17,96.6,52.89
2026-07-16 14:18,96.7,52.56
2026-07-16 14:19,96.7,52.79
2026-07-16 14:20,96.8,52.9
2026-07-16 14:21,96.8,52.97
2026-07-16 14:22,96.8,52.86
2026-07-16 14:23,96.8,53.11
2026-07-16 14:24,96.8,52.97
2026-07-16 14:25,96.8,52.93
2026-07-16 14:26,96.8,52.96
2026-07-16 14:27,96.8,52.79
2026-07-16 14:28,96.8,52.71
2026-07-16 14:29,96.8,52.67
2026-07-16 14:30,96.8,52.93
2026-07-16 14:31,96.9,53.04
2026-07-16 14:32,97.0,52.98
2026-07-16 14:33,97.0,52.97
2026-07-16 14:34,97.0,53.0
2026-07-16 14:35,97.0,52.97
2026-07-16 14:36,97.0,52.31
2026-07-16 14:37,97.1,52.14
2026-07-16 14:38,97.1,52.38
2026-07-16 14:39,97.1,52.54
2026-07-16 14:40,97.1,52.7
2026-07-16 14:41,97.1,52.75
2026-07-16 14:42,97.2,52.62
2026-07-16 14:43,97.2,52.39
2026-07-16 14:44,97.2,52.51
2026-07-16 14:45,97.3,52.64
2026-07-16 14:46,97.3,52.64
2026-07-16 14:47,97.3,52.79
2026-07-16 14:48,97.3,52.7
2026-07-16 14:49,97.3,52.39
2026-07-16 14:50,97.2,52.42
2026-07-16 14:51,97.2,52.5
2026-07-16 14:52,97.1,52.49
2026-07-16 14:53,97.1,52.57
2026-07-16 14:54,97.1,52.53
2026-07-16 14:55,97.1,52.54
2026-07-16 14:56,97.1,52.35
2026-07-16 14:57,97.1,52.41
2026-07-16 14:58,97.0,52.6
2026-07-16 14:59,97.0,52.72
2026-07-16 15:00,97.0,52.74
2026-07-16 15:01,97.1,52.69
2026-07-16 15:02,97.1,52.81
2026-07-16 15:03,97.1,52.81
2026-07-16 15:04,97.2,52.66
2026-07-16 15:05,97.1,52.43
2026-07-16 15:06,97.1,52.49
2026-07-16 15:07,97.1,52.57
2026-07-16 15:08,97.1,52.7
2026-07-16 15:09,97.1,52.54
2026-07-16 15:10,97.1,52.48
2026-07-16 15:11,97.1,52.25
2026-07-16 15:12,97.0,52.18
2026-07-16 15:13,97.0,52.19
2026-07-16 15:14,97.0,52.38
2026-07-16 15:15,97.0,52.59
2026-07-16 15:16,97.0,52.59
2026-07-16 15:17,96.9,52.57
2026-07-16 15:18,96.9,52.41
2026-07-16 15:19,96.9,52.28
2026-07-16 15:20,96.8,52.21
2026-07-16 15:21,96.8,52.26
2026-07-16 15:22,96.7,52.47
2026-07-16 15:23,96.7,52.69
2026-07-16 15:24,96.7,52.73
2026-07-16 15:25,96.6,52.81
2026-07-16 15:26,96.6,52.7
2026-07-16 15:27,96.6,52.72
2026-07-16 15:28,96.6,52.43
2026-07-16 15:29,96.6,52.36
2026-07-16 15:30,96.6,52.22
2026-07-16 15:31,96.6,52.29
2026-07-16 15:32,96.6,52.44
2026-07-16 15:33,96.6,52.28
2026-07-16 15:34,96.5,52.43
2026-07-16 15:35,96.5,51.97
2026-07-16 15:36,96.4,51.86
2026-07-16 15:37,96.4,52.2
2026-07-16 15:38,96.4,52.5
2026-07-16 15:39,96.4,52.81
2026-07-16 15:40,96.4,52.98
2026-07-16 15:41,96.5,52.84
2026-07-16 15:42,96.5,52.68
2026-07-16 15:43,96.5,52.46
2026-07-16 15:44,96.4,52.16
2026-07-16 15:45,96.4,52.06
2026-07-16 15:46,96.3,52.03
2026-07-16 15:47,96.2,52.14
2026-07-16 15:48,96.2,52.26
2026-07-16 15:49,96.2,52.5
2026-07-16 15:50,96.1,52.7
2026-07-16 15:51,96.1,52.69
2026-07-16 15:52,96.1,52.67
2026-07-16 15:53,96.1,52.54
2026-07-16 15:54,96.1,52.27
2026-07-16 15:55,96.0,52.29
2026-07-16 15:56,96.0,52.41
2026-07-16 15:57,96.0,52.42
2026-07-16 15:58,95.9,52.56
2026-07-16 15:59,95.9,52.73
2026-07-16 16:00,95.9,52.91
2026-07-16 16:01,95.9,53.04
2026-07-16 16:02,95.9,52.92
2026-07-16 16:03,95.8,53.11
2026-07-16 16:04,95.8,53.15
2026-07-16 16:05,95.7,53.14
2026-07-16 16:06,95.7,53.13
2026-07-16 16:07,95.6,52.96
2026-07-16 16:08,95.5,52.88
2026-07-16 16:09,95.5,53.0
2026-07-16 16:10,95.4,53.17
2026-07-16 16:11,95.4,53.26
2026-07-16 16:12,95.4,53.45
2026-07-16 16:13,95.3,53.56
2026-07-16 16:14,95.3,53.49
2026-07-16 16:15,95.3,53.2
2026-07-16 16:16,95.3,53.25
2026-07-16 16:17,95.3,53.34
2026-07-16 16:18,95.2,53.43
2026-07-16 16:19,95.2,53.56
2026-07-16 16:20,95.2,53.58
2026-07-16 16:21,95.2,53.33
2026-07-16 16:22,95.3,53.43
2026-07-16 16:23,95.3,53.52
2026-07-16 16:24,95.3,53.53
2026-07-16 16:25,95.4,53.6
2026-07-16 16:26,95.4,53.63
2026-07-16 16:27,95.4,53.84
2026-07-16 16:28,95.5,53.76
2026-07-16 16:29,95.5,53.7
2026-07-16 16:30,95.5,53.67
2026-07-16 16:31,95.6,53.91
2026-07-16 16:32,95.6,54.27
2026-07-16 16:33,95.7,54.61
2026-07-16 16:34,95.7,54.94
2026-07-16 16:35,95.8,55.18
2026-07-16 16:36,95.8,55.36
2026-07-16 16:37,95.8,55.3
2026-07-16 16:38,95.8,54.93
2026-07-16 16:39,95.8,54.87
2026-07-16 16:40,95.8,54.87
2026-07-16 16:41,95.8,54.89
2026-07-16 16:42,95.9,54.86
2026-07-16 16:43,95.9,54.86
2026-07-16 16:44,95.9,54.92
2026-07-16 16:45,95.9,54.97
2026-07-16 16:46,95.9,55.16
2026-07-16 16:47,96.0,55.36
2026-07-16 16:48,96.0,55.47
2026-07-16 16:49,96.0,55.48
2026-07-16 16:50,96.1,55.53
2026-07-16 16:51,96.1,55.56
2026-07-16 16:52,96.1,55.49
2026-07-16 16:53,96.0,55.65
2026-07-16 16:54,96.0,55.62
2026-07-16 16:55,96.0,55.06
2026-07-16 16:56,95.9,54.61
2026-07-16 16:57,95.9,54.51
2026-07-16 16:58,96.0,54.09
2026-07-16 16:59,96.0,53.72
2026-07-16 17:00,95.9,53.84
2026-07-16 17:01,95.9,54.2
2026-07-16 17:02,95.9,54.55
2026-07-16 17:03,95.9,54.73
2026-07-16 17:04,95.9,54.66
2026-07-16 17:05,96.0,54.74
2026-07-16 17:06,96.0,54.93
2026-07-16 17:07,96.0,55.01
2026-07-16 17:08,96.0,54.99
2026-07-16 17:09,96.1,55.05
2026-07-16 17:10,96.1,55.26
2026-07-16 17:11,96.1,55.4
2026-07-16 17:12,96.2,55.56
2026-07-16 17:13,96.2,55.51
2026-07-16 17:14,96.3,55.56
2026-07-16 17:15,96.3,55.62
2026-07-16 17:16,96.3,55.62
2026-07-16 17:17,96.2,55.43
2026-07-16 17:18,96.2,55.53
2026-07-16 17:19,96.1,55.62
2026-07-16 17:20,96.1,55.3
2026-07-16 17:21,96.0,54.84
2026-07-16 17:22,96.0,54.31
2026-07-16 17:23,96.0,54.17
2026-07-16 17:24,96.0,54.38
2026-07-16 17:25,96.0,54.87
2026-07-16 17:26,96.0,55.17
2026-07-16 17:27,96.0,55.35
2026-07-16 17:28,96.0,55.51
2026-07-16 17:29,96.0,55.71
2026-07-16 17:30,96.0,55.8
2026-07-16 17:31,96.0,55.88
2026-07-16 17:32,95.9,55.88
2026-07-16 17:33,95.9,56.07
2026-07-16 17:34,95.9,56.23
2026-07-16 17:35,95.8,56.4
2026-07-16 17:36,95.8,56.15
2026-07-16 17:37,95.8,55.98
2026-07-16 17:38,95.8,56.01
2026-07-16 17:39,95.8,56.04
2026-07-16 17:40,95.8,56.25
2026-07-16 17:41,95.8,56.44
2026-07-16 17:42,95.8,56.77
2026-07-16 17:43,95.7,56.87
2026-07-16 17:44,95.7,56.81
2026-07-16 17:45,95.7,56.55
2026-07-16 17:46,95.7,56.36
2026-07-16 17:47,95.7,56.24
2026-07-16 17:48,95.7,56.09
2026-07-16 17:49,95.6,55.95
2026-07-16 17:50,95.6,55.82
2026-07-16 17:51,95.6,55.82
2026-07-16 17:52,95.6,55.86
2026-07-16 17:53,95.6,55.86
2026-07-16 17:54,95.6,55.64
2026-07-16 17:55,95.6,55.62
2026-07-16 17:56,95.5,55.51
2026-07-16 17:57,95.5,55.39
2026-07-16 17:58,95.4,55.43
2026-07-16 17:59,95.4,55.36
2026-07-16 18:00,95.4,55.24
2026-07-16 18:01,95.3,55.23
2026-07-16 18:02,95.3,55.28
2026-07-16 18:03,95.3,55.32
2026-07-16 18:04,95.2,55.24
2026-07-16 18:05,95.2,54.99
2026-07-16 18:06,95.1,55.01
2026-07-16 18:07,95.0,55.0
2026-07-16 18:08,95.0,54.85
2026-07-16 18:09,94.9,54.65
2026-07-16 18:10,94.9,54.78
2026-07-16 18:11,94.8,54.98
2026-07-16 18:12,94.8,55.06
2026-07-16 18:13,94.7,55.27
2026-07-16 18:14,94.6,55.34
2026-07-16 18:15,94.6,55.45
2026-07-16 18:16,94.6,55.61
2026-07-16 18:17,94.6,55.75
2026-07-16 18:18,94.5,55.5
2026-07-16 18:19,94.5,55.16
2026-07-16 18:20,94.5,54.81
2026-07-16 18:21,94.4,54.69
2026-07-16 18:22,94.4,54.57
2026-07-16 18:23,94.3,54.64
2026-07-16 18:24,94.3,54.7
2026-07-16 18:25,94.3,54.67
2026-07-16 18:26,94.2,54.74
2026-07-16 18:27,94.2,54.69
2026-07-16 18:28,94.2,54.65
2026-07-16 18:29,94.1,54.8
2026-07-16 18:30,94.1,54.87
2026-07-16 18:31,94.1,55.05
2026-07-16 18:32,94.0,55.16
2026-07-16 18:33,94.0,55.3
2026-07-16 18:34,93.9,55.49
2026-07-16 18:35,93.9,55.62
2026-07-16 18:36,93.8,55.7
2026-07-16 18:37,93.7,55.86
2026-07-16 18:38,93.7,55.96
2026-07-16 18:39,93.7,56.02
2026-07-16 18:40,93.6,56.01
2026-07-16 18:41,93.5,56.12
2026-07-16 18:42,93.5,56.11
2026-07-16 18:43,93.4,56.14
2026-07-16 18:44,93.4,56.19
2026-07-16 18:45,93.3,56.22
2026-07-16 18:46,93.2,56.26
2026-07-16 18:47,93.1,56.39
2026-07-16 18:48,93.0,56.51
2026-07-16 18:49,93.0,56.61
2026-07-16 18:50,92.9,56.87
2026-07-16 18:51,92.9,56.91
2026-07-16 18:52,92.9,56.8
2026-07-16 18:53,92.8,56.77
2026-07-16 18:54,92.8,56.87
2026-07-16 18:55,92.7,57.0
2026-07-16 18:56,92.7,57.12
2026-07-16 18:57,92.7,57.24
2026-07-16 18:58,92.6,57.42
2026-07-16 18:59,92.6,57.41
2026-07-16 19:00,92.5,57.48
2026-07-16 19:01,92.5,57.63
2026-07-16 19:02,92.4,57.74
2026-07-16 19:03,92.4,57.83
2026-07-16 19:04,92.4,57.94
2026-07-16 19:05,92.4,57.89
2026-07-16 19:06,92.4,57.85
2026-07-16 19:07,92.5,57.77
2026-07-16 19:08,92.5,57.73
2026-07-16 19:09,92.4,57.6
2026-07-16 19:10,92.4,57.66
2026-07-16 19:11,92.3,57.71
2026-07-16 19:12,92.3,57.78
2026-07-16 19:13,92.2,57.74
2026-07-16 19:14,92.2,57.71
2026-07-16 19:15,92.1,57.83
2026-07-16 19:16,92.0,57.99
2026-07-16 19:17,92.0,58.06
2026-07-16 19:18,91.9,58.24
2026-07-16 19:19,91.9,58.44
2026-07-16 19:20,91.8,58.62
2026-07-16 19:21,91.8,58.75
2026-07-16 19:22,91.7,58.91
2026-07-16 19:23,91.7,59.0
2026-07-16 19:24,91.7,59.16
2026-07-16 19:25,91.6,59.26
2026-07-16 19:26,91.6,59.34
2026-07-16 19:27,91.6,59.39
2026-07-16 19:28,91.5,59.52
2026-07-16 19:29,91.5,59.59
2026-07-16 19:30,91.5,59.7
2026-07-16 19:31,91.4,59.83
2026-07-16 19:32,91.4,59.94
2026-07-16 19:33,91.3,60.03
2026-07-16 19:34,91.3,60.05
2026-07-16 19:35,91.3,60.11
2026-07-16 19:36,91.3,60.19
2026-07-16 19:37,91.3,60.21
2026-07-16 19:38,91.2,60.31
2026-07-16 19:39,91.2,60.35
2026-07-16 19:40,91.2,60.37
2026-07-16 19:41,91.1,60.31
2026-07-16 19:42,91.1,60.19
2026-07-16 19:43,91.0,60.12
2026-07-16 19:44,90.9,60.09
2026-07-16 19:45,90.9,60.13
2026-07-16 19:46,90.8,60.11
2026-07-16 19:47,90.8,60.12
2026-07-16 19:48,90.7,60.21
2026-07-16 19:49,90.7,60.22
2026-07-16 19:50,90.6,60.26
2026-07-16 19:51,90.6,60.37
2026-07-16 19:52,90.5,60.45
2026-07-16 19:53,90.5,60.46
2026-07-16 19:54,90.5,60.5
2026-07-16 19:55,90.5,60.47
2026-07-16 19:56,90.5,60.46
2026-07-16 19:57,90.5,60.49
2026-07-16 19:58,90.5,60.51
2026-07-16 19:59,90.4,60.59
2026-07-16 20:00,90.3,60.69
2026-07-16 20:01,90.3,60.8
2026-07-16 20:02,90.2,60.89
2026-07-16 20:03,90.2,60.91
2026-07-16 20:04,90.2,60.96
2026-07-16 20:05,90.1,61.0
2026-07-16 20:06,90.1,61.08
2026-07-16 20:07,90.1,61.05
2026-07-16 20:08,90.1,61.04
2026-07-16 20:09,90.1,61.05
2026-07-16 20:10,90.1,61.13
2026-07-16 20:11,90.0,61.18
2026-07-16 20:12,90.0,61.28
2026-07-16 20:13,90.0,61.32
2026-07-16 20:14,90.0,61.37
2026-07-16 20:15,89.9,61.42
2026-07-16 20:16,89.9,61.5
2026-07-16 20:17,89.8,61.64
2026-07-16 20:18,89.8,61.68
2026-07-16 20:19,89.7,61.78
2026-07-16 20:20,89.6,61.83
2026-07-16 20:21,89.6,61.91
2026-07-16 20:22,89.6,61.91
2026-07-16 20:23,89.6,61.86
2026-07-16 20:24,89.6,61.9
2026-07-16 20:25,89.5,61.95
2026-07-16 20:26,89.5,61.94
2026-07-16 20:27,89.5,61.97
2026-07-16 20:28,89.5,61.99
2026-07-16 20:29,89.5,62.08
2026-07-16 20:30,89.4,62.19
2026-07-16 20:31,89.3,62.29
2026-07-16 20:32,89.3,62.29
2026-07-16 20:33,89.2,62.43
2026-07-16 20:34,89.2,62.52
2026-07-16 20:35,89.1,62.57
2026-07-16 20:36,89.1,62.64
2026-07-16 20:37,89.0,62.76
2026-07-16 20:38,89.0,62.84
2026-07-16 20:39,88.9,62.91
2026-07-16 20:40,88.9,62.97
2026-07-16 20:41,88.9,63.0
2026-07-16 20:42,88.8,63.05
2026-07-16 20:43,88.8,63.08
2026-07-16 20:44,88.8,63.13
2026-07-16 20:45,88.7,63.23
2026-07-16 20:46,88.7,63.31
2026-07-16 20:47,88.7,63.33
2026-07-16 20:48,88.6,63.35
2026-07-16 20:49,88.6,63.41
2026-07-16 20:50,88.6,63.39
2026-07-16 20:51,88.6,63.46
2026-07-16 20:52,88.6,63.41
2026-07-16 20:53,88.6,63.48
2026-07-16 20:54,88.6,63.58
2026-07-16 20:55,88.6,63.54
2026-07-16 20:56,88.6,63.58
2026-07-16 20:57,88.6,63.65
2026-07-16 20:58,88.5,63.75
2026-07-16 20:59,88.5,63.78
2026-07-16 21:00,88.5,63.83
2026-07-16 21:01,88.5,63.93
2026-07-16 21:02,88.4,63.92
2026-07-16 21:03,88.4,63.92
2026-07-16 21:04,88.4,64.02
2026-07-16 21:05,88.4,64.05
2026-07-16 21:06,88.4,64.04
2026-07-16 21:07,88.4,64.01
2026-07-16 21:08,88.4,64.08
2026-07-16 21:09,88.4,64.08
2026-07-16 21:10,88.4,64.07
2026-07-16 21:11,88.4,64.17
2026-07-16 21:12,88.3,64.28
2026-07-16 21:13,88.3,64.31
2026-07-16 21:14,88.3,64.32
2026-07-16 21:15,88.2,64.3
2026-07-16 21:16,88.2,64.42
2026-07-16 21:17,88.2,64.46
2026-07-16 21:18,88.2,64.52
2026-07-16 21:19,88.2,64.63
2026-07-16 21:20,88.1,64.75
2026-07-16 21:21,88.1,64.75
2026-07-16 21:22,88.0,64.88
2026-07-16 21:23,88.0,64.88
2026-07-16 21:24,88.0,64.82
2026-07-16 21:25,88.0,64.85
2026-07-16 21:26,88.0,64.87
2026-07-16 21:27,88.0,64.84
2026-07-16 21:28,88.0,64.9
2026-07-16 21:29,87.9,64.89
2026-07-16 21:30,87.9,64.99
2026-07-16 21:31,87.9,65.12
2026-07-16 21:32,87.9,65.07
2026-07-16 21:33,87.8,65.0
2026-07-16 21:34,87.8,65.13
2026-07-16 21:35,87.8,65.1
2026-07-16 21:36,87.8,65.18
2026-07-16 21:37,87.8,65.25
2026-07-16 21:38,87.7,65.06
2026-07-16 21:39,87.7,65.3
2026-07-16 21:40,87.7,65.31
2026-07-16 21:41,87.7,65.45
2026-07-16 21:42,87.6,65.51
2026-07-16 21:43,87.6,65.5
2026-07-16 21:44,87.5,65.61
2026-07-16 21:45,87.5,65.55
2026-07-16 21:46,87.5,65.49
2026-07-16 21:47,87.5,65.73
2026-07-16 21:48,87.4,65.49
2026-07-16 21:49,87.4,65.69
2026-07-16 21:50,87.4,65.46
2026-07-16 21:51,87.4,65.77
2026-07-16 21:52,87.4,65.66
2026-07-16 21:53,87.3,65.85
2026-07-16 21:54,87.3,65.82
2026-07-16 21:55,87.3,65.81
2026-07-16 21:56,87.3,65.81
2026-07-16 21:57,87.2,65.54
2026-07-16 21:58,87.3,65.31
2026-07-16 21:59,87.3,65.73
2026-07-16 22:00,87.3,65.9
2026-07-16 22:01,87.2,66.0
2026-07-16 22:02,87.2,66.04
2026-07-16 22:03,87.2,66.12
2026-07-16 22:04,87.1,66.21
2026-07-16 22:05,87.1,66.31
2026-07-16 22:06,87.0,65.7
2026-07-16 22:07,87.0,66.2
2026-07-16 22:08,87.0,66.1
2026-07-16 22:09,87.0,66.0
2026-07-16 22:10,87.0,66.02
2026-07-16 22:11,87.0,65.95
2026-07-16 22:12,87.0,65.83
2026-07-16 22:13,87.1,65.87
2026-07-16 22:14,87.1,65.8
2026-07-16 22:15,87.1,65.79
2026-07-16 22:16,87.1,65.07
2026-07-16 22:17,87.1,65.77
2026-07-16 22:18,87.0,65.24
2026-07-16 22:19,87.0,65.66
2026-07-16 22:20,87.0,65.48
2026-07-16 22:21,87.0,65.64
2026-07-16 22:22,87.0,66.33
2026-07-16 22:23,87.0,65.1
2026-07-16 22:24,86.9,66.07
2026-07-16 22:25,86.9,65.78
2026-07-16 22:26,86.9,66.11
2026-07-16 22:27,86.9,65.08
2026-07-16 22:28,86.9,66.16
2026-07-16 22:29,86.9,65.73
2026-07-16 22:30,86.8,65.32
2026-07-16 22:31,86.8,65.21
2026-07-16 22:32,86.9,66.48
2026-07-16 22:33,86.8,66.56
2026-07-16 22:34,86.8,66.1
2026-07-16 22:35,86.8,65.05
2026-07-16 22:36,86.8,65.1
2026-07-16 22:37,86.8,65.25
2026-07-16 22:38,86.8,64.93
2026-07-16 22:39,86.8,66.73
2026-07-16 22:40,86.7,66.51
2026-07-16 22:41,86.7,65.96
2026-07-16 22:42,86.6,64.37
2026-07-16 22:43,86.7,64.54
2026-07-16 22:44,86.7,65.49
2026-07-16 22:45,86.7,66.0
2026-07-16 22:46,86.6,64.55
2026-07-16 22:47,86.7,64.05
2026-07-16 22:48,86.7,64.07
2026-07-16 22:49,86.7,64.82
2026-07-16 22:50,86.7,65.45
2026-07-16 22:51,86.7,65.24
2026-07-16 22:52,86.7,65.2
2026-07-16 22:53,86.6,65.65
2026-07-16 22:54,86.6,66.36
2026-07-16 22:55,86.5,65.85
2026-07-16 22:56,86.5,64.4
2026-07-16 22:57,86.5,62.95
2026-07-16 22:58,86.5,63.11
2026-07-16 22:59,86.6,64.61
2026-07-16 23:00,86.6,64.42
2026-07-16 23:01,86.6,65.18
2026-07-16 23:02,86.5,66.2
2026-07-16 23:03,86.5,66.47
2026-07-16 23:04,86.4,66.54
2026-07-16 23:05,86.3,66.42
2026-07-16 23:06,86.3,64.94
2026-07-16 23:07,86.3,65.35
2026-07-16 23:08,86.3,64.75
2026-07-16 23:09,86.3,66.06
2026-07-16 23:10,86.2,66.36
2026-07-16 23:11,86.2,65.33
2026-07-16 23:12,86.2,66.4
2026-07-16 23:13,86.1,66.2
2026-07-16 23:14,86.1,64.69
2026-07-16 23:15,86.1,64.45
2026-07-16 23:16,86.1,65.68
2026-07-16 23:17,86.1,65.95
2026-07-16 23:18,86.1,65.64
2026-07-16 23:19,86.1,66.24
2026-07-16 23:20,86.0,66.26
2026-07-16 23:21,86.0,64.83
2026-07-16 23:22,86.0,63.62
2026-07-16 23:23,86.0,63.42
2026-07-16 23:24,86.1,63.95
2026-07-16 23:25,86.1,65.72
2026-07-16 23:26,86.1,65.63
2026-07-16 23:27,86.0,65.19
2026-07-16 23:28,86.0,65.2
2026-07-16 23:29,86.0,65.88
2026-07-16 23:30,86.0,66.75
2026-07-16 23:31,85.9,65.5
2026-07-16 23:32,85.9,66.2
2026-07-16 23:33,85.9,66.56
2026-07-16 23:34,85.8,66.35
2026-07-16 23:35,85.8,66.47
2026-07-16 23:36,85.8,66.26
2026-07-16 23:37,85.7,65.89
2026-07-16 23:38,85.7,66.57
2026-07-16 23:39,85.7,66.86
2026-07-16 23:40,85.7,65.99
2026-07-16 23:41,85.7,65.43
2026-07-16 23:42,85.7,66.4
2026-07-16 23:43,85.7,65.5
2026-07-16 23:44,85.7,65.68
2026-07-16 23:45,85.7,66.82
2026-07-16 23:46,85.7,67.03
2026-07-16 23:47,85.6,66.42
2026-07-16 23:48,85.6,66.69
2026-07-16 23:49,85.6,66.05
2026-07-16 23:50,85.6,66.88
2026-07-16 23:51,85.5,66.59
2026-07-16 23:52,85.5,67.46
2026-07-16 23:53,85.5,66.45
2026-07-16 23:54,85.5,67.06
2026-07-16 23:55,85.5,68.07
2026-07-16 23:56,85.4,67.1
2026-07-16 23:57,85.4,66.59
2026-07-16 23:58,85.4,66.15
2026-07-16 23:59,85.4,67.26
2026-07-17 00:00,85.4,67.2
2026-07-17 00:01,85.4,67.26
2026-07-17 00:02,85.3,67.47
2026-07-17 00:03,85.3,67.5
2026-07-17 00:04,85.3,68.23
2026-07-17 00:05,85.2,68.31
2026-07-17 00:06,85.2,67.31
2026-07-17 00:07,85.2,67.96
2026-07-17 00:08,85.1,66.87
2026-07-17 00:09,85.1,66.07
2026-07-17 00:10,85.1,65.67
2026-07-17 00:11,85.2,66.4
2026-07-17 00:12,85.2,65.32
2026-07-17 00:13,85.2,65.6
2026-07-17 00:14,85.2,65.51
2026-07-17 00:15,85.2,65.36
2026-07-17 00:16,85.2,65.73
2026-07-17 00:17,85.2,66.85
2026-07-17 00:18,85.2,66.42
2026-07-17 00:19,85.2,66.63
2026-07-17 00:20,85.2,66.49
2026-07-17 00:21,85.1,65.71
2026-07-17 00:22,85.1,67.38
2026-07-17 00:23,85.1,67.17
2026-07-17 00:24,85.1,66.09
2026-07-17 00:25,85.1,66.88
2026-07-17 00:26,85.1,66.62
2026-07-17 00:27,85.0,67.14
2026-07-17 00:28,85.0,67.72
2026-07-17 00:29,85.0,67.03
2026-07-17 00:30,85.0,65.69
2026-07-17 00:31,84.9,66.65
2026-07-17 00:32,84.9,66.43
2026-07-17 00:33,84.9,66.76
2026-07-17 00:34,84.9,67.7
2026-07-17 00:35,84.9,66.83
2026-07-17 00:36,84.9,66.55
2026-07-17 00:37,84.8,66.51
2026-07-17 00:38,84.8,68.17
2026-07-17 00:39,84.8,68.21
2026-07-17 00:40,84.8,68.45
2026-07-17 00:41,84.7,67.41
2026-07-17 00:42,84.7,67.18
2026-07-17 00:43,84.7,66.82
2026-07-17 00:44,84.7,68.47
2026-07-17 00:45,84.7,67.29
2026-07-17 00:46,84.7,67.79
2026-07-17 00:47,84.7,67.27
2026-07-17 00:48,84.7,67.38
2026-07-17 00:49,84.6,68.59
2026-07-17 00:50,84.6,68.9
2026-07-17 00:51,84.6,68.93
2026-07-17 00:52,84.5,68.09
2026-07-17 00:53,84.5,68.17
2026-07-17 00:54,84.5,68.53
2026-07-17 00:55,84.5,68.75
2026-07-17 00:56,84.5,67.96
2026-07-17 00:57,84.5,68.47
2026-07-17 00:58,84.5,68.96
2026-07-17 00:59,84.5,69.27
2026-07-17 01:00,84.4,68.48
2026-07-17 01:01,84.4,67.52
2026-07-17 01:02,84.4,68.93
2026-07-17 01:03,84.4,68.37
2026-07-17 01:04,84.4,66.96
2026-07-17 01:05,84.4,67.76
2026-07-17 01:06,84.4,67.69
2026-07-17 01:07,84.4,68.34
2026-07-17 01:08,84.4,69.28
2026-07-17 01:09,84.4,69.0
2026-07-17 01:10,84.4,67.16
2026-07-17 01:11,84.4,67.71
2026-07-17 01:12,84.4,68.46
2026-07-17 01:13,84.4,67.67
2026-07-17 01:14,84.4,67.16
2026-07-17 01:15,84.4,67.7
2026-07-17 01:16,84.4,66.54
2026-07-17 01:17,84.4,67.32
2026-07-17 01:18,84.4,68.5
2026-07-17 01:19,84.4,68.88
2026-07-17 01:20,84.3,69.6
2026-07-17 01:21,84.3,69.06
2026-07-17 01:22,84.3,68.77
2026-07-17 01:23,84.3,69.44
2026-07-17 01:24,84.3,69.58
2026-07-17 01:25,84.3,69.97
2026-07-17 01:26,84.2,70.1
2026-07-17 01:27,84.2,70.21
2026-07-17 01:28,84.2,70.45
2026-07-17 01:29,84.2,70.31
2026-07-17 01:30,84.1,70.25
2026-07-17 01:31,84.1,70.41
2026-07-17 01:32,84.1,70.42
2026-07-17 01:33,84.1,69.56
2026-07-17 01:34,84.1,70.35
2026-07-17 01:35,84.1,69.93
2026-07-17 01:36,84.1,70.33
2026-07-17 01:37,84.1,70.42
2026-07-17 01:38,84.1,70.49
2026-07-17 01:39,84.1,70.67
2026-07-17 01:40,84.1,70.86
2026-07-17 01:41,84.0,70.87
2026-07-17 01:42,84.0,71.06
2026-07-17 01:43,84.0,70.56
2026-07-17 01:44,84.0,71.06
2026-07-17 01:45,84.0,71.16
2026-07-17 01:46,84.0,70.99
2026-07-17 01:47,84.0,70.21
2026-07-17 01:48,84.0,70.78
2026-07-17 01:49,83.9,71.26
2026-07-17 01:50,83.9,71.0
2026-07-17 01:51,83.9,70.87
2026-07-17 01:52,83.9,70.97
2026-07-17 01:53,83.9,70.78
2026-07-17 01:54,83.9,70.64
2026-07-17 01:55,83.9,70.12
2026-07-17 01:56,83.9,70.85
2026-07-17 01:57,83.9,70.76
2026-07-17 01:58,83.9,70.54
2026-07-17 01:59,83.9,70.73
2026-07-17 02:00,83.9,70.95
2026-07-17 02:01,83.9,71.28
2026-07-17 02:02,83.9,71.15
2026-07-17 02:03,83.9,71.43
2026-07-17 02:04,83.9,71.65
2026-07-17 02:05,83.9,70.28
2026-07-17 02:06,83.9,70.62
2026-07-17 02:07,83.9,70.88
2026-07-17 02:08,83.9,71.45
2026-07-17 02:09,83.9,71.06
2026-07-17 02:10,83.9,71.39
2026-07-17 02:11,83.9,71.02
2026-07-17 02:12,83.9,71.38
2026-07-17 02:13,83.9,70.64
2026-07-17 02:14,83.9,71.71
2026-07-17 02:15,83.9,71.3
2026-07-17 02:16,83.9,71.3
2026-07-17 02:17,83.9,71.27
2026-07-17 02:18,83.9,71.46
2026-07-17 02:19,83.9,71.54
2026-07-17 02:20,83.9,70.49
2026-07-17 02:21,83.9,71.5
2026-07-17 02:22,83.9,72.08
2026-07-17 02:23,83.9,72.09
2026-07-17 02:24,83.9,72.26
2026-07-17 02:25,83.9,71.45
2026-07-17 02:26,83.9,71.94
2026-07-17 02:27,83.9,71.8
2026-07-17 02:28,83.9,71.47
2026-07-17 02:29,83.9,71.52
2026-07-17 02:30,83.9,72.11
2026-07-17 02:31,83.9,72.36
2026-07-17 02:32,83.9,72.3
2026-07-17 02:33,83.8,72.37
2026-07-17 02:34,83.8,71.69
2026-07-17 02:35,83.8,71.23
2026-07-17 02:36,83.8,71.96
2026-07-17 02:37,83.8,71.42
2026-07-17 02:38,83.9,71.69
2026-07-17 02:39,83.8,71.85
2026-07-17 02:40,83.8,72.18
2026-07-17 02:41,83.9,71.91
2026-07-17 02:42,83.9,72.46
2026-07-17 02:43,83.9,72.04
2026-07-17 02:44,83.9,71.69
2026-07-17 02:45,83.9,72.31
2026-07-17 02:46,83.9,71.94
2026-07-17 02:47,83.9,72.37
2026-07-17 02:48,83.9,72.53
2026-07-17 02:49,83.9,71.68
2026-07-17 02:50,83.9,72.74
2026-07-17 02:51,83.8,72.17
2026-07-17 02:52,83.8,72.44
2026-07-17 02:53,83.8,72.44
2026-07-17 02:54,83.8,73.0
2026-07-17 02:55,83.8,73.15
2026-07-17 02:56,83.8,72.85
2026-07-17 02:57,83.8,73.05
2026-07-17 02:58,83.8,72.84
2026-07-17 02:59,83.8,72.54
2026-07-17 03:00,83.8,72.9
2026-07-17 03:01,83.8,72.31
2026-07-17 03:02,83.8,72.98
2026-07-17 03:03,83.8,73.11
2026-07-17 03:04,83.8,72.7
2026-07-17 03:05,83.8,73.04
2026-07-17 03:06,83.8,73.14
2026-07-17 03:07,83.7,72.86
2026-07-17 03:08,83.7,72.31
2026-07-17 03:09,83.7,72.82
2026-07-17 03:10,83.7,73.23
2026-07-17 03:11,83.7,73.3
2026-07-17 03:12,83.7,72.84
2026-07-17 03:13,83.7,73.28
2026-07-17 03:14,83.7,72.9
2026-07-17 03:15,83.7,73.03
2026-07-17 03:16,83.7,73.04
2026-07-17 03:17,83.7,72.66
2026-07-17 03:18,83.7,72.87
2026-07-17 03:19,83.7,73.53
2026-07-17 03:20,83.7,73.35
2026-07-17 03:21,83.7,73.46
2026-07-17 03:22,83.7,73.28
2026-07-17 03:23,83.7,73.39
2026-07-17 03:24,83.7,73.23
2026-07-17 03:25,83.7,73.26
2026-07-17 03:26,83.7,73.13
2026-07-17 03:27,83.7,73.76
2026-07-17 03:28,83.7,73.6
2026-07-17 03:29,83.7,73.37
2026-07-17 03:30,83.7,73.62
2026-07-17 03:31,83.6,73.52
2026-07-17 03:32,83.6,73.27
2026-07-17 03:33,83.6,73.19
2026-07-17 03:34,83.6,73.22
2026-07-17 03:35,83.6,73.3
2026-07-17 03:36,83.6,73.29
2026-07-17 03:37,83.6,73.3
2026-07-17 03:38,83.6,73.16
2026-07-17 03:39,83.6,73.27
2026-07-17 03:40,83.6,73.57
2026-07-17 03:41,83.6,73.51
2026-07-17 03:42,83.6,73.9
2026-07-17 03:43,83.6,73.78
2026-07-17 03:44,83.6,72.65
2026-07-17 03:45,83.6,72.96
2026-07-17 03:46,83.6,73.57
2026-07-17 03:47,83.6,74.08
2026-07-17 03:48,83.6,73.51
2026-07-17 03:49,83.6,74.11
2026-07-17 03:50,83.6,74.28
2026-07-17 03:51,83.5,74.37
2026-07-17 03:52,83.5,74.4
2026-07-17 03:53,83.5,74.48
2026-07-17 03:54,83.5,74.22
2026-07-17 03:55,83.5,74.29
2026-07-17 03:56,83.5,74.35
2026-07-17 03:57,83.5,73.85
2026-07-17 03:58,83.5,74.33
2026-07-17 03:59,83.5,74.56
2026-07-17 04:00,83.5,74.5
2026-07-17 04:01,83.5,74.49
2026-07-17 04:02,83.5,74.54
2026-07-17 04:03,83.4,74.47
2026-07-17 04:04,83.4,74.69
2026-07-17 04:05,83.4,74.73
2026-07-17 04:06,83.4,74.85
2026-07-17 04:07,83.4,74.72
2026-07-17 04:08,83.4,74.72
2026-07-17 04:09,83.4,74.86
2026-07-17 04:10,83.3,74.88
2026-07-17 04:11,83.3,74.79
2026-07-17 04:12,83.3,74.92
2026-07-17 04:13,83.3,74.89
2026-07-17 04:14,83.3,75.0
2026-07-17 04:15,83.3,74.37
2026-07-17 04:16,83.3,74.87
2026-07-17 04:17,83.3,74.91
2026-07-17 04:18,83.3,74.59
2026-07-17 04:19,83.3,74.23
2026-07-17 04:20,83.2,74.04
2026-07-17 04:21,83.2,74.95
2026-07-17 04:22,83.2,74.41
2026-07-17 04:23,83.2,74.64
2026-07-17 04:24,83.2,74.71
2026-07-17 04:25,83.2,74.77
2026-07-17 04:26,83.2,74.83
2026-07-17 04:27,83.2,75.02
2026-07-17 04:28,83.2,74.45
2026-07-17 04:29,83.2,75.03
2026-07-17 04:30,83.2,75.12
2026-07-17 04:31,83.1,75.16
2026-07-17 04:32,83.1,73.9
2026-07-17 04:33,83.1,74.51
2026-07-17 04:34,83.1,74.83
2026-07-17 04:35,83.1,74.58
2026-07-17 04:36,83.1,75.02
2026-07-17 04:37,83.1,75.17
2026-07-17 04:38,83.1,74.66
2026-07-17 04:39,83.1,74.77
2026-07-17 04:40,83.0,75.12
2026-07-17 04:41,83.0,75.12
2026-07-17 04:42,83.0,75.3
2026-07-17 04:43,83.0,74.97
2026-07-17 04:44,83.0,74.83
2026-07-17 04:45,83.0,74.02
2026-07-17 04:46,83.0,74.36
2026-07-17 04:47,83.0,75.11
2026-07-17 04:48,83.0,75.22
2026-07-17 04:49,83.0,75.29
2026-07-17 04:50,83.0,74.96
2026-07-17 04:51,83.0,74.43
2026-07-17 04:52,83.0,75.09
2026-07-17 04:53,83.0,75.05
2026-07-17 04:54,83.0,75.11
2026-07-17 04:55,83.0,74.86
2026-07-17 04:56,83.0,75.09
2026-07-17 04:57,83.0,75.17
2026-07-17 04:58,83.0,75.29
2026-07-17 04:59,83.0,75.57
2026-07-17 05:00,83.0,75.43
2026-07-17 05:01,82.9,75.0
2026-07-17 05:02,82.9,74.77
2026-07-17 05:03,82.9,75.4
2026-07-17 05:04,82.9,75.59
2026-07-17 05:05,82.9,75.37
2026-07-17 05:06,82.9,75.07
2026-07-17 05:07,82.9,75.37
2026-07-17 05:08,82.9,75.28
2026-07-17 05:09,82.9,75.36
2026-07-17 05:10,82.9,75.71
2026-07-17 05:11,82.8,75.72
2026-07-17 05:12,82.8,75.73
2026-07-17 05:13,82.8,75.77
2026-07-17 05:14,82.8,75.37
2026-07-17 05:15,82.8,75.12
2026-07-17 05:16,82.8,75.55
2026-07-17 05:17,82.8,75.76
2026-07-17 05:18,82.8,75.37
2026-07-17 05:19,82.8,74.73
2026-07-17 05:20,82.7,75.53
2026-07-17 05:21,82.7,75.95
2026-07-17 05:22,82.7,75.69
2026-07-17 05:23,82.7,75.83
2026-07-17 05:24,82.7,75.34
2026-07-17 05:25,82.7,75.88
2026-07-17 05:26,82.8,75.46
2026-07-17 05:27,82.8,75.39
2026-07-17 05:28,82.8,74.95
2026-07-17 05:29,82.7,75.57
2026-07-17 05:30,82.7,75.11
2026-07-17 05:31,82.7,74.72
2026-07-17 05:32,82.7,75.67
2026-07-17 05:33,82.7,75.88
2026-07-17 05:34,82.7,75.85
2026-07-17 05:35,82.7,75.09
2026-07-17 05:36,82.7,75.55
2026-07-17 05:37,82.7,75.76
2026-07-17 05:38,82.7,75.54
2026-07-17 05:39,82.7,75.77
2026-07-17 05:40,82.7,75.67
2026-07-17 05:41,82.7,75.97
2026-07-17 05:42,82.7,76.03
2026-07-17 05:43,82.7,76.15
2026-07-17 05:44,82.7,75.45
2026-07-17 05:45,82.7,75.55
2026-07-17 05:46,82.6,75.8
2026-07-17 05:47,82.6,75.6
2026-07-17 05:48,82.6,75.61
2026-07-17 05:49,82.6,75.26
2026-07-17 05:50,82.6,75.71
2026-07-17 05:51,82.6,75.46
2026-07-17 05:52,82.6,75.98
2026-07-17 05:53,82.6,76.1
2026-07-17 05:54,82.6,76.14
2026-07-17 05:55,82.6,76.25
2026-07-17 05:56,82.6,76.27
2026-07-17 05:57,82.5,76.31
2026-07-17 05:58,82.5,76.13
2026-07-17 05:59,82.5,76.13
2026-07-17 06:00,82.5,76.15
2026-07-17 06:01,82.5,76.16
2026-07-17 06:02,82.5,76.02
2026-07-17 06:03,82.5,76.16
2026-07-17 06:04,82.5,76.36
2026-07-17 06:05,82.5,76.21
2026-07-17 06:06,82.5,76.1
2026-07-17 06:07,82.4,76.0
2026-07-17 06:08,82.4,75.97
2026-07-17 06:09,82.4,76.32
2026-07-17 06:10,82.4,76.37
2026-07-17 06:11,82.4,76.45
2026-07-17 06:12,82.4,76.29
2026-07-17 06:13,82.4,76.21
2026-07-17 06:14,82.4,76.41
2026-07-17 06:15,82.4,76.36
2026-07-17 06:16,82.4,76.31
2026-07-17 06:17,82.4,76.34
2026-07-17 06:18,82.4,76.57
2026-07-17 06:19,82.4,76.6
2026-07-17 06:20,82.3,76.35
2026-07-17 06:21,82.3,76.48
2026-07-17 06:22,82.3,76.64
2026-07-17 06:23,82.3,76.73
2026-07-17 06:24,82.3,76.69
2026-07-17 06:25,82.3,76.35
2026-07-17 06:26,82.2,76.64
2026-07-17 06:27,82.2,76.74
2026-07-17 06:28,82.2,76.66
2026-07-17 06:29,82.2,76.68
2026-07-17 06:30,82.2,76.74
2026-07-17 06:31,82.2,76.7
2026-07-17 06:32,82.2,76.96
2026-07-17 06:33,82.2,76.88
2026-07-17 06:34,82.1,76.56
2026-07-17 06:35,82.1,76.57
2026-07-17 06:36,82.1,76.74
2026-07-17 06:37,82.1,76.32
2026-07-17 06:38,82.1,76.82
2026-07-17 06:39,82.1,76.76
2026-07-17 06:40,82.1,76.94
2026-07-17 06:41,82.1,76.63
2026-07-17 06:42,82.1,76.87
2026-07-17 06:43,82.1,77.04
2026-07-17 06:44,82.1,77.16
2026-07-17 06:45,82.1,77.13
2026-07-17 06:46,82.1,77.2
2026-07-17 06:47,82.1,77.22
2026-07-17 06:48,82.1,77.1
2026-07-17 06:49,82.0,76.93
2026-07-17 06:50,82.0,77.08
2026-07-17 06:51,82.0,77.22
2026-07-17 06:52,82.0,77.16
2026-07-17 06:53,82.0,76.75
2026-07-17 06:54,82.0,77.14
2026-07-17 06:55,82.0,77.23
2026-07-17 06:56,82.0,76.5
2026-07-17 06:57,82.0,76.87
2026-07-17 06:58,82.0,76.97
2026-07-17 06:59,82.0,77.14
2026-07-17 07:00,82.0,77.29
2026-07-17 07:01,82.0,77.09
2026-07-17 07:02,82.0,77.26
2026-07-17 07:03,82.0,77.08
2026-07-17 07:04,82.0,77.25
2026-07-17 07:05,82.0,76.57
2026-07-17 07:06,82.0,76.88
2026-07-17 07:07,82.0,77.12
2026-07-17 07:08,82.0,77.3
2026-07-17 07:09,82.0,77.31
2026-07-17 07:10,82.0,77.28
2026-07-17 07:11,82.0,77.07
2026-07-17 07:12,82.0,77.6
2026-07-17 07:13,82.0,77.18
2026-07-17 07:14,82.1,77.45
2026-07-17 07:15,82.1,77.53
2026-07-17 07:16,82.1,77.69
2026-07-17 07:17,82.1,77.69
2026-07-17 07:18,82.1,77.24
2026-07-17 07:19,82.1,77.1
2026-07-17 07:20,82.1,77.59
2026-07-17 07:21,82.2,77.25
2026-07-17 07:22,82.2,77.54
2026-07-17 07:23,82.2,77.28
2026-07-17 07:24,82.2,77.75
2026-07-17 07:25,82.3,77.68
2026-07-17 07:26,82.3,77.12
2026-07-17 07:27,82.3,77.55
2026-07-17 07:28,82.4,77.69
2026-07-17 07:29,82.4,77.22
2026-07-17 07:30,82.4,77.16
2026-07-17 07:31,82.4,77.54
2026-07-17 07:32,82.5,77.66
2026-07-17 07:33,82.5,77.6
2026-07-17 07:34,82.5,77.27
2026-07-17 07:35,82.5,77.21
2026-07-17 07:36,82.6,76.97
2026-07-17 07:37,82.6,77.56
2026-07-17 07:38,82.6,76.52
2026-07-17 07:39,82.6,77.33
2026-07-17 07:40,82.6,77.25
2026-07-17 07:41,82.7,76.86
2026-07-17 07:42,82.7,76.89
2026-07-17 07:43,82.7,77.21
2026-07-17 07:44,82.8,76.32
2026-07-17 07:45,82.8,77.16
2026-07-17 07:46,82.8,76.43
2026-07-17 07:47,82.8,76.6
2026-07-17 07:48,82.8,76.38
2026-07-17 07:49,82.9,76.98
2026-07-17 07:50,82.9,76.82
2026-07-17 07:51,82.9,76.8
2026-07-17 07:52,82.9,76.87
2026-07-17 07:53,82.9,76.74
2026-07-17 07:54,83.0,77.0
2026-07-17 07:55,83.0,76.84
2026-07-17 07:56,83.0,76.41
2026-07-17 07:57,83.1,76.73
2026-07-17 07:58,83.1,76.27
2026-07-17 07:59,83.1,76.59
2026-07-17 08:00,83.1,76.6
2026-07-17 08:01,83.2,76.63
2026-07-17 08:02,83.2,75.89
2026-07-17 08:03,83.2,76.28
2026-07-17 08:04,83.3,75.03
2026-07-17 08:05,83.3,75.7
2026-07-17 08:06,83.3,75.84
2026-07-17 08:07,83.4,75.89
2026-07-17 08:08,83.4,76.29
2026-07-17 08:09,83.4,76.18
2026-07-17 08:10,83.5,76.36
2026-07-17 08:11,83.5,75.67
2026-07-17 08:12,83.5,75.82
2026-07-17 08:13,83.6,75.93
2026-07-17 08:14,83.6,76.4
2026-07-17 08:15,83.6,76.53
2026-07-17 08:16,83.7,76.25
2026-07-17 08:17,83.7,76.57
2026-07-17 08:18,83.8,76.48
2026-07-17 08:19,83.8,76.56
2026-07-17 08:20,83.9,76.52
2026-07-17 08:21,83.9,76.5
2026-07-17 08:22,84.0,75.88
2026-07-17 08:23,84.0,75.54
2026-07-17 08:24,84.0,75.71
2026-07-17 08:25,84.1,75.98
2026-07-17 08:26,84.1,76.02
2026-07-17 08:27,84.1,75.84
2026-07-17 08:28,84.2,75.72
2026-07-17 08:29,84.2,75.72
2026-07-17 08:30,84.3,75.34
2026-07-17 08:31,84.3,75.62
2026-07-17 08:32,84.3,75.75
2026-07-17 08:33,84.4,75.77
2026-07-17 08:34,84.4,75.61
2026-07-17 08:35,84.5,75.47
2026-07-17 08:36,84.5,75.25
2026-07-17 08:37,84.6,75.42
2026-07-17 08:38,84.7,75.39
2026-07-17 08:39,84.7,75.6
2026-07-17 08:40,84.8,75.64
2026-07-17 08:41,84.8,75.52
2026-07-17 08:42,84.9,75.32
2026-07-17 08:43,84.9,74.7
2026-07-17 08:44,85.0,75.09
2026-07-17 08:45,85.0,74.53
2026-07-17 08:46,85.1,74.81
2026-07-17 08:47,85.1,74.68
2026-07-17 08:48,85.2,74.54
2026-07-17 08:49,85.2,74.18
2026-07-17 08:50,85.3,74.43
2026-07-17 08:51,85.3,74.31
2026-07-17 08:52,85.3,74.22
2026-07-17 08:53,85.4,74.3
2026-07-17 08:54,85.4,74.29
2026-07-17 08:55,85.5,74.14
2026-07-17 08:56,85.5,74.17
2026-07-17 08:57,85.6,74.21
2026-07-17 08:58,85.6,74.27
2026-07-17 08:59,85.7,74.18
2026-07-17 09:00,85.7,73.99
2026-07-17 09:01,85.7,73.91
2026-07-17 09:02,85.8,73.94
2026-07-17 09:03,85.8,73.93
2026-07-17 09:04,85.9,73.87
2026-07-17 09:05,85.9,73.79
2026-07-17 09:06,86.0,73.77
2026-07-17 09:07,86.1,73.6
2026-07-17 09:08,86.1,73.61
2026-07-17 09:09,86.2,73.59
2026-07-17 09:10,86.3,73.52
2026-07-17 09:11,86.3,73.47
2026-07-17 09:12,86.4,73.46
2026-07-17 09:13,86.5,73.45
2026-07-17 09:14,86.5,73.38
2026-07-17 09:15,86.6,73.24
2026-07-17 09:16,86.6,73.14
2026-07-17 09:17,86.6,73.0
2026-07-17 09:18,86.7,72.67
2026-07-17 09:19,86.7,72.58
2026-07-17 09:20,86.8,72.67
2026-07-17 09:21,86.9,72.68
2026-07-17 09:22,86.9,72.67
2026-07-17 09:23,87.0,72.67
2026-07-17 09:24,87.0,72.66
2026-07-17 09:25,87.1,72.55
2026-07-17 09:26,87.2,72.36
2026-07-17 09:27,87.2,72.25
2026-07-17 09:28,87.3,72.16
2026-07-17 09:29,87.3,71.99
2026-07-17 09:30,87.4,71.79
2026-07-17 09:31,87.5,71.37
2026-07-17 09:32,87.5,70.92
2026-07-17 09:33,87.6,70.6
2026-07-17 09:34,87.6,70.54
2026-07-17 09:35,87.7,70.46
2026-07-17 09:36,87.7,70.26
2026-07-17 09:37,87.8,70.0
2026-07-17 09:38,87.8,69.87
2026-07-17 09:39,87.9,69.78
2026-07-17 09:40,87.9,69.48
2026-07-17 09:41,88.0,69.52
2026-07-17 09:42,88.0,69.55
2026-07-17 09:43,88.1,69.61
2026-07-17 09:44,88.1,69.63
2026-07-17 09:45,88.2,69.46
2026-07-17 09:46,88.2,69.23
2026-07-17 09:47,88.3,69.18
2026-07-17 09:48,88.4,68.69
2026-07-17 09:49,88.4,68.67
2026-07-17 09:50,88.5,68.69
2026-07-17 09:51,88.6,68.7
2026-07-17 09:52,88.6,68.74
2026-07-17 09:53,88.7,68.67
2026-07-17 09:54,88.8,68.62
2026-07-17 09:55,88.9,68.52
2026-07-17 09:56,88.9,68.0
2026-07-17 09:57,89.0,67.88
2026-07-17 09:58,89.0,67.94
2026-07-17 09:59,89.1,67.86
2026-07-17 10:00,89.1,67.31
2026-07-17 10:01,89.2,67.14
2026-07-17 10:02,89.2,67.28
2026-07-17 10:03,89.3,67.29
2026-07-17 10:04,89.3,67.15
2026-07-17 10:05,89.3,67.1
2026-07-17 10:06,89.4,66.91
2026-07-17 10:07,89.4,66.8
2026-07-17 10:08,89.4,66.66
2026-07-17 10:09,89.5,66.48
2026-07-17 10:10,89.5,66.52
2026-07-17 10:11,89.6,66.31
2026-07-17 10:12,89.6,66.12
2026-07-17 10:13,89.7,65.36
2026-07-17 10:14,89.7,64.66
2026-07-17 10:15,89.8,64.27
2026-07-17 10:16,89.8,64.02
2026-07-17 10:17,89.8,63.96
2026-07-17 10:18,89.9,64.04
2026-07-17 10:19,89.9,64.15
2026-07-17 10:20,90.0,64.38
2026-07-17 10:21,90.0,64.61
2026-07-17 10:22,90.1,64.66
2026-07-17 10:23,90.1,64.69
2026-07-17 10:24,90.2,64.61
2026-07-17 10:25,90.2,64.65
2026-07-17 10:26,90.3,64.23
2026-07-17 10:27,90.3,63.61
2026-07-17 10:28,90.3,62.56
2026-07-17 10:29,90.3,62.08
2026-07-17 10:30,90.3,61.97
2026-07-17 10:31,90.3,61.65
2026-07-17 10:32,90.3,61.63
2026-07-17 10:33,90.3,61.17
2026-07-17 10:34,90.3,60.83
2026-07-17 10:35,90.3,60.78
2026-07-17 10:36,90.3,60.71
2026-07-17 10:37,90.4,60.68
2026-07-17 10:38,90.4,60.84
2026-07-17 10:39,90.4,61.05
2026-07-17 10:40,90.5,61.02
2026-07-17 10:41,90.5,61.09
2026-07-17 10:42,90.6,61.1
2026-07-17 10:43,90.6,61.29
2026-07-17 10:44,90.7,61.26
2026-07-17 10:45,90.7,61.35
2026-07-17 10:46,90.8,61.3
2026-07-17 10:47,90.8,61.16
2026-07-17 10:48,90.9,61.2
2026-07-17 10:49,90.9,61.27
2026-07-17 10:50,91.0,61.41
2026-07-17 10:51,91.0,61.46
2026-07-17 10:52,91.1,61.3
2026-07-17 10:53,91.1,61.19
2026-07-17 10:54,91.1,61.1
2026-07-17 10:55,91.2,60.92
2026-07-17 10:56,91.3,60.77
2026-07-17 10:57,91.3,60.69
2026-07-17 10:58,91.4,60.67
2026-07-17 10:59,91.4,60.54
2026-07-17 11:00,91.5,60.38
2026-07-17 11:01,91.6,60.31
2026-07-17 11:02,91.6,60.09
2026-07-17 11:03,91.7,59.92
2026-07-17 11:04,91.7,59.98
2026-07-17 11:05,91.8,59.83
2026-07-17 11:06,91.8,59.71
2026-07-17 11:07,91.9,59.78
2026-07-17 11:08,91.9,59.87
2026-07-17 11:09,92.0,59.94
2026-07-17 11:10,92.0,59.93
2026-07-17 11:11,92.1,59.93
2026-07-17 11:12,92.1,59.97
2026-07-17 11:13,92.2,59.86
2026-07-17 11:14,92.2,59.76
2026-07-17 11:15,92.3,59.62
2026-07-17 11:16,92.4,59.5
2026-07-17 11:17,92.4,59.51
2026-07-17 11:18,92.5,59.66
2026-07-17 11:19,92.5,59.58
2026-07-17 11:20,92.6,59.1
2026-07-17 11:21,92.6,58.99
2026-07-17 11:22,92.7,59.13
2026-07-17 11:23,92.7,59.06
2026-07-17 11:24,92.8,59.02
2026-07-17 11:25,92.8,59.13
2026-07-17 11:26,92.8,58.93
2026-07-17 11:27,92.9,58.61
2026-07-17 11:28,92.9,58.7
2026-07-17 11:29,92.9,58.84
2026-07-17 11:30,92.9,58.66
2026-07-17 11:31,92.9,58.61
2026-07-17 11:32,93.0,58.61
2026-07-17 11:33,93.0,58.7
2026-07-17 11:34,93.0,58.59
2026-07-17 11:35,93.0,58.29
2026-07-17 11:36,93.0,58.37
2026-07-17 11:37,93.0,58.54
2026-07-17 11:38,93.1,58.74
2026-07-17 11:39,93.1,58.74
2026-07-17 11:40,93.2,58.66
2026-07-17 11:41,93.2,58.48
2026-07-17 11:42,93.3,58.48
2026-07-17 11:43,93.3,58.4
2026-07-17 11:44,93.3,58.29
2026-07-17 11:45,93.3,58.34
2026-07-17 11:46,93.3,58.28
2026-07-17 11:47,93.3,58.19
2026-07-17 11:48,93.3,58.2
2026-07-17 11:49,93.3,58.13
2026-07-17 11:50,93.3,57.95
2026-07-17 11:51,93.3,57.62
2026-07-17 11:52,93.4,57.53
2026-07-17 11:53,93.4,57.49
2026-07-17 11:54,93.4,57.59
2026-07-17 11:55,93.5,57.63
2026-07-17 11:56,93.6,57.41
2026-07-17 11:57,93.6,57.4
2026-07-17 11:58,93.7,57.36
2026-07-17 11:59,93.7,57.35
2026-07-17 12:00,93.8,57.36
2026-07-17 12:01,93.9,57.59
2026-07-17 12:02,94.0,57.57
2026-07-17 12:03,94.0,57.46
2026-07-17 12:04,94.1,57.68
2026-07-17 12:05,94.1,57.61
2026-07-17 12:06,94.2,57.61
2026-07-17 12:07,94.3,57.49
2026-07-17 12:08,94.4,57.2
2026-07-17 12:09,94.5,57.14
2026-07-17 12:10,94.6,57.07
2026-07-17 12:11,94.6,56.93
2026-07-17 12:12,94.7,56.72
2026-07-17 12:13,94.8,56.48
2026-07-17 12:14,94.8,56.49
2026-07-17 12:15,94.9,56.35
2026-07-17 12:16,94.9,56.36
2026-07-17 12:17,94.9,56.19
2026-07-17 12:18,94.9,55.63
2026-07-17 12:19,95.0,55.47
2026-07-17 12:20,95.0,55.61
2026-07-17 12:21,95.0,55.57
2026-07-17 12:22,95.1,55.58
2026-07-17 12:23,95.1,55.77
2026-07-17 12:24,95.2,55.73
2026-07-17 12:25,95.3,55.59
2026-07-17 12:26,95.3,55.49
2026-07-17 12:27,95.3,55.56
2026-07-17 12:28,95.3,55.71
2026-07-17 12:29,95.3,55.54
2026-07-17 12:30,95.3,55.21
2026-07-17 12:31,95.2,54.93
2026-07-17 12:32,95.2,54.99
2026-07-17 12:33,95.1,55.19
2026-07-17 12:34,95.1,55.05
2026-07-17 12:35,95.1,54.95
2026-07-17 12:36,95.2,54.81
2026-07-17 12:37,95.2,54.79
2026-07-17 12:38,95.2,54.75
2026-07-17 12:39,95.3,54.93
2026-07-17 12:40,95.3,55.08
2026-07-17 12:41,95.4,55.12
2026-07-17 12:42,95.5,54.87
2026-07-17 12:43,95.5,54.74
2026-07-17 12:44,95.5,54.72
2026-07-17 12:45,95.6,54.56
2026-07-17 12:46,95.7,54.58
2026-07-17 12:47,95.7,54.37
2026-07-17 12:48,95.8,54.33
2026-07-17 12:49,95.8,54.48
2026-07-17 12:50,95.9,54.62
2026-07-17 12:51,96.0,54.58
2026-07-17 12:52,96.0,54.24
2026-07-17 12:53,96.1,53.98
2026-07-17 12:54,96.1,54.02
2026-07-17 12:55,96.1,54.07
2026-07-17 12:56,96.2,53.93
2026-07-17 12:57,96.2,54.01
2026-07-17 12:58,96.3,53.7
2026-07-17 12:59,96.3,53.5
2026-07-17 13:00,96.4,53.47
2026-07-17 13:01,96.4,53.3
2026-07-17 13:02,96.4,53.29
2026-07-17 13:03,96.5,53.25
2026-07-17 13:04,96.5,52.84
2026-07-17 13:05,96.5,52.8
2026-07-17 13:06,96.6,52.64
2026-07-17 13:07,96.6,52.79
2026-07-17 13:08,96.6,52.7
2026-07-17 13:09,96.6,52.55
2026-07-17 13:10,96.6,52.61
2026-07-17 13:11,96.6,52.73
2026-07-17 13:12,96.6,52.92
2026-07-17 13:13,96.6,53.0
2026-07-17 13:14,96.7,52.78
2026-07-17 13:15,96.7,52.89
2026-07-17 13:16,96.7,52.96
2026-07-17 13:17,96.8,52.97
2026-07-17 13:18,96.9,52.94
2026-07-17 13:19,96.9,52.98
2026-07-17 13:20,97.0,52.55
2026-07-17 13:21,97.0,52.46
2026-07-17 13:22,97.1,52.3
2026-07-17 13:23,97.1,52.38
2026-07-17 13:24,97.2,52.06
2026-07-17 13:25,97.2,51.91
2026-07-17 13:26,97.2,51.96
2026-07-17 13:27,97.2,52.24
2026-07-17 13:28,97.3,52.46
2026-07-17 13:29,97.3,52.44
2026-07-17 13:30,97.4,52.02
2026-07-17 13:31,97.4,51.62
2026-07-17 13:32,97.4,51.54
2026-07-17 13:33,97.4,51.06
2026-07-17 13:34,97.4,51.17
2026-07-17 13:35,97.4,51.05
2026-07-17 13:36,97.4,51.18
2026-07-17 13:37,97.5,51.43
2026-07-17 13:38,97.5,51.55
2026-07-17 13:39,97.5,51.29
2026-07-17 13:40,97.6,51.18
2026-07-17 13:41,97.6,51.13
2026-07-17 13:42,97.6,51.21
2026-07-17 13:43,97.6,51.37
2026-07-17 13:44,97.6,51.4
2026-07-17 13:45,97.6,51.2
2026-07-17 13:46,97.7,51.02
2026-07-17 13:47,97.7,51.06
2026-07-17 13:48,97.7,51.1
2026-07-17 13:49,97.8,50.98
2026-07-17 13:50,97.9,50.75
2026-07-17 13:51,97.9,50.79
2026-07-17 13:52,97.9,50.91
2026-07-17 13:53,97.9,50.97
2026-07-17 13:54,98.0,50.98
2026-07-17 13:55,98.0,50.87
2026-07-17 13:56,98.1,50.63
2026-07-17 13:57,98.1,50.46
2026-07-17 13:58,98.1,50.03
2026-07-17 13:59,98.1,50.09
2026-07-17 14:00,98.2,50.14
2026-07-17 14:01,98.2,50.07
2026-07-17 14:02,98.2,50.18
2026-07-17 14:03,98.3,49.78
2026-07-17 14:04,98.3,49.53
2026-07-17 14:05,98.3,49.32
2026-07-17 14:06,98.3,49.41
2026-07-17 14:07,98.3,49.53
2026-07-17 14:08,98.3,49.54
2026-07-17 14:09,98.3,49.49
2026-07-17 14:10,98.3,49.35
2026-07-17 14:11,98.3,49.31
2026-07-17 14:12,98.3,49.25
2026-07-17 14:13,98.2,49.22
2026-07-17 14:14,98.2,49.41
2026-07-17 14:15,98.2,49.75
2026-07-17 14:16,98.2,49.92
2026-07-17 14:17,98.2,49.89
2026-07-17 14:18,98.3,49.82
2026-07-17 14:19,98.3,49.75
2026-07-17 14:20,98.3,49.6
2026-07-17 14:21,98.2,49.72
2026-07-17 14:22,98.2,50.0
2026-07-17 14:23,98.2,50.01
2026-07-17 14:24,98.1,49.91
2026-07-17 14:25,98.1,50.12
2026-07-17 14:26,98.1,50.03
2026-07-17 14:27,98.1,49.84
2026-07-17 14:28,98.1,49.8
2026-07-17 14:29,98.1,49.31
2026-07-17 14:30,98.1,49.39
2026-07-17 14:31,98.0,49.75
2026-07-17 14:32,98.0,49.99
2026-07-17 14:33,98.0,50.2
2026-07-17 14:34,98.1,50.16
2026-07-17 14:35,98.1,50.08
2026-07-17 14:36,98.1,50.21
2026-07-17 14:37,98.2,50.39
2026-07-17 14:38,98.2,50.37
2026-07-17 14:39,98.3,50.31
2026-07-17 14:40,98.3,50.15
2026-07-17 14:41,98.3,49.78
2026-07-17 14:42,98.3,49.62
2026-07-17 14:43,98.3,49.68
2026-07-17 14:44,98.4,49.75
2026-07-17 14:45,98.4,49.77
2026-07-17 14:46,98.4,49.68
2026-07-17 14:47,98.4,49.67
2026-07-17 14:48,98.4,49.48
2026-07-17 14:49,98.3,49.29
2026-07-17 14:50,98.3,49.37
2026-07-17 14:51,98.3,49.61
2026-07-17 14:52,98.3,49.82
2026-07-17 14:53,98.3,49.92
2026-07-17 14:54,98.3,49.56
2026-07-17 14:55,98.3,48.84
2026-07-17 14:56,98.3,48.82
2026-07-17 14:57,98.2,49.03
2026-07-17 14:58,98.3,48.83
2026-07-17 14:59,98.3,48.91
2026-07-17 15:00,98.3,48.93
2026-07-17 15:01,98.2,49.09
2026-07-17 15:02,98.3,49.26
2026-07-17 15:03,98.3,49.54
2026-07-17 15:04,98.4,49.52
2026-07-17 15:05,98.5,49.54
2026-07-17 15:06,98.5,49.24
2026-07-17 15:07,98.5,49.16
2026-07-17 15:08,98.5,49.23
2026-07-17 15:09,98.5,49.15
2026-07-17 15:10,98.5,48.96
2026-07-17 15:11,98.5,48.87
2026-07-17 15:12,98.5,48.82
2026-07-17 15:13,98.6,48.88
2026-07-17 15:14,98.6,48.95
2026-07-17 15:15,98.6,48.85
2026-07-17 15:16,98.6,49.0
2026-07-17 15:17,98.6,49.22
2026-07-17 15:18,98.6,49.36
2026-07-17 15:19,98.6,49.43
2026-07-17 15:20,98.5,49.43
2026-07-17 15:21,98.4,49.52
2026-07-17 15:22,98.4,49.53
2026-07-17 15:23,98.4,49.31
2026-07-17 15:24,98.3,49.07
2026-07-17 15:25,98.3,49.09
2026-07-17 15:26,98.3,49.22
2026-07-17 15:27,98.3,49.15
2026-07-17 15:28,98.4,49.13
2026-07-17 15:29,98.4,49.18
2026-07-17 15:30,98.4,49.32
2026-07-17 15:31,98.4,49.42
2026-07-17 15:32,98.4,49.32
2026-07-17 15:33,98.4,49.27
2026-07-17 15:34,98.5,49.2
2026-07-17 15:35,98.4,49.25
2026-07-17 15:36,98.5,49.27
2026-07-17 15:37,98.4,49.15
2026-07-17 15:38,98.4,49.32
2026-07-17 15:39,98.5,49.35
2026-07-17 15:40,98.5,49.44
2026-07-17 15:41,98.5,49.57
2026-07-17 15:42,98.5,49.47
2026-07-17 15:43,98.5,49.5
2026-07-17 15:44,98.5,49.49
2026-07-17 15:45,98.5,49.5
2026-07-17 15:46,98.5,49.51
2026-07-17 15:47,98.6,49.58
2026-07-17 15:48,98.6,49.67
2026-07-17 15:49,98.6,49.51
2026-07-17 15:50,98.7,49.56
2026-07-17 15:51,98.7,49.62
2026-07-17 15:52,98.7,49.52
2026-07-17 15:53,98.8,49.63
2026-07-17 15:54,98.8,49.8
2026-07-17 15:55,98.7,49.88
2026-07-17 15:56,98.7,49.89
2026-07-17 15:57,98.6,50.04
2026-07-17 15:58,98.6,50.06
2026-07-17 15:59,98.6,49.9
2026-07-17 16:00,98.5,49.75
2026-07-17 16:01,98.5,49.74
2026-07-17 16:02,98.5,49.79
2026-07-17 16:03,98.4,49.78
2026-07-17 16:04,98.4,49.76
2026-07-17 16:05,98.4,49.73
2026-07-17 16:06,98.4,49.72
2026-07-17 16:07,98.3,49.93
2026-07-17 16:08,98.3,50.19
2026-07-17 16:09,98.3,50.42
2026-07-17 16:10,98.3,50.6
2026-07-17 16:11,98.3,50.65
2026-07-17 16:12,98.2,50.6
2026-07-17 16:13,98.2,50.59
2026-07-17 16:14,98.2,50.86
2026-07-17 16:15,98.2,50.88
2026-07-17 16:16,98.2,50.85
2026-07-17 16:17,98.1,51.05
2026-07-17 16:18,98.1,51.2
2026-07-17 16:19,98.0,51.32
2026-07-17 16:20,98.0,51.39
2026-07-17 16:21,97.9,51.35
2026-07-17 16:22,97.9,51.29
2026-07-17 16:23,97.8,51.3
2026-07-17 16:24,97.7,51.33
2026-07-17 16:25,97.7,51.37
2026-07-17 16:26,97.6,51.5
2026-07-17 16:27,97.5,51.69
2026-07-17 16:28,97.5,51.84
2026-07-17 16:29,97.5,51.83
2026-07-17 16:30,97.4,51.68
2026-07-17 16:31,97.4,51.71
2026-07-17 16:32,97.4,51.5
2026-07-17 16:33,97.3,51.6
2026-07-17 16:34,97.2,51.76
2026-07-17 16:35,97.2,51.91
2026-07-17 16:36,97.1,52.09
2026-07-17 16:37,97.1,52.07
2026-07-17 16:53,97.2,53.46
2026-07-17 16:54,97.2,53.47
2026-07-17 16:55,97.2,53.31
2026-07-17 16:56,97.2,53.2
2026-07-17 16:57,97.1,53.31
2026-07-17 16:58,97.1,53.29
2026-07-17 16:59,97.0,53.37
2026-07-17 17:00,97.0,53.31
2026-07-17 17:01,97.0,53.28
2026-07-17 17:02,96.9,53.3
2026-07-17 17:03,96.9,53.37
2026-07-17 17:04,96.8,53.48
2026-07-17 17:05,96.8,53.53
2026-07-17 17:06,96.7,53.7
2026-07-17 17:07,96.8,53.7
2026-07-17 17:08,96.8,53.83
2026-07-17 17:09,96.8,53.92
2026-07-17 17:10,96.8,53.89
2026-07-17 17:11,96.7,53.96
2026-07-17 17:12,96.7,53.98
2026-07-17 17:13,96.7,54.01
2026-07-17 17:14,96.7,53.97
2026-07-17 17:15,96.7,53.87
2026-07-17 17:16,96.7,53.74
2026-07-17 17:17,96.7,53.78
2026-07-17 17:18,96.6,53.78
2026-07-17 17:19,96.6,53.83
2026-07-17 17:20,96.6,53.88
2026-07-17 17:21,96.6,53.88
2026-07-17 17:22,96.5,53.81
2026-07-17 17:23,96.5,53.81
2026-07-17 17:24,96.5,53.77
2026-07-17 17:25,96.5,53.85
2026-07-17 17:26,96.4,53.94
2026-07-17 17:27,96.4,53.97
2026-07-17 17:28,96.4,54.07
2026-07-17 17:29,96.4,54.21
2026-07-17 17:30,96.4,54.17
2026-07-17 17:31,96.4,54.07
2026-07-17 17:32,96.5,54.04
2026-07-17 17:34,96.5,54.11
2026-07-17 17:35,96.5,54.23
2026-07-17 17:36,96.5,54.32
2026-07-17 17:37,96.5,54.35
2026-07-17 17:38,96.5,54.3
2026-07-17 17:39,96.4,54.27
2026-07-17 17:40,96.4,54.12
2026-07-17 17:41,96.4,54.09
2026-07-17 17:42,96.3,54.26
2026-07-17 17:43,96.3,54.24
2026-07-17 17:44,96.3,54.34
2026-07-17 17:45,96.3,54.39
2026-07-17 17:46,96.4,54.26
2026-07-17 17:47,96.4,54.25
2026-07-17 17:48,96.4,54.24
2026-07-17 17:49,96.4,54.26
2026-07-17 17:50,96.3,54.28
2026-07-17 17:51,96.3,54.33
2026-07-17 17:52,96.3,54.46
2026-07-17 17:53,96.2,54.55
2026-07-17 17:54,96.2,54.71
2026-07-17 17:55,96.2,54.85
2026-07-17 17:56,96.2,54.86
2026-07-17 17:57,96.1,54.85
2026-07-17 17:58,96.1,54.92
2026-07-17 17:59,96.1,54.86
2026-07-17 18:00,96.0,54.9
2026-07-17 18:01,96.0,55.01
2026-07-17 18:02,95.9,55.11
2026-07-17 18:03,95.9,55.15
2026-07-17 18:04,95.9,55.09
2026-07-17 18:05,96.0,55.14
2026-07-17 18:06,95.9,55.19
2026-07-17 18:07,95.9,55.12
2026-07-17 18:08,95.9,55.0
2026-07-17 18:09,95.8,54.92
2026-07-17 18:10,95.8,54.87
2026-07-17 18:11,95.8,54.67
2026-07-17 18:12,95.8,54.77
2026-07-17 18:13,95.7,54.89
2026-07-17 18:14,95.7,54.88
2026-07-17 18:15,95.6,54.9
2026-07-17 18:16,95.5,55.0
2026-07-17 18:17,95.5,55.04
2026-07-17 18:18,95.5,55.11
2026-07-17 18:19,95.4,55.16
2026-07-17 18:20,95.4,55.07
2026-07-17 18:21,95.4,55.07
2026-07-17 18:22,95.3,55.07
2026-07-17 18:23,95.3,55.03
2026-07-17 18:24,95.3,54.95
2026-07-17 18:25,95.2,54.86
2026-07-17 18:26,95.2,54.98
2026-07-17 18:27,95.1,55.08
2026-07-17 18:28,95.1,54.87
2026-07-17 18:29,95.0,54.95
2026-07-17 18:30,95.0,55.1
2026-07-17 18:31,95.0,54.98
2026-07-17 18:32,94.9,55.03
2026-07-17 18:33,94.8,55.17
2026-07-17 18:34,94.8,55.24
2026-07-17 18:35,94.7,55.24
2026-07-17 18:36,94.7,55.34
2026-07-17 18:37,94.7,55.27
2026-07-17 18:38,94.6,55.38
2026-07-17 18:39,94.6,55.51
2026-07-17 18:40,94.5,55.61
2026-07-17 18:41,94.5,55.55
2026-07-17 18:42,94.5,55.46
2026-07-17 18:43,94.5,55.3
2026-07-17 18:44,94.5,55.04
2026-07-17 18:45,94.4,54.98
2026-07-17 18:46,94.4,55.01
2026-07-17 18:47,94.3,55.06
2026-07-17 18:48,94.3,55.2
2026-07-17 18:49,94.3,55.24
2026-07-17 18:50,94.3,55.23
2026-07-17 18:51,94.2,55.27
2026-07-17 18:52,94.2,55.24
2026-07-17 18:53,94.2,55.19
2026-07-17 18:54,94.1,55.11
2026-07-17 18:55,94.1,54.88
2026-07-17 18:56,94.1,54.81
2026-07-17 18:57,94.1,54.77
2026-07-17 18:58,94.1,54.76
2026-07-17 18:59,94.0,54.87
2026-07-17 19:00,94.0,54.95
2026-07-17 19:01,94.0,55.06
2026-07-17 19:02,94.0,55.15
2026-07-17 19:03,94.0,55.27
2026-07-17 19:04,93.9,55.36
2026-07-17 19:05,93.9,55.37
2026-07-17 19:06,93.9,55.37
2026-07-17 19:07,93.8,55.46
2026-07-17 19:08,93.7,55.5
2026-07-17 19:09,93.7,55.64
2026-07-17 19:10,93.6,55.76
2026-07-17 19:11,93.6,55.89
2026-07-17 19:12,93.5,56.04
2026-07-17 19:13,93.4,56.14
2026-07-17 19:14,93.4,56.17
2026-07-17 19:15,93.3,56.16
2026-07-17 19:16,93.3,56.19
2026-07-17 19:17,93.2,56.32
2026-07-17 19:18,93.1,56.47
2026-07-17 19:19,93.1,56.52
2026-07-17 19:20,93.1,56.55
2026-07-17 19:21,93.1,56.61
2026-07-17 19:22,93.0,56.69
2026-07-17 19:23,93.0,56.79
2026-07-17 19:24,92.9,56.9
2026-07-17 19:25,92.9,56.91
2026-07-17 19:26,92.9,56.94
2026-07-17 19:27,92.8,56.93
2026-07-17 19:28,92.8,56.96
2026-07-17 19:29,92.8,56.97
2026-07-17 19:30,92.8,57.04
2026-07-17 19:31,92.7,57.08
2026-07-17 19:32,92.7,57.15
2026-07-17 19:33,92.6,57.19
2026-07-17 19:34,92.6,57.21
2026-07-17 19:35,92.5,57.36
2026-07-17 19:36,92.5,57.44
2026-07-17 19:37,92.4,57.5
2026-07-17 19:38,92.4,57.62
2026-07-17 19:39,92.3,57.72
2026-07-17 19:40,92.2,57.74
2026-07-17 19:41,92.2,57.81
2026-07-17 19:42,92.1,57.88
2026-07-17 19:43,92.0,57.98
2026-07-17 19:44,92.0,58.07
2026-07-17 19:45,91.9,58.13
2026-07-17 19:46,91.9,58.22
2026-07-17 19:47,91.9,58.3
2026-07-17 19:48,91.8,58.31
2026-07-17 19:49,91.8,58.25
2026-07-17 19:50,91.7,58.29
2026-07-17 19:51,91.7,58.37
2026-07-17 19:52,91.6,58.35
2026-07-17 19:53,91.6,58.42
2026-07-17 19:54,91.5,58.53
2026-07-17 19:55,91.5,58.68
2026-07-17 19:56,91.4,58.81
2026-07-17 19:57,91.4,58.93
2026-07-17 19:58,91.3,58.98
2026-07-17 19:59,91.3,59.07
2026-07-17 20:00,91.3,59.24
2026-07-17 20:01,91.3,59.28
2026-07-17 20:02,91.2,59.4
2026-07-17 20:03,91.2,59.5
2026-07-17 20:04,91.1,59.57
2026-07-17 20:05,91.1,59.62
2026-07-17 20:06,91.1,59.58
2026-07-17 20:07,91.0,59.66
2026-07-17 20:08,91.0,59.76
2026-07-17 20:09,91.0,59.9
2026-07-17 20:10,90.9,59.93
2026-07-17 20:11,90.9,59.97
2026-07-17 20:12,90.9,60.07
2026-07-17 20:13,90.8,60.05
2026-07-17 20:14,90.8,60.14
2026-07-17 20:15,90.7,60.22
2026-07-17 20:16,90.7,60.31
2026-07-17 20:17,90.7,60.36
2026-07-17 20:18,90.6,60.44
2026-07-17 20:19,90.6,60.57
2026-07-17 20:20,90.5,60.77
2026-07-17 20:21,90.5,60.82
2026-07-17 20:22,90.4,60.89
2026-07-17 20:23,90.4,60.99
2026-07-17 20:24,90.3,61.02
2026-07-17 20:25,90.2,61.09
2026-07-17 20:26,90.2,61.28
2026-07-17 20:27,90.2,61.64
2026-07-17 20:28,90.1,61.73
2026-07-17 20:29,90.1,62.65
2026-07-17 20:30,89.8,62.51
2026-07-17 20:31,89.7,62.22
2026-07-17 20:32,89.6,62.06
2026-07-17 20:33,89.6,62.08
2026-07-17 20:34,89.6,62.05
2026-07-17 20:35,89.6,62.06
2026-07-17 20:36,89.5,61.96
2026-07-17 20:37,89.5,62.01
2026-07-17 20:38,89.5,61.96
2026-07-17 20:39,89.5,62.08
2026-07-17 20:40,89.4,62.16
2026-07-17 20:41,89.4,62.17
2026-07-17 20:42,89.4,62.2
2026-07-17 20:43,89.3,62.21
2026-07-17 20:44,89.3,62.34
2026-07-17 20:45,89.3,62.44
2026-07-17 20:46,89.3,62.49
2026-07-17 20:47,89.3,62.54
2026-07-17 20:48,89.2,62.57
2026-07-17 20:49,89.2,62.63
2026-07-17 20:50,89.2,62.65
2026-07-17 20:51,89.2,62.64
2026-07-17 20:52,89.2,62.56
2026-07-17 20:53,89.2,62.62
2026-07-17 20:54,89.2,62.68
2026-07-17 20:55,89.2,62.77
2026-07-17 20:56,89.1,62.8
2026-07-17 20:57,89.1,62.79
2026-07-17 20:58,89.1,62.89
2026-07-17 20:59,89.1,62.98
2026-07-17 21:00,89.1,62.92
2026-07-17 21:01,89.1,62.86
2026-07-17 21:02,89.1,62.95
2026-07-17 21:03,89.0,63.03
2026-07-17 21:04,89.0,63.06
2026-07-17 21:05,89.0,63.12
2026-07-17 21:06,89.0,63.28
2026-07-17 21:07,88.9,63.26
2026-07-17 21:08,88.9,63.31
2026-07-17 21:09,88.9,63.29
2026-07-17 21:10,88.9,63.32
2026-07-17 21:11,88.9,63.38
2026-07-17 21:12,88.9,63.26
2026-07-17 21:13,88.8,63.3
2026-07-17 21:14,88.8,63.37
2026-07-17 21:15,88.7,63.48
2026-07-17 21:16,88.7,63.52
2026-07-17 21:17,88.6,63.52
2026-07-17 21:18,88.6,63.64
2026-07-17 21:19,88.6,63.66
2026-07-17 21:20,88.5,63.67
2026-07-17 21:21,88.5,63.73
2026-07-17 21:22,88.4,63.82
2026-07-17 21:23,88.4,63.92
2026-07-17 21:24,88.3,64.0
2026-07-17 21:25,88.3,64.01
2026-07-17 21:26,88.2,64.06
2026-07-17 21:27,88.2,64.24
2026-07-17 21:28,88.1,64.29
2026-07-17 21:29,88.1,64.37
2026-07-17 21:30,88.1,64.51
2026-07-17 21:31,88.0,64.61
2026-07-17 21:32,88.0,64.64
2026-07-17 21:33,87.9,64.69
2026-07-17 21:34,87.9,64.75
2026-07-17 21:35,87.9,64.82
2026-07-17 21:36,87.9,64.85
2026-07-17 21:37,87.8,64.87
2026-07-17 21:38,87.8,64.97
2026-07-17 21:39,87.8,64.98
2026-07-17 21:40,87.8,65.1
2026-07-17 21:41,87.8,64.94
2026-07-17 21:42,87.8,64.74
2026-07-17 21:43,87.9,64.77
2026-07-17 21:44,87.9,64.98
2026-07-17 21:45,87.9,65.03
2026-07-17 21:46,87.8,65.08
2026-07-17 21:47,87.8,65.14
2026-07-17 21:48,87.7,65.2
2026-07-17 21:49,87.7,65.23
2026-07-17 21:50,87.6,65.35
2026-07-17 21:51,87.6,65.35
2026-07-17 21:52,87.6,65.53
2026-07-17 21:53,87.5,65.59
2026-07-17 21:54,87.5,65.63
2026-07-17 21:55,87.4,65.69
2026-07-17 21:56,87.4,65.75
2026-07-17 21:57,87.4,65.72
2026-07-17 21:58,87.3,65.86
2026-07-17 21:59,87.3,65.91
2026-07-17 22:00,87.3,65.85
2026-07-17 22:01,87.3,65.97
2026-07-17 22:02,87.2,65.9
2026-07-17 22:03,87.2,66.03
2026-07-17 22:04,87.2,66.11
2026-07-17 22:05,87.1,66.18
2026-07-17 22:06,87.1,66.26
2026-07-17 22:07,87.1,66.34
2026-07-17 22:08,87.0,66.41
2026-07-17 22:09,87.0,66.43
2026-07-17 22:10,87.0,66.49
2026-07-17 22:11,86.9,66.6
2026-07-17 22:12,86.9,66.58
2026-07-17 22:13,86.9,66.69
2026-07-17 22:14,86.9,66.68
2026-07-17 22:15,86.9,66.73
2026-07-17 22:16,86.8,66.77
2026-07-17 22:17,86.8,66.79
2026-07-17 22:18,86.8,66.88
2026-07-17 22:19,86.7,66.93
2026-07-17 22:20,86.7,66.99
2026-07-17 22:21,86.7,67.08
2026-07-17 22:22,86.6,67.14
2026-07-17 22:23,86.6,67.22
2026-07-17 22:24,86.6,67.32
2026-07-17 22:25,86.5,67.42
2026-07-17 22:26,86.5,67.38
2026-07-17 22:27,86.5,67.49
2026-07-17 22:28,86.5,67.6
2026-07-17 22:29,86.4,67.65
2026-07-17 22:30,86.4,67.71
2026-07-17 22:31,86.4,67.81
2026-07-17 22:32,86.4,67.84
2026-07-17 22:33,86.4,67.91
2026-07-17 22:34,86.3,67.93
2026-07-17 22:35,86.3,67.8
2026-07-17 22:36,86.3,68.02
2026-07-17 22:37,86.3,68.06
2026-07-17 22:38,86.3,68.1
2026-07-17 22:39,86.2,68.19
2026-07-17 22:40,86.2,68.25
2026-07-17 22:41,86.2,67.93
2026-07-17 22:42,86.2,68.3
2026-07-17 22:43,86.2,68.3
2026-07-17 22:44,86.1,68.37
2026-07-17 22:45,86.1,68.39
2026-07-17 22:46,86.1,68.46
2026-07-17 22:47,86.1,68.49
2026-07-17 22:48,86.1,68.36
2026-07-17 22:49,86.1,68.53
2026-07-17 22:50,86.0,68.45
2026-07-17 22:51,86.0,68.58
2026-07-17 22:52,86.0,68.62
2026-07-17 22:53,86.0,68.65
2026-07-17 22:54,85.9,68.65
2026-07-17 22:55,85.9,68.78
2026-07-17 22:56,85.9,68.82
2026-07-17 22:57,85.8,68.91
2026-07-17 22:58,85.8,68.82
2026-07-17 22:59,85.8,68.91
2026-07-17 23:00,85.8,68.21
2026-07-17 23:01,85.8,68.91
2026-07-17 23:02,85.8,69.09
2026-07-17 23:03,85.7,69.15
2026-07-17 23:04,85.7,69.17
2026-07-17 23:05,85.7,69.24
2026-07-17 23:06,85.6,69.33
2026-07-17 23:07,85.6,69.02
2026-07-17 23:08,85.6,69.34
2026-07-17 23:09,85.6,69.29
2026-07-17 23:10,85.6,69.21
2026-07-17 23:11,85.6,69.42
2026-07-17 23:12,85.5,69.53
2026-07-17 23:13,85.5,69.57
2026-07-17 23:14,85.5,69.63
2026-07-17 23:15,85.5,69.66
2026-07-17 23:16,85.5,69.69
2026-07-17 23:17,85.4,69.51
2026-07-17 23:18,85.4,69.7
2026-07-17 23:19,85.4,69.81
2026-07-17 23:20,85.4,69.83
2026-07-17 23:21,85.4,69.84
2026-07-17 23:22,85.3,69.87
2026-07-17 23:23,85.3,69.86
2026-07-17 23:24,85.3,69.76
2026-07-17 23:25,85.3,69.89
2026-07-17 23:26,85.3,70.02
2026-07-17 23:27,85.3,70.02
2026-07-17 23:28,85.2,70.12
2026-07-17 23:29,85.2,70.11
2026-07-17 23:30,85.2,70.2
2026-07-17 23:31,85.2,70.21
2026-07-17 23:32,85.2,70.18
2026-07-17 23:33,85.1,70.25
2026-07-17 23:34,85.1,70.25
2026-07-17 23:35,85.1,70.24
2026-07-17 23:36,85.1,70.12
2026-07-17 23:37,85.1,70.32
2026-07-17 23:38,85.1,70.42
2026-07-17 23:39,85.1,70.44
2026-07-17 23:40,85.0,70.49
2026-07-17 23:41,85.0,70.46
2026-07-17 23:42,85.0,70.5
2026-07-17 23:43,85.0,70.47
2026-07-17 23:44,85.0,69.22
2026-07-17 23:45,85.0,68.48
2026-07-17 23:46,85.1,67.74
2026-07-17 23:47,85.1,68.61
2026-07-17 23:48,85.1,69.59
2026-07-17 23:49,85.1,69.97
2026-07-17 23:50,85.1,70.19
2026-07-17 23:51,85.1,70.25
2026-07-17 23:52,85.0,70.14
2026-07-17 23:53,85.0,69.59
2026-07-17 23:54,84.9,70.24
2026-07-17 23:55,84.9,70.42
2026-07-17 23:56,84.9,69.37
2026-07-17 23:57,84.9,69.38
2026-07-17 23:58,84.9,70.3
2026-07-17 23:59,84.9,70.01
2026-07-18 00:00,84.9,69.66
2026-07-18 00:01,84.9,69.13
2026-07-18 00:02,84.9,66.78
2026-07-18 00:03,84.9,67.29
2026-07-18 00:04,85.0,66.41
2026-07-18 00:05,85.0,66.58
2026-07-18 00:06,85.0,69.03
2026-07-18 00:07,85.0,67.71
2026-07-18 00:08,85.0,69.54
2026-07-18 00:09,85.0,69.94
2026-07-18 00:10,84.9,70.1
2026-07-18 00:11,84.9,68.83
2026-07-18 00:12,84.9,66.26
2026-07-18 00:13,84.9,68.64
2026-07-18 00:14,84.9,66.62
2026-07-18 00:15,84.9,66.62
2026-07-18 00:16,84.9,67.92
2026-07-18 00:17,84.9,68.83
2026-07-18 00:18,84.9,69.81
2026-07-18 00:19,84.8,69.94
2026-07-18 00:20,84.8,70.21
2026-07-18 00:21,84.8,70.43
2026-07-18 00:22,84.7,69.46
2026-07-18 00:23,84.7,69.79
2026-07-18 00:24,84.7,69.56
2026-07-18 00:25,84.7,70.18
2026-07-18 00:26,84.7,68.76
2026-07-18 00:27,84.7,69.29
2026-07-18 00:28,84.7,70.24
2026-07-18 00:29,84.6,70.35
2026-07-18 00:30,84.6,69.99
2026-07-18 00:31,84.6,67.59
2026-07-18 00:32,84.6,69.39
2026-07-18 00:33,84.6,70.07
2026-07-18 00:34,84.6,70.34
2026-07-18 00:35,84.6,70.72
2026-07-18 00:36,84.5,70.88
2026-07-18 00:37,84.5,71.03
2026-07-18 00:38,84.5,71.2
2026-07-18 00:39,84.4,71.27
2026-07-18 00:40,84.4,71.33
2026-07-18 00:41,84.4,71.25
2026-07-18 00:42,84.4,71.46
2026-07-18 00:43,84.3,71.61
2026-07-18 00:44,84.3,71.54
2026-07-18 00:45,84.3,70.44
2026-07-18 00:46,84.3,71.62
2026-07-18 00:47,84.3,71.76
2026-07-18 00:48,84.3,71.85
2026-07-18 00:49,84.3,71.94
2026-07-18 00:50,84.2,71.82
2026-07-18 00:51,84.2,71.98
2026-07-18 00:52,84.2,71.84
2026-07-18 00:53,84.2,72.09
2026-07-18 00:54,84.2,72.2
2026-07-18 00:55,84.2,72.18
2026-07-18 00:56,84.2,72.16
2026-07-18 00:57,84.2,71.79
2026-07-18 00:58,84.1,72.12
2026-07-18 00:59,84.1,72.11
2026-07-18 01:00,84.1,71.9
2026-07-18 01:01,84.1,71.59
2026-07-18 01:02,84.1,72.27
2026-07-18 01:03,84.1,72.43
2026-07-18 01:04,84.1,72.3
2026-07-18 01:05,84.1,72.5
2026-07-18 01:06,84.1,72.55
2026-07-18 01:07,84.1,72.49
2026-07-18 01:08,84.1,72.58
2026-07-18 01:09,84.1,72.72
2026-07-18 01:10,84.1,72.77
2026-07-18 01:11,84.1,72.86
2026-07-18 01:12,84.1,72.84
2026-07-18 01:13,84.1,72.79
2026-07-18 01:14,84.0,72.72
2026-07-18 01:15,84.0,72.6
2026-07-18 01:16,84.0,72.77
2026-07-18 01:17,84.0,72.78
2026-07-18 01:18,84.0,72.63
2026-07-18 01:19,84.0,72.35
2026-07-18 01:20,84.0,72.48
2026-07-18 01:21,84.0,72.47
2026-07-18 01:22,84.0,72.63
2026-07-18 01:23,84.0,72.61
2026-07-18 01:24,84.0,72.76
2026-07-18 01:25,84.0,72.85
2026-07-18 01:26,84.0,72.95
2026-07-18 01:27,84.0,72.99
2026-07-18 01:28,84.0,73.02
2026-07-18 01:29,83.9,72.69
2026-07-18 01:30,83.9,72.84
2026-07-18 01:31,83.9,72.98
2026-07-18 01:32,83.9,73.1
2026-07-18 01:33,83.9,73.18
2026-07-18 01:34,83.9,73.3
2026-07-18 01:35,83.9,73.36
2026-07-18 01:36,83.9,72.95
2026-07-18 01:37,83.9,73.44
2026-07-18 01:38,83.8,73.41
2026-07-18 01:39,83.8,73.43
2026-07-18 01:40,83.8,73.55
2026-07-18 01:41,83.8,73.54
2026-07-18 01:42,83.8,73.64
2026-07-18 01:43,83.8,73.34
2026-07-18 01:44,83.8,73.63
2026-07-18 01:45,83.8,73.57
2026-07-18 01:46,83.7,73.36
2026-07-18 01:47,83.7,73.48
2026-07-18 01:48,83.7,73.14
2026-07-18 01:49,83.7,72.96
2026-07-18 01:50,83.7,73.14
2026-07-18 01:51,83.7,73.17
2026-07-18 01:52,83.8,73.24
2026-07-18 01:53,83.8,73.0
2026-07-18 01:54,83.8,73.43
2026-07-18 01:55,83.8,73.0
2026-07-18 01:56,83.7,73.49
2026-07-18 01:57,83.7,72.46
2026-07-18 01:58,83.7,73.37
2026-07-18 01:59,83.7,73.02
2026-07-18 02:00,83.7,72.71
2026-07-18 02:01,83.7,73.13
2026-07-18 02:02,83.7,73.37
2026-07-18 02:03,83.7,73.17
2026-07-18 02:04,83.7,72.82
2026-07-18 02:05,83.7,72.36
2026-07-18 02:06,83.7,72.98
2026-07-18 02:07,83.7,73.16
2026-07-18 02:08,83.7,73.56
2026-07-18 02:09,83.6,73.55
2026-07-18 02:10,83.6,73.66
2026-07-18 02:11,83.6,73.84
2026-07-18 02:12,83.6,73.8
2026-07-18 02:13,83.6,74.05
2026-07-18 02:14,83.5,74.04
2026-07-18 02:15,83.5,74.08
2026-07-18 02:16,83.5,74.03
2026-07-18 02:17,83.5,73.81
2026-07-18 02:18,83.5,74.06
2026-07-18 02:19,83.5,73.55
2026-07-18 02:20,83.5,74.22
2026-07-18 02:21,83.5,74.34
2026-07-18 02:22,83.5,74.41
2026-07-18 02:23,83.5,74.48
2026-07-18 02:24,83.5,74.21
2026-07-18 02:25,83.5,74.31
2026-07-18 02:26,83.5,74.25
2026-07-18 02:27,83.5,74.42
2026-07-18 02:28,83.5,74.33
2026-07-18 02:29,83.5,74.48
2026-07-18 02:30,83.4,74.52
2026-07-18 02:31,83.4,74.6
2026-07-18 02:32,83.4,74.5
2026-07-18 02:33,83.4,74.59
2026-07-18 02:34,83.4,74.71
2026-07-18 02:35,83.4,74.6
2026-07-18 02:36,83.3,74.62
2026-07-18 02:37,83.3,74.72
2026-07-18 02:38,83.3,74.76
2026-07-18 02:39,83.3,74.47
2026-07-18 02:40,83.3,74.74
2026-07-18 02:41,83.3,74.57
2026-07-18 02:42,83.3,74.89
2026-07-18 02:43,83.3,74.95
2026-07-18 02:44,83.3,74.88
2026-07-18 02:45,83.3,74.94
2026-07-18 02:46,83.3,74.99
2026-07-18 02:47,83.3,74.94
2026-07-18 02:48,83.2,74.66
2026-07-18 02:49,83.3,75.01
2026-07-18 02:50,83.2,75.05
2026-07-18 02:51,83.2,75.02
2026-07-18 02:52,83.2,75.02
2026-07-18 02:53,83.2,75.04
2026-07-18 02:54,83.2,75.17
2026-07-18 02:55,83.2,75.26
2026-07-18 02:56,83.2,75.39
2026-07-18 02:57,83.2,75.25
2026-07-18 02:58,83.2,75.24
2026-07-18 02:59,83.2,75.39
2026-07-18 03:00,83.2,75.42
2026-07-18 03:01,83.2,74.57
2026-07-18 03:02,83.2,75.24
2026-07-18 03:03,83.2,75.41
2026-07-18 03:04,83.2,75.28
2026-07-18 03:05,83.3,75.17
2026-07-18 03:06,83.2,75.16
2026-07-18 03:07,83.3,75.35
2026-07-18 03:08,83.2,74.72
2026-07-18 03:09,83.3,75.13
2026-07-18 03:10,83.2,74.63
2026-07-18 03:11,83.2,75.3
2026-07-18 03:12,83.2,75.36
2026-07-18 03:13,83.2,75.49
2026-07-18 03:14,83.2,75.45
2026-07-18 03:15,83.2,75.63
2026-07-18 03:16,83.2,75.67
2026-07-18 03:17,83.2,75.58
2026-07-18 03:18,83.2,75.16
2026-07-18 03:19,83.2,75.54
2026-07-18 03:20,83.2,75.24
2026-07-18 03:21,83.2,75.53
2026-07-18 03:22,83.2,75.15
2026-07-18 03:23,83.2,74.91
2026-07-18 03:24,83.2,74.68
2026-07-18 03:25,83.2,74.2
2026-07-18 03:26,83.2,75.13
2026-07-18 03:27,83.2,74.25
2026-07-18 03:28,83.2,74.47
2026-07-18 03:29,83.3,74.89
2026-07-18 03:30,83.3,74.44
2026-07-18 03:31,83.3,74.63
2026-07-18 03:32,83.3,74.34
2026-07-18 03:33,83.3,74.48
2026-07-18 03:34,83.3,74.81
2026-07-18 03:35,83.3,75.01
2026-07-18 03:36,83.3,75.01
2026-07-18 03:37,83.3,74.13
2026-07-18 03:38,83.3,74.7
2026-07-18 03:39,83.3,74.92
2026-07-18 03:40,83.3,75.27
2026-07-18 03:41,83.3,75.4
2026-07-18 03:42,83.3,75.63
2026-07-18 03:43,83.3,75.61
2026-07-18 03:44,83.3,75.76
2026-07-18 03:45,83.2,75.57
2026-07-18 03:46,83.2,75.96
2026-07-18 03:47,83.2,75.44
2026-07-18 03:48,83.2,75.88
2026-07-18 03:49,83.2,76.05
2026-07-18 03:50,83.2,76.28
2026-07-18 03:51,83.2,76.22
2026-07-18 03:52,83.2,76.08
2026-07-18 03:53,83.2,76.05
2026-07-18 03:54,83.2,76.27
2026-07-18 03:55,83.2,76.25
2026-07-18 03:56,83.2,76.28
2026-07-18 03:57,83.2,76.08
2026-07-18 03:58,83.2,75.41
2026-07-18 03:59,83.2,74.46
2026-07-18 04:00,83.2,75.58
2026-07-18 04:01,83.2,75.88
2026-07-18 04:02,83.2,75.83
2026-07-18 04:03,83.1,76.04
2026-07-18 04:04,83.1,76.01
2026-07-18 04:05,83.1,75.97
2026-07-18 04:06,83.1,76.1
2026-07-18 04:07,83.1,76.27
2026-07-18 04:08,83.1,76.29
2026-07-18 04:09,83.1,76.36
2026-07-18 04:10,83.1,76.1
2026-07-18 04:11,83.1,76.15
2026-07-18 04:12,83.1,76.38
2026-07-18 04:13,83.1,76.3
2026-07-18 04:14,83.1,76.41
2026-07-18 04:15,83.0,76.45
2026-07-18 04:16,83.0,75.9
2026-07-18 04:17,83.0,76.3
2026-07-18 04:18,83.0,76.32
2026-07-18 04:19,83.0,76.12
2026-07-18 04:20,83.0,76.26
2026-07-18 04:21,83.0,75.46
2026-07-18 04:22,83.0,76.15
2026-07-18 04:23,83.0,76.19
2026-07-18 04:24,82.9,76.32
2026-07-18 04:25,82.9,76.26
2026-07-18 04:26,82.9,76.09
2026-07-18 04:27,82.9,76.31
2026-07-18 04:28,82.9,76.23
2026-07-18 04:29,82.9,76.42
2026-07-18 04:30,82.9,76.48
2026-07-18 04:31,82.9,76.51
2026-07-18 04:32,82.8,76.53
2026-07-18 04:33,82.8,76.24
2026-07-18 04:34,82.8,76.6
2026-07-18 04:35,82.8,76.51
2026-07-18 04:36,82.8,76.51
2026-07-18 04:37,82.7,76.6
2026-07-18 04:38,82.7,76.59
2026-07-18 04:39,82.7,76.7
2026-07-18 04:40,82.7,76.6
2026-07-18 04:41,82.7,76.44
2026-07-18 04:42,82.6,76.46
2026-07-18 04:43,82.6,76.1
2026-07-18 04:44,82.6,76.52
2026-07-18 04:45,82.6,76.55
2026-07-18 04:46,82.6,76.58
2026-07-18 04:47,82.6,76.22
2026-07-18 04:48,82.6,76.52
2026-07-18 04:49,82.6,76.57
2026-07-18 04:50,82.6,76.63
2026-07-18 04:51,82.6,76.56
2026-07-18 04:52,82.6,76.14
2026-07-18 04:53,82.5,76.52
2026-07-18 04:54,82.5,76.52
2026-07-18 04:55,82.5,76.48
2026-07-18 04:56,82.5,76.46
2026-07-18 04:57,82.5,76.64
2026-07-18 04:58,82.5,76.71
2026-07-18 04:59,82.4,76.79
2026-07-18 05:00,82.4,76.73
2026-07-18 05:01,82.4,76.88
2026-07-18 05:02,82.3,76.8
2026-07-18 05:03,82.3,76.5
2026-07-18 05:04,82.3,76.65
2026-07-18 05:05,82.3,76.82
2026-07-18 05:06,82.2,76.91
2026-07-18 05:07,82.2,77.01
2026-07-18 05:08,82.2,77.0
2026-07-18 05:09,82.1,77.15
2026-07-18 05:10,82.1,77.05
2026-07-18 05:11,82.1,77.21
2026-07-18 05:12,82.1,77.21
2026-07-18 05:13,82.1,77.28
2026-07-18 05:14,82.1,77.37
2026-07-18 05:15,82.1,77.32
2026-07-18 05:16,82.0,77.27
2026-07-18 05:17,82.0,77.42
2026-07-18 05:18,82.0,77.33
2026-07-18 05:19,82.0,77.23
2026-07-18 05:20,82.0,77.31
2026-07-18 05:21,82.0,77.36
2026-07-18 05:22,82.0,77.09
2026-07-18 05:23,82.0,77.22
2026-07-18 05:24,82.0,77.33
2026-07-18 05:25,82.0,77.32
2026-07-18 05:26,82.0,77.23
2026-07-18 05:27,81.9,77.12
2026-07-18 05:28,81.9,77.37
2026-07-18 05:29,81.9,77.29
2026-07-18 05:30,81.9,77.16
2026-07-18 05:31,81.9,77.15
2026-07-18 05:32,81.9,77.2
2026-07-18 05:33,81.9,77.43
2026-07-18 05:34,81.8,77.27
2026-07-18 05:35,81.8,77.45
2026-07-18 05:36,81.8,77.35
2026-07-18 05:37,81.8,77.42
2026-07-18 05:38,81.8,77.61
2026-07-18 05:39,81.8,77.38
2026-07-18 05:40,81.8,77.33
2026-07-18 05:41,81.8,77.53
2026-07-18 05:42,81.8,77.59
2026-07-18 05:43,81.8,77.6
2026-07-18 05:44,81.8,77.43
2026-07-18 05:45,81.8,77.16
2026-07-18 05:46,81.8,77.31
2026-07-18 05:47,81.8,77.17
2026-07-18 05:48,81.8,77.56
2026-07-18 05:49,81.7,77.84
2026-07-18 05:50,81.7,77.9
2026-07-18 05:51,81.7,77.78
2026-07-18 05:52,81.7,77.7
2026-07-18 05:53,81.7,77.84
2026-07-18 05:54,81.7,77.88
2026-07-18 05:55,81.7,77.85
2026-07-18 05:56,81.7,77.81
2026-07-18 05:57,81.7,77.82
2026-07-18 05:58,81.7,77.69
2026-07-18 05:59,81.6,77.58
2026-07-18 06:00,81.6,77.79
2026-07-18 06:01,81.6,77.78
2026-07-18 06:02,81.6,77.66
2026-07-18 06:03,81.6,77.71
2026-07-18 06:04,81.6,77.52
2026-07-18 06:05,81.6,77.78
2026-07-18 06:06,81.5,77.86
2026-07-18 06:07,81.5,77.87
2026-07-18 06:08,81.5,77.65
2026-07-18 06:09,81.5,77.9
2026-07-18 06:10,81.5,77.95
2026-07-18 06:11,81.4,77.86
2026-07-18 06:12,81.4,78.08
2026-07-18 06:13,81.4,78.1
2026-07-18 06:14,81.4,78.2
2026-07-18 06:15,81.4,78.24
2026-07-18 06:16,81.4,78.29
2026-07-18 06:17,81.4,78.2
2026-07-18 06:18,81.4,78.04
2026-07-18 06:19,81.4,78.16
2026-07-18 06:20,81.4,78.26
2026-07-18 06:21,81.4,78.07
2026-07-18 06:22,81.4,78.06
2026-07-18 06:23,81.4,78.25
2026-07-18 06:24,81.4,77.91
2026-07-18 06:25,81.4,78.06
2026-07-18 06:26,81.4,77.64
2026-07-18 06:27,81.3,78.05
2026-07-18 06:28,81.3,78.11
2026-07-18 06:29,81.3,78.2
2026-07-18 06:30,81.3,78.38
2026-07-18 06:31,81.3,78.47
2026-07-18 06:32,81.2,78.57
2026-07-18 06:33,81.2,78.61
2026-07-18 06:34,81.3,78.61
2026-07-18 06:35,81.2,78.61
2026-07-18 06:36,81.2,78.59
2026-07-18 06:37,81.2,78.54
2026-07-18 06:38,81.2,78.39
2026-07-18 06:39,81.2,78.5
2026-07-18 06:40,81.2,78.58
2026-07-18 06:41,81.2,78.11
2026-07-18 06:42,81.2,78.32
2026-07-18 06:43,81.2,78.63
2026-07-18 06:44,81.2,78.71
2026-07-18 06:45,81.2,78.73
2026-07-18 06:46,81.2,78.81
2026-07-18 06:47,81.2,78.7
2026-07-18 06:48,81.2,78.46
2026-07-18 06:49,81.2,78.44
2026-07-18 06:50,81.2,78.61
2026-07-18 06:51,81.2,78.81
2026-07-18 06:52,81.2,78.81
2026-07-18 06:53,81.2,78.98
2026-07-18 06:54,81.2,78.96
2026-07-18 06:55,81.2,79.01
2026-07-18 06:56,81.2,79.02
2026-07-18 06:57,81.2,79.16
2026-07-18 06:58,81.2,79.18
2026-07-18 06:59,81.3,79.18
2026-07-18 07:00,81.3,79.22
2026-07-18 07:01,81.3,79.22
2026-07-18 07:02,81.3,79.28
2026-07-18 07:03,81.3,79.26
2026-07-18 07:04,81.3,79.05
2026-07-18 07:05,81.3,79.29
2026-07-18 07:06,81.3,79.36
2026-07-18 07:07,81.3,79.33
2026-07-18 07:08,81.4,79.38
2026-07-18 07:09,81.4,79.42
2026-07-18 07:10,81.4,79.4
2026-07-18 07:11,81.4,79.42
2026-07-18 07:12,81.5,79.48
2026-07-18 07:13,81.5,79.49
2026-07-18 07:14,81.5,79.47
2026-07-18 07:15,81.5,79.48
2026-07-18 07:16,81.5,79.43
2026-07-18 07:17,81.6,79.34
2026-07-18 07:18,81.6,79.11
2026-07-18 07:19,81.6,79.33
2026-07-18 07:20,81.6,79.36
2026-07-18 07:21,81.7,79.38
2026-07-18 07:22,81.7,79.41
2026-07-18 07:23,81.7,79.37
2026-07-18 07:24,81.7,79.34
2026-07-18 07:25,81.8,79.3
2026-07-18 07:26,81.8,79.3
2026-07-18 07:27,81.8,79.36
2026-07-18 07:28,81.8,79.18
2026-07-18 07:29,81.9,78.16
2026-07-18 07:30,81.9,78.9
2026-07-18 07:31,81.9,78.97
2026-07-18 07:32,82.0,78.91
2026-07-18 07:33,82.0,79.24
2026-07-18 07:34,82.0,79.1
2026-07-18 07:35,82.1,78.75
2026-07-18 07:36,82.1,78.63
2026-07-18 07:37,82.1,78.67
2026-07-18 07:38,82.2,79.15
2026-07-18 07:39,82.2,78.67
2026-07-18 07:40,82.3,78.35
2026-07-18 07:41,82.3,78.68
2026-07-18 07:42,82.3,78.69
2026-07-18 07:43,82.4,78.91
2026-07-18 07:44,82.4,78.34
2026-07-18 07:45,82.4,77.95
2026-07-18 07:46,82.5,77.91
2026-07-18 07:47,82.5,78.68
2026-07-18 07:48,82.5,77.66
2026-07-18 07:49,82.5,78.49
2026-07-18 07:50,82.6,78.47
2026-07-18 07:51,82.6,78.36
2026-07-18 07:52,82.7,78.75
2026-07-18 07:53,82.7,78.71
2026-07-18 07:54,82.7,78.22
2026-07-18 07:55,82.8,77.79
2026-07-18 07:56,82.8,78.01
2026-07-18 07:57,82.8,78.15
2026-07-18 07:58,82.8,77.98
2026-07-18 07:59,82.9,77.56
2026-07-18 08:00,82.9,77.93
2026-07-18 08:01,82.9,78.05
2026-07-18 08:02,83.0,78.02
2026-07-18 08:03,83.0,77.7
2026-07-18 08:04,83.0,77.91
2026-07-18 08:05,83.1,77.48
2026-07-18 08:06,83.1,78.05
2026-07-18 08:07,83.1,78.12
2026-07-18 08:08,83.2,78.1
2026-07-18 08:09,83.2,77.8
2026-07-18 08:10,83.3,77.26
2026-07-18 08:11,83.3,77.59
2026-07-18 08:12,83.3,77.76
2026-07-18 08:13,83.4,77.35
2026-07-18 08:14,83.4,76.62
2026-07-18 08:15,83.5,76.87
2026-07-18 08:16,83.5,77.32
2026-07-18 08:17,83.5,77.1
2026-07-18 08:18,83.6,77.4
2026-07-18 08:19,83.6,77.35
2026-07-18 08:20,83.7,77.36
2026-07-18 08:21,83.7,77.03
2026-07-18 08:22,83.8,77.37
2026-07-18 08:23,83.8,77.44
2026-07-18 08:24,83.9,77.23
2026-07-18 08:25,83.9,77.35
2026-07-18 08:26,84.0,77.21
2026-07-18 08:27,84.0,77.39
2026-07-18 08:28,84.0,77.17
2026-07-18 08:29,84.1,76.47
2026-07-18 08:30,84.2,77.12
2026-07-18 08:31,84.2,77.05
2026-07-18 08:32,84.2,77.14
2026-07-18 08:33,84.3,76.78
2026-07-18 08:34,84.4,76.41
2026-07-18 08:35,84.4,76.39
2026-07-18 08:36,84.5,76.52
2026-07-18 08:37,84.5,76.41
2026-07-18 08:38,84.5,76.6
2026-07-18 08:39,84.6,76.64
2026-07-18 08:40,84.6,76.26
2026-07-18 08:41,84.7,76.16
2026-07-18 08:42,84.7,76.28
2026-07-18 08:43,84.8,76.54
2026-07-18 08:44,84.8,76.53
2026-07-18 08:45,84.9,76.23
2026-07-18 08:46,84.9,76.17
2026-07-18 08:47,85.0,76.29
2026-07-18 08:48,85.0,76.05
2026-07-18 08:49,85.1,76.02
2026-07-18 08:50,85.1,75.71
2026-07-18 08:51,85.2,75.46
2026-07-18 08:52,85.2,75.6
2026-07-18 08:53,85.3,75.62
2026-07-18 08:54,85.3,75.5
2026-07-18 08:55,85.3,75.4
2026-07-18 08:56,85.4,75.41
2026-07-18 08:57,85.4,75.32
2026-07-18 08:58,85.5,75.34
2026-07-18 08:59,85.5,75.36
2026-07-18 09:00,85.6,75.16
2026-07-18 09:01,85.6,74.76
2026-07-18 09:02,85.7,74.98
2026-07-18 09:03,85.8,74.83
2026-07-18 09:04,85.8,74.69
2026-07-18 09:05,85.9,74.68
2026-07-18 09:06,86.0,74.61
2026-07-18 09:07,86.0,74.21
2026-07-18 09:08,86.1,74.11
2026-07-18 09:09,86.1,74.0
2026-07-18 09:10,86.1,73.94
2026-07-18 09:11,86.2,73.86
2026-07-18 09:12,86.2,73.65
2026-07-18 09:13,86.3,73.56
2026-07-18 09:14,86.3,73.61
2026-07-18 09:15,86.3,73.47
2026-07-18 09:16,86.4,73.39
2026-07-18 09:17,86.4,73.34
2026-07-18 09:18,86.5,73.46
2026-07-18 09:19,86.5,73.48
2026-07-18 09:20,86.6,73.36
2026-07-18 09:21,86.7,73.06
2026-07-18 09:22,86.7,73.1
2026-07-18 09:23,86.8,73.13
2026-07-18 09:24,86.8,73.04
2026-07-18 09:25,86.9,72.78
2026-07-18 09:26,86.9,72.57
2026-07-18 09:27,86.9,72.4
2026-07-18 09:28,87.0,72.22
2026-07-18 09:29,87.0,72.1
2026-07-18 09:30,87.0,72.02
2026-07-18 09:31,87.0,71.99
2026-07-18 09:32,87.0,71.93
2026-07-18 09:33,87.1,71.94
2026-07-18 09:34,87.1,72.08
2026-07-18 09:35,87.1,72.04
2026-07-18 09:36,87.1,71.85
2026-07-18 09:37,87.1,71.91
2026-07-18 09:38,87.2,71.96
2026-07-18 09:39,87.2,71.96
2026-07-18 09:40,87.3,71.85
2026-07-18 09:41,87.4,71.77
2026-07-18 09:42,87.4,71.76
2026-07-18 09:43,87.5,71.75
2026-07-18 09:44,87.5,71.56
2026-07-18 09:45,87.6,71.45
2026-07-18 09:46,87.7,71.27
2026-07-18 09:47,87.7,71.22
2026-07-18 09:48,87.8,71.11
2026-07-18 09:49,87.9,71.03
2026-07-18 09:50,87.9,71.1
2026-07-18 09:51,88.0,71.04
2026-07-18 09:52,88.0,70.86
2026-07-18 09:53,88.1,70.94
2026-07-18 09:54,88.2,70.52
2026-07-18 09:55,88.2,70.29
2026-07-18 09:56,88.2,70.04
2026-07-18 09:57,88.3,70.13
2026-07-18 09:58,88.3,70.07
2026-07-18 09:59,88.3,70.02
2026-07-18 10:00,88.4,70.1
2026-07-18 10:01,88.4,70.13
2026-07-18 10:02,88.5,70.08
2026-07-18 10:03,88.5,69.98
2026-07-18 10:04,88.5,69.75
2026-07-18 10:05,88.5,69.72
2026-07-18 10:06,88.6,69.48
2026-07-18 10:07,88.6,68.95
2026-07-18 10:08,88.6,68.94
2026-07-18 10:09,88.7,68.89
2026-07-18 10:10,88.7,68.48
2026-07-18 10:11,88.7,68.59
2026-07-18 10:12,88.8,68.79
2026-07-18 10:13,88.8,68.73
2026-07-18 10:14,88.9,68.63
2026-07-18 10:15,88.9,68.67
2026-07-18 10:16,88.9,68.76
2026-07-18 10:17,89.0,68.7
2026-07-18 10:18,89.0,68.64
2026-07-18 10:19,89.0,68.63
2026-07-18 10:20,89.0,68.37
2026-07-18 10:21,89.0,68.02
2026-07-18 10:22,89.0,67.48
2026-07-18 10:23,89.1,67.24
2026-07-18 10:24,89.1,67.01
2026-07-18 10:25,89.1,66.77
2026-07-18 10:26,89.1,66.7
2026-07-18 10:27,89.1,66.6
2026-07-18 10:28,89.2,66.72
2026-07-18 10:29,89.2,66.69
2026-07-18 10:30,89.2,66.84
2026-07-18 10:31,89.2,66.75
2026-07-18 10:32,89.3,66.71
2026-07-18 10:33,89.3,66.83
2026-07-18 10:34,89.4,66.77
2026-07-18 10:35,89.4,66.62
2026-07-18 10:36,89.5,66.6
2026-07-18 10:37,89.5,66.46
2026-07-18 10:38,89.6,66.5
2026-07-18 10:39,89.6,66.36
2026-07-18 10:40,89.7,66.29
2026-07-18 10:41,89.7,66.41
2026-07-18 10:42,89.8,66.45
2026-07-18 10:43,89.8,66.43
2026-07-18 10:44,89.9,66.58
2026-07-18 10:45,89.9,66.31
2026-07-18 10:46,90.0,66.24
2026-07-18 10:47,90.0,66.26
2026-07-18 10:48,90.1,66.37
2026-07-18 10:49,90.1,66.37
2026-07-18 10:50,90.2,66.42
2026-07-18 10:51,90.2,66.36
2026-07-18 10:52,90.3,65.85
2026-07-18 10:53,90.3,65.86
2026-07-18 10:54,90.3,65.8
2026-07-18 10:55,90.3,65.48
2026-07-18 10:56,90.3,65.48
2026-07-18 10:57,90.3,65.42
2026-07-18 10:58,90.3,65.39
2026-07-18 10:59,90.4,65.45
2026-07-18 11:00,90.4,65.31
2026-07-18 11:01,90.5,65.0
2026-07-18 11:02,90.5,64.57
2026-07-18 11:03,90.5,64.48
2026-07-18 11:04,90.5,64.26
2026-07-18 11:05,90.6,64.3
2026-07-18 11:06,90.6,64.25
2026-07-18 11:07,90.6,63.82
2026-07-18 11:08,90.6,63.71
2026-07-18 11:09,90.7,63.65
2026-07-18 11:10,90.7,63.61
2026-07-18 11:11,90.7,63.37
2026-07-18 11:12,90.7,63.42
2026-07-18 11:13,90.8,63.64
2026-07-18 11:14,90.8,63.67
2026-07-18 11:15,90.9,63.5
2026-07-18 11:16,90.9,63.57
2026-07-18 11:17,91.0,63.66
2026-07-18 11:18,91.0,63.63
2026-07-18 11:19,91.1,63.67
2026-07-18 11:20,91.2,63.65
2026-07-18 11:21,91.2,63.69
2026-07-18 11:22,91.3,63.62
2026-07-18 11:23,91.4,63.58
2026-07-18 11:24,91.5,63.44
2026-07-18 11:25,91.6,63.34
2026-07-18 11:26,91.7,63.2
2026-07-18 11:27,91.8,63.13
2026-07-18 11:28,91.9,63.16
2026-07-18 11:29,91.9,63.01
2026-07-18 11:30,92.0,63.01
2026-07-18 11:31,92.1,62.95
2026-07-18 11:32,92.2,62.74
2026-07-18 11:33,92.3,62.57
2026-07-18 11:34,92.4,62.49
2026-07-18 11:35,92.5,62.27
2026-07-18 11:36,92.5,62.18
2026-07-18 11:37,92.6,62.27
2026-07-18 11:38,92.7,62.27
2026-07-18 11:39,92.8,62.13
2026-07-18 11:40,92.9,61.85
2026-07-18 11:41,92.9,61.54
2026-07-18 11:42,93.0,61.42
2026-07-18 11:43,93.0,61.1
2026-07-18 11:44,93.1,61.09
2026-07-18 11:45,93.1,61.02
2026-07-18 11:46,93.2,60.75
2026-07-18 11:47,93.2,60.5
2026-07-18 11:48,93.2,60.69
2026-07-18 11:49,93.3,60.83
2026-07-18 11:50,93.4,60.74
2026-07-18 11:51,93.5,60.76
2026-07-18 11:52,93.6,60.91
2026-07-18 11:53,93.6,60.72
2026-07-18 11:54,93.7,60.29
2026-07-18 11:55,93.8,60.16
2026-07-18 11:56,93.8,60.21
2026-07-18 11:57,93.9,59.87
2026-07-18 11:58,93.9,59.67
2026-07-18 11:59,94.0,59.39
2026-07-18 12:00,94.0,59.66
2026-07-18 12:01,94.0,59.56
2026-07-18 12:02,94.1,59.28
2026-07-18 12:03,94.2,58.94
2026-07-18 12:04,94.2,58.51
2026-07-18 12:05,94.2,58.76
2026-07-18 12:06,94.3,58.85
2026-07-18 12:07,94.3,58.76
2026-07-18 12:08,94.4,58.78
2026-07-18 12:09,94.4,58.74
2026-07-18 12:10,94.5,58.88
2026-07-18 12:11,94.6,58.92
2026-07-18 12:12,94.7,58.85
2026-07-18 12:13,94.7,58.39
2026-07-18 12:14,94.8,58.37
2026-07-18 12:15,94.8,58.44
2026-07-18 12:16,94.9,58.5
2026-07-18 12:17,94.9,58.33
2026-07-18 12:18,95.0,58.4
2026-07-18 12:19,95.0,58.46
2026-07-18 12:20,95.1,58.33
2026-07-18 12:21,95.1,58.16
2026-07-18 12:22,95.2,58.12
2026-07-18 12:23,95.3,58.32
2026-07-18 12:24,95.3,58.18
2026-07-18 12:25,95.4,57.96
2026-07-18 12:26,95.4,58.01
2026-07-18 12:27,95.5,58.01
2026-07-18 12:28,95.5,57.96
2026-07-18 12:29,95.6,57.93
2026-07-18 12:30,95.6,57.84
2026-07-18 12:31,95.6,57.41
2026-07-18 12:32,95.6,57.37
2026-07-18 12:33,95.6,57.48
2026-07-18 12:34,95.7,57.63
2026-07-18 12:35,95.7,57.81
2026-07-18 12:36,95.8,57.71
2026-07-18 12:37,95.9,57.63
2026-07-18 12:38,95.9,57.66
2026-07-18 12:39,96.0,57.38
2026-07-18 12:40,96.0,57.42
2026-07-18 12:41,96.1,57.4
2026-07-18 12:42,96.2,57.34
2026-07-18 12:43,96.2,57.17
2026-07-18 12:44,96.2,57.09
2026-07-18 12:45,96.3,57.32
2026-07-18 12:46,96.3,57.17
2026-07-18 12:47,96.4,56.77
2026-07-18 12:48,96.4,56.73
2026-07-18 12:49,96.5,56.57
2026-07-18 12:50,96.5,56.51
2026-07-18 12:51,96.6,55.9
2026-07-18 12:52,96.6,55.84
2026-07-18 12:53,96.6,56.03
2026-07-18 12:54,96.7,56.09
2026-07-18 12:55,96.7,56.13
2026-07-18 12:56,96.8,55.86
2026-07-18 12:57,96.7,55.74
2026-07-18 12:58,96.7,55.84
2026-07-18 12:59,96.7,55.67
2026-07-18 13:00,96.7,55.58
2026-07-18 13:01,96.6,55.81
2026-07-18 13:02,96.6,56.02
2026-07-18 13:03,96.6,56.09
2026-07-18 13:04,96.6,55.79
2026-07-18 13:05,96.6,55.88
2026-07-18 13:06,96.6,55.72
2026-07-18 13:07,96.6,55.79
2026-07-18 13:08,96.6,55.6
2026-07-18 13:09,96.6,55.46
2026-07-18 13:10,96.6,55.5
2026-07-18 13:11,96.6,55.71
2026-07-18 13:12,96.6,55.91
2026-07-18 13:13,96.6,55.99
2026-07-18 13:14,96.6,56.08
2026-07-18 13:15,96.6,56.14
2026-07-18 13:16,96.7,56.16
2026-07-18 13:17,96.7,56.06
2026-07-18 13:18,96.7,55.96
2026-07-18 13:19,96.7,55.74
2026-07-18 13:20,96.7,55.48
2026-07-18 13:21,96.7,55.66
2026-07-18 13:22,96.7,55.67
2026-07-18 13:23,96.8,55.51
2026-07-18 13:24,96.8,55.5
2026-07-18 13:25,96.8,55.63
2026-07-18 13:26,96.8,55.67
2026-07-18 13:27,96.9,55.7
2026-07-18 13:28,96.9,55.67
2026-07-18 13:29,97.0,55.22
2026-07-18 13:30,97.0,55.19
2026-07-18 13:31,97.0,54.49
2026-07-18 13:32,97.0,54.48
2026-07-18 13:33,97.0,54.47
2026-07-18 13:34,97.0,54.34
2026-07-18 13:35,97.0,54.52
2026-07-18 13:36,97.0,54.43
2026-07-18 13:37,97.0,54.39
2026-07-18 13:38,97.0,54.34
2026-07-18 13:39,97.0,54.43
2026-07-18 13:40,97.0,54.74
2026-07-18 13:41,97.0,54.98
2026-07-18 13:42,97.0,54.97
2026-07-18 13:43,97.0,54.86
2026-07-18 13:44,97.0,55.0
2026-07-18 13:45,97.0,55.1
2026-07-18 13:46,96.9,55.05
2026-07-18 13:47,96.9,55.23
2026-07-18 13:48,96.9,55.34
2026-07-18 13:49,96.9,55.53
2026-07-18 13:50,96.9,55.67
2026-07-18 13:51,96.9,55.6
2026-07-18 13:52,96.9,55.49
2026-07-18 13:53,97.0,55.49
2026-07-18 13:54,97.0,55.54
2026-07-18 13:55,97.1,55.64
2026-07-18 13:56,97.2,55.43
2026-07-18 13:57,97.2,55.13
2026-07-18 13:58,97.2,54.81
2026-07-18 13:59,97.3,54.37
2026-07-18 14:00,97.2,54.43
2026-07-18 14:01,97.2,54.7
2026-07-18 14:02,97.2,54.79
2026-07-18 14:03,97.2,54.73
2026-07-18 14:04,97.2,54.63
2026-07-18 14:05,97.2,54.5
2026-07-18 14:06,97.1,54.93
2026-07-18 14:07,97.2,55.21
2026-07-18 14:08,97.2,55.13
2026-07-18 14:09,97.2,55.06
2026-07-18 14:10,97.2,55.13
2026-07-18 14:11,97.2,55.27
2026-07-18 14:12,97.3,55.25
2026-07-18 14:13,97.3,54.92
2026-07-18 14:14,97.4,55.0
2026-07-18 14:15,97.5,54.98
2026-07-18 14:16,97.5,55.04
2026-07-18 14:17,97.6,54.94
2026-07-18 14:18,97.6,54.76
2026-07-18 14:19,97.6,54.75
2026-07-18 14:20,97.7,54.56
2026-07-18 14:21,97.7,54.3
2026-07-18 14:22,97.7,54.31
2026-07-18 14:23,97.7,54.48
2026-07-18 14:24,97.7,54.7
2026-07-18 14:25,97.7,54.83
2026-07-18 14:26,97.8,54.65
2026-07-18 14:27,97.9,54.48
2026-07-18 14:28,97.9,54.1
2026-07-18 14:29,97.9,54.08
2026-07-18 14:30,98.0,53.81
2026-07-18 14:31,98.0,53.44
2026-07-18 14:32,98.0,53.19
2026-07-18 14:33,98.0,53.51
2026-07-18 14:34,98.0,53.81
2026-07-18 14:35,98.0,53.9
2026-07-18 14:36,98.0,53.79
2026-07-18 14:37,98.0,53.93
2026-07-18 14:38,98.0,54.11
2026-07-18 14:39,98.1,54.01
2026-07-18 14:40,98.1,53.96
2026-07-18 14:41,98.2,53.89
2026-07-18 14:42,98.2,53.86
2026-07-18 14:43,98.3,53.81
2026-07-18 14:44,98.4,53.79
2026-07-18 14:45,98.4,53.54
2026-07-18 14:46,98.4,53.64
2026-07-18 14:47,98.4,53.76
2026-07-18 14:48,98.4,53.77
2026-07-18 14:49,98.4,53.72
2026-07-18 14:50,98.4,53.9
2026-07-18 14:51,98.4,54.04
2026-07-18 14:52,98.5,53.83
2026-07-18 14:53,98.6,53.5
2026-07-18 14:54,98.6,53.21
2026-07-18 14:55,98.6,52.97
2026-07-18 14:56,98.6,52.99
2026-07-18 14:57,98.6,53.17
2026-07-18 14:58,98.6,53.24
2026-07-18 14:59,98.6,53.2
2026-07-18 15:00,98.6,53.14
2026-07-18 15:01,98.6,53.45
2026-07-18 15:02,98.6,53.45
2026-07-18 15:03,98.6,53.54
2026-07-18 15:04,98.6,53.67
2026-07-18 15:05,98.6,53.6
2026-07-18 15:06,98.6,53.58
2026-07-18 15:07,98.6,53.58
2026-07-18 15:08,98.7,53.65
2026-07-18 15:09,98.7,53.83
2026-07-18 15:10,98.7,53.73
2026-07-18 15:11,98.7,53.82
2026-07-18 15:12,98.7,53.76
2026-07-18 15:13,98.7,53.56
2026-07-18 15:14,98.7,53.53
2026-07-18 15:15,98.7,53.51
2026-07-18 15:16,98.7,53.34
2026-07-18 15:17,98.7,53.22
2026-07-18 15:18,98.7,53.28
2026-07-18 15:19,98.7,53.42
2026-07-18 15:20,98.7,53.54
2026-07-18 15:21,98.6,53.42
2026-07-18 15:22,98.6,53.51
2026-07-18 15:23,98.6,53.52
2026-07-18 15:24,98.6,53.47
2026-07-18 15:25,98.6,53.4
2026-07-18 15:26,98.6,53.44
2026-07-18 15:27,98.6,53.19
2026-07-18 15:28,98.6,53.0
2026-07-18 15:29,98.6,53.18
2026-07-18 15:30,98.7,53.25
2026-07-18 15:31,98.7,53.08
2026-07-18 15:32,98.7,53.04
2026-07-18 15:33,98.7,53.0
2026-07-18 15:34,98.7,52.92
2026-07-18 15:35,98.7,52.89
2026-07-18 15:36,98.6,52.87
2026-07-18 15:37,98.6,52.93
2026-07-18 15:38,98.6,52.97
2026-07-18 15:39,98.6,53.2
2026-07-18 15:40,98.6,53.23
2026-07-18 15:41,98.6,53.16
2026-07-18 15:42,98.6,53.15
2026-07-18 15:43,98.6,53.13
2026-07-18 15:44,98.6,53.2
2026-07-18 15:45,98.6,53.18
2026-07-18 15:46,98.6,53.17
2026-07-18 15:47,98.6,53.24
2026-07-18 15:48,98.5,53.19
2026-07-18 15:49,98.5,53.13
2026-07-18 15:50,98.5,53.19
2026-07-18 15:51,98.5,53.16
2026-07-18 15:52,98.5,52.43
2026-07-18 15:53,98.5,52.4
2026-07-18 15:54,98.4,52.34
2026-07-18 15:55,98.4,52.29
2026-07-18 15:56,98.3,52.37
2026-07-18 15:57,98.2,52.61
2026-07-18 15:58,98.1,52.77
2026-07-18 15:59,98.1,52.82
2026-07-18 16:00,98.0,52.77
2026-07-18 16:01,97.9,52.91
2026-07-18 16:02,97.9,53.06
2026-07-18 16:03,97.9,53.12
2026-07-18 16:04,97.9,53.23
2026-07-18 16:05,97.8,53.26
2026-07-18 16:06,97.8,53.41
2026-07-18 16:07,97.8,53.53
2026-07-18 16:08,97.8,53.57
2026-07-18 16:09,97.7,53.81
2026-07-18 16:10,97.7,53.99
2026-07-18 16:11,97.7,54.07
2026-07-18 16:12,97.7,54.1
2026-07-18 16:13,97.6,54.29
2026-07-18 16:14,97.6,54.47
2026-07-18 16:15,97.5,54.61
2026-07-18 16:16,97.5,54.42
2026-07-18 16:17,97.4,54.39
2026-07-18 16:18,97.4,54.52
2026-07-18 16:19,97.4,54.6
2026-07-18 16:20,97.3,54.47
2026-07-18 16:21,97.3,54.55
2026-07-18 16:22,97.3,54.48
2026-07-18 16:23,97.3,54.36
2026-07-18 16:24,97.2,54.34
2026-07-18 16:25,97.2,54.56
2026-07-18 16:26,97.2,54.74
2026-07-18 16:27,97.2,54.88
2026-07-18 16:28,97.2,54.96
2026-07-18 16:29,97.3,54.95
2026-07-18 16:30,97.3,54.96
2026-07-18 16:31,97.3,54.76
2026-07-18 16:32,97.3,54.4
2026-07-18 16:33,97.3,54.35
2026-07-18 16:34,97.2,54.31
2026-07-18 16:35,97.2,54.2
2026-07-18 16:36,97.1,53.91
2026-07-18 16:37,97.0,53.91
2026-07-18 16:38,97.0,54.01
2026-07-18 16:39,96.9,54.12
2026-07-18 16:40,96.9,54.21
2026-07-18 16:41,96.8,54.1
2026-07-18 16:42,96.8,54.12
2026-07-18 16:43,96.7,54.21
2026-07-18 16:44,96.7,54.37
2026-07-18 16:45,96.7,54.28
2026-07-18 16:46,96.7,54.25
2026-07-18 16:47,96.6,54.31
2026-07-18 16:48,96.6,54.42
2026-07-18 16:49,96.5,54.58
2026-07-18 16:50,96.5,54.67
2026-07-18 16:51,96.4,54.61
2026-07-18 16:52,96.4,54.69
2026-07-18 16:53,96.3,54.71
2026-07-18 16:54,96.3,54.82
2026-07-18 16:55,96.2,54.98
2026-07-18 16:56,96.2,55.19
2026-07-18 16:57,96.2,55.3
2026-07-18 16:58,96.1,55.44
2026-07-18 16:59,96.1,55.45
2026-07-18 17:00,96.1,55.19
2026-07-18 17:01,96.0,54.99
2026-07-18 17:02,95.9,54.99
2026-07-18 17:03,95.8,55.12
2026-07-18 17:04,95.7,55.13
2026-07-18 17:05,95.6,55.29
2026-07-18 17:06,95.6,55.52
2026-07-18 17:07,95.5,55.78
2026-07-18 17:08,95.5,55.83
2026-07-18 17:09,95.5,55.87
2026-07-18 17:10,95.5,55.93
2026-07-18 17:11,95.5,55.95
2026-07-18 17:12,95.5,56.0
2026-07-18 17:13,95.4,56.05
2026-07-18 17:14,95.4,56.2
2026-07-18 17:15,95.4,56.31
2026-07-18 17:16,95.3,56.39
2026-07-18 17:17,95.3,56.27
2026-07-18 17:18,95.2,56.17
2026-07-18 17:19,95.1,56.31
2026-07-18 17:20,95.1,56.4
2026-07-18 17:21,95.1,56.49
2026-07-18 17:22,95.0,56.59
2026-07-18 17:23,95.0,56.69
2026-07-18 17:24,95.0,56.72
2026-07-18 17:25,95.0,56.83
2026-07-18 17:26,95.0,56.8
2026-07-18 17:27,95.0,56.75
2026-07-18 17:28,95.0,56.75
2026-07-18 17:29,95.0,56.66
2026-07-18 17:30,95.0,56.72
2026-07-18 17:31,94.9,56.71
2026-07-18 17:32,94.9,56.75
2026-07-18 17:33,94.9,56.83
2026-07-18 17:34,94.8,57.01
2026-07-18 17:35,94.8,57.11
2026-07-18 17:36,94.8,57.21
2026-07-18 17:37,94.7,57.4
2026-07-18 17:38,94.7,57.6
2026-07-18 17:39,94.7,57.5
2026-07-18 17:40,94.6,57.27
2026-07-18 17:41,94.6,57.14
2026-07-18 17:42,94.6,56.84
2026-07-18 17:43,94.6,56.67
2026-07-18 17:44,94.5,56.51
2026-07-18 17:45,94.4,56.44
2026-07-18 17:46,94.3,56.34
2026-07-18 17:47,94.2,56.35
2026-07-18 17:48,94.2,56.4
2026-07-18 17:49,94.2,56.4
2026-07-18 17:50,94.2,56.42
2026-07-18 17:51,94.2,56.46
2026-07-18 17:52,94.2,56.56
2026-07-18 17:53,94.2,56.61
2026-07-18 17:54,94.2,56.71
2026-07-18 17:55,94.2,56.79
2026-07-18 17:56,94.2,56.77
2026-07-18 17:57,94.2,56.76
2026-07-18 17:58,94.2,56.83
2026-07-18 17:59,94.2,56.87
2026-07-18 18:00,94.1,57.07
2026-07-18 18:01,94.1,57.02
2026-07-18 18:02,94.2,56.89
2026-07-18 18:03,94.1,56.89
2026-07-18 18:04,94.1,57.0
2026-07-18 18:05,94.1,56.99
2026-07-18 18:06,94.1,56.99
2026-07-18 18:07,94.1,57.04
2026-07-18 18:08,94.1,56.96
2026-07-18 18:09,94.1,56.91
2026-07-18 18:10,94.0,56.82
2026-07-18 18:11,94.0,56.74
2026-07-18 18:12,94.0,56.64
2026-07-18 18:13,93.9,56.52
2026-07-18 18:14,93.9,56.54
2026-07-18 18:15,93.8,56.62
2026-07-18 18:16,93.8,56.58
2026-07-18 18:17,93.7,56.57
2026-07-18 18:18,93.7,56.57
2026-07-18 18:19,93.7,56.53
2026-07-18 18:20,93.7,56.59
2026-07-18 18:21,93.6,56.63
2026-07-18 18:22,93.5,56.56
2026-07-18 18:23,93.3,56.75
2026-07-18 18:24,93.2,57.06
2026-07-18 18:25,93.1,57.33
2026-07-18 18:26,93.1,57.48
2026-07-18 18:27,93.0,57.47
2026-07-18 18:28,93.0,57.39
2026-07-18 18:29,93.0,57.46
2026-07-18 18:30,93.0,57.72
2026-07-18 18:31,93.0,57.98
2026-07-18 18:32,93.0,58.08
2026-07-18 18:33,93.0,58.38
2026-07-18 18:34,93.0,58.5
2026-07-18 18:35,93.0,58.56
2026-07-18 18:36,93.0,58.57
2026-07-18 18:37,92.9,58.62
2026-07-18 18:38,92.9,58.57
2026-07-18 18:39,92.9,58.59
2026-07-18 18:40,92.9,58.64
2026-07-18 18:41,92.9,58.77
2026-07-18 18:42,92.8,58.83
2026-07-18 18:43,92.8,58.91
2026-07-18 18:44,92.8,58.99
2026-07-18 18:45,92.7,59.06
2026-07-18 18:46,92.7,59.06
2026-07-18 18:47,92.7,59.04
2026-07-18 18:48,92.6,58.98
2026-07-18 18:49,92.6,58.7
2026-07-18 18:50,92.6,58.62
2026-07-18 18:51,92.6,58.85
2026-07-18 18:52,92.6,59.09
2026-07-18 18:53,92.5,59.36
2026-07-18 18:54,92.5,59.59
2026-07-18 18:55,92.5,59.85
2026-07-18 18:56,92.5,59.97
2026-07-18 18:57,92.5,60.08
2026-07-18 18:58,92.5,60.31
2026-07-18 18:59,92.5,60.39
2026-07-18 19:00,92.4,60.4
2026-07-18 19:01,92.4,60.4
2026-07-18 19:02,92.4,60.43
2026-07-18 19:03,92.4,60.52
2026-07-18 19:04,92.4,60.55
2026-07-18 19:05,92.4,60.65
2026-07-18 19:06,92.4,60.78
2026-07-18 19:07,92.4,60.93
2026-07-18 19:08,92.4,60.95
2026-07-18 19:09,92.3,60.99
2026-07-18 19:10,92.3,61.07
2026-07-18 19:11,92.3,60.93
2026-07-18 19:12,92.3,61.0
2026-07-18 19:13,92.2,61.19
2026-07-18 19:14,92.2,61.32
2026-07-18 19:15,92.2,61.35
2026-07-18 19:16,92.2,61.34
2026-07-18 19:17,92.2,61.25
2026-07-18 19:18,92.2,61.14
2026-07-18 19:19,92.1,61.14
2026-07-18 19:20,92.1,61.11
2026-07-18 19:21,92.1,61.13
2026-07-18 19:22,92.1,61.15
2026-07-18 19:23,92.0,61.22
2026-07-18 19:24,92.0,61.31
2026-07-18 19:25,92.0,61.4
2026-07-18 19:26,92.0,61.42
2026-07-18 19:27,91.9,61.43
2026-07-18 19:28,91.9,61.42
2026-07-18 19:29,91.9,61.44
2026-07-18 19:30,91.8,61.45
2026-07-18 19:31,91.8,61.51
2026-07-18 19:32,91.8,61.61
2026-07-18 19:33,91.7,61.68
2026-07-18 19:34,91.7,61.88
2026-07-18 19:35,91.7,61.95
2026-07-18 19:36,91.6,62.0
2026-07-18 19:37,91.6,62.08
2026-07-18 19:38,91.6,62.18
2026-07-18 19:39,91.6,62.27
2026-07-18 19:40,91.6,62.37
2026-07-18 19:41,91.5,62.22
2026-07-18 19:42,91.5,62.18
2026-07-18 19:43,91.4,62.31
2026-07-18 19:44,91.4,62.37
2026-07-18 19:45,91.4,62.45
2026-07-18 19:46,91.4,62.4
2026-07-18 19:47,91.3,62.45
2026-07-18 19:48,91.3,62.45
2026-07-18 19:49,91.3,62.48
2026-07-18 19:50,91.3,62.55
2026-07-18 19:51,91.2,62.63
2026-07-18 19:52,91.2,62.66
2026-07-18 19:53,91.2,62.74
2026-07-18 19:54,91.1,62.78
2026-07-18 19:55,91.1,62.8
2026-07-18 19:56,91.0,62.75
2026-07-18 19:57,90.9,62.65
2026-07-18 19:58,90.9,62.52
2026-07-18 19:59,90.9,62.33
2026-07-18 20:00,90.8,62.3
2026-07-18 20:01,90.7,62.34
2026-07-18 20:02,90.7,62.37
2026-07-18 20:03,90.6,62.39
2026-07-18 20:04,90.6,62.48
2026-07-18 20:05,90.5,62.53
2026-07-18 20:06,90.5,62.55
2026-07-18 20:07,90.5,62.61
2026-07-18 20:08,90.4,62.68
2026-07-18 20:09,90.4,62.73
2026-07-18 20:10,90.3,62.8
2026-07-18 20:11,90.3,62.89
2026-07-18 20:12,90.3,62.87
2026-07-18 20:13,90.2,62.94
2026-07-18 20:14,90.1,62.96
2026-07-18 20:15,90.1,63.06
2026-07-18 20:16,90.1,63.11
2026-07-18 20:17,90.0,63.13
2026-07-18 20:18,90.0,63.13
2026-07-18 20:19,90.0,63.18
2026-07-18 20:20,89.9,63.19
2026-07-18 20:21,89.9,63.21
2026-07-18 20:22,89.8,63.24
2026-07-18 20:23,89.8,63.25
2026-07-18 20:24,89.8,63.25
2026-07-18 20:25,89.7,63.28
2026-07-18 20:26,89.7,63.3
2026-07-18 20:27,89.7,63.29
2026-07-18 20:28,89.7,63.24
2026-07-18 20:29,89.6,63.25
2026-07-18 20:30,89.6,63.26
2026-07-18 20:31,89.5,63.31
2026-07-18 20:32,89.5,63.33
2026-07-18 20:33,89.4,63.4
2026-07-18 20:34,89.4,63.44
2026-07-18 20:35,89.3,63.53
2026-07-18 20:36,89.3,63.63
2026-07-18 20:37,89.3,63.67
2026-07-18 20:38,89.2,63.79
2026-07-18 20:39,89.2,63.94
2026-07-18 20:40,89.1,64.04
2026-07-18 20:41,89.1,64.18
2026-07-18 20:42,89.1,64.27
2026-07-18 20:43,89.1,64.35
2026-07-18 20:44,89.0,64.45
2026-07-18 20:45,89.0,64.6
2026-07-18 20:46,88.9,64.72
2026-07-18 20:47,88.9,64.83
2026-07-18 20:48,88.9,64.89
2026-07-18 20:49,88.9,65.01
2026-07-18 20:50,88.9,65.09
2026-07-18 20:51,88.8,65.15
2026-07-18 20:52,88.8,65.22
2026-07-18 20:53,88.8,65.31
2026-07-18 20:54,88.8,65.36
2026-07-18 20:55,88.7,65.31
2026-07-18 20:56,88.7,65.49
2026-07-18 20:57,88.7,65.56
2026-07-18 20:58,88.7,65.62
2026-07-18 20:59,88.7,65.67
2026-07-18 21:00,88.6,65.73
2026-07-18 21:01,88.6,65.73
2026-07-18 21:02,88.6,65.86
2026-07-18 21:03,88.5,65.96
2026-07-18 21:04,88.5,66.02
2026-07-18 21:05,88.5,66.07
2026-07-18 21:06,88.5,66.2
2026-07-18 21:07,88.4,66.22
2026-07-18 21:08,88.4,66.34
2026-07-18 21:09,88.3,66.4
2026-07-18 21:10,88.3,66.49
2026-07-18 21:11,88.3,66.61
2026-07-18 21:12,88.2,66.67
2026-07-18 21:13,88.2,66.68
2026-07-18 21:14,88.2,66.76
2026-07-18 21:15,88.2,66.89
2026-07-18 21:16,88.1,66.9
2026-07-18 21:17,88.1,66.98
2026-07-18 21:18,88.1,67.11
2026-07-18 21:19,88.0,67.21
2026-07-18 21:20,88.0,67.25
2026-07-18 21:21,88.0,67.3
2026-07-18 21:22,88.0,67.35
2026-07-18 21:23,87.9,67.41
2026-07-18 21:24,87.9,67.5
2026-07-18 21:25,87.9,67.57
2026-07-18 21:26,87.9,67.59
2026-07-18 21:27,87.9,67.63
2026-07-18 21:28,87.8,67.56
2026-07-18 21:29,87.8,67.6
2026-07-18 21:30,87.8,67.62
2026-07-18 21:31,87.8,67.67
2026-07-18 21:32,87.7,67.75
2026-07-18 21:33,87.7,67.83
2026-07-18 21:34,87.7,67.84
2026-07-18 21:35,87.7,67.9
2026-07-18 21:36,87.7,67.94
2026-07-18 21:37,87.6,67.9
2026-07-18 21:38,87.6,67.94
2026-07-18 21:39,87.6,68.03
2026-07-18 21:40,87.6,68.03
2026-07-18 21:41,87.6,68.05
2026-07-18 21:42,87.5,68.09
2026-07-18 21:43,87.5,68.14
2026-07-18 21:44,87.5,68.25
2026-07-18 21:45,87.5,68.26
2026-07-18 21:46,87.4,68.29
2026-07-18 21:47,87.4,68.26
2026-07-18 21:48,87.4,68.29
2026-07-18 21:49,87.4,68.37
2026-07-18 21:50,87.3,68.27
2026-07-18 21:51,87.3,68.45
2026-07-18 21:52,87.3,68.54
2026-07-18 21:53,87.3,68.58
2026-07-18 21:54,87.2,68.62
2026-07-18 21:55,87.2,68.67
2026-07-18 21:56,87.2,68.73
2026-07-18 21:57,87.2,68.76
2026-07-18 21:58,87.1,68.78
2026-07-18 21:59,87.1,68.83
2026-07-18 22:00,87.1,68.93
2026-07-18 22:01,87.1,68.99
2026-07-18 22:02,87.1,68.87
2026-07-18 22:03,87.1,68.59
2026-07-18 22:04,87.1,68.36
2026-07-18 22:05,87.1,68.24
2026-07-18 22:06,87.2,68.0
2026-07-18 22:07,87.3,67.81
2026-07-18 22:08,87.4,67.67
2026-07-18 22:09,87.4,67.48
2026-07-18 22:10,87.5,67.3
2026-07-18 22:11,87.6,67.14
2026-07-18 22:12,87.7,66.96
2026-07-18 22:13,87.7,66.85
2026-07-18 22:14,87.8,66.73
2026-07-18 22:15,87.8,66.6
2026-07-18 22:16,87.8,66.5
2026-07-18 22:17,87.9,66.36
2026-07-18 22:18,87.9,66.23
2026-07-18 22:19,88.0,66.14
2026-07-18 22:20,88.0,66.06
2026-07-18 22:21,88.0,65.97
2026-07-18 22:22,88.0,65.89
2026-07-18 22:23,88.1,65.81
2026-07-18 22:24,88.1,65.73
2026-07-18 22:25,88.1,65.67
2026-07-18 22:26,88.1,65.61
2026-07-18 22:27,88.1,65.55
2026-07-18 22:28,88.2,65.47
2026-07-18 22:29,88.2,65.41
2026-07-18 22:30,88.2,65.35
2026-07-18 22:31,88.2,65.3
2026-07-18 22:32,88.2,65.24
2026-07-18 22:33,88.2,65.19
2026-07-18 22:34,88.2,65.12
2026-07-18 22:35,88.2,65.1
2026-07-18 22:36,88.2,65.04
2026-07-18 22:37,88.2,65.0
2026-07-18 22:38,88.2,64.96
2026-07-18 22:39,88.2,64.93
2026-07-18 22:40,88.2,64.89
2026-07-18 22:41,88.2,64.87
2026-07-18 22:42,88.2,64.83
2026-07-18 22:43,88.2,64.8
2026-07-18 22:44,88.2,64.78
2026-07-18 22:45,88.2,64.77
2026-07-18 22:46,88.2,64.75
2026-07-18 22:47,88.2,64.72
2026-07-18 22:48,88.2,64.69
2026-07-18 22:49,88.2,64.66
2026-07-18 22:50,88.2,64.63
2026-07-18 22:51,88.2,64.6
2026-07-18 22:52,88.2,64.59
2026-07-18 22:53,88.2,64.56
2026-07-18 22:54,88.2,64.54
2026-07-18 22:55,88.2,64.51
2026-07-18 22:56,88.2,64.49
2026-07-18 22:57,88.2,64.47
2026-07-18 22:58,88.2,64.46
2026-07-18 22:59,88.2,64.45
2026-07-18 23:00,88.2,64.43
2026-07-18 23:01,88.2,64.42
2026-07-18 23:02,88.2,64.41
2026-07-18 23:03,88.2,64.4
2026-07-18 23:04,88.2,64.4
2026-07-18 23:05,88.2,64.38
2026-07-18 23:06,88.2,64.37
2026-07-18 23:07,88.1,64.34
2026-07-18 23:08,88.1,64.34
2026-07-18 23:09,88.1,64.32
2026-07-18 23:10,88.1,64.31
2026-07-18 23:11,88.1,64.3
2026-07-18 23:12,88.1,64.29
2026-07-18 23:13,88.1,64.29
2026-07-18 23:14,88.1,64.28
2026-07-18 23:15,88.1,64.28
2026-07-18 23:16,88.1,64.28
2026-07-18 23:17,88.1,64.26
2026-07-18 23:18,88.1,64.25
2026-07-18 23:19,88.1,64.25
2026-07-18 23:20,88.1,64.24
2026-07-18 23:21,88.1,64.23
2026-07-18 23:22,88.0,64.24
2026-07-18 23:23,88.0,64.23
2026-07-18 23:24,88.0,64.22
2026-07-18 23:25,88.0,64.21
2026-07-18 23:26,88.0,64.2
2026-07-18 23:27,88.0,64.19
2026-07-18 23:28,88.0,64.19
2026-07-18 23:29,88.0,64.18
2026-07-18 23:30,88.0,64.17
2026-07-18 23:31,88.0,64.17
2026-07-18 23:32,88.0,64.16
2026-07-18 23:33,88.0,64.15
2026-07-18 23:34,88.0,64.16
2026-07-18 23:35,87.9,64.15
2026-07-18 23:36,87.9,64.15
2026-07-18 23:37,87.9,64.15
2026-07-18 23:38,87.9,64.15
2026-07-18 23:39,87.9,64.15
2026-07-18 23:40,87.9,64.14
2026-07-18 23:41,87.9,64.15
2026-07-18 23:42,87.9,64.16
2026-07-18 23:43,87.9,64.16
2026-07-18 23:44,87.9,64.16
2026-07-18 23:45,87.8,64.15
2026-07-18 23:46,87.8,64.16
2026-07-18 23:47,87.8,64.17
2026-07-18 23:48,87.8,64.17
2026-07-18 23:49,87.8,64.17
2026-07-18 23:50,87.8,64.17
2026-07-18 23:51,87.8,64.18
2026-07-18 23:52,87.8,64.18
2026-07-18 23:53,87.8,64.18
2026-07-18 23:54,87.7,64.18
2026-07-18 23:55,87.7,64.17
2026-07-18 23:56,87.7,64.17
2026-07-18 23:57,87.7,64.16
2026-07-18 23:58,87.7,64.16
2026-07-18 23:59,87.7,64.15
2026-07-19 00:00,87.7,64.17
2026-07-19 00:01,87.7,64.17
2026-07-19 00:02,87.7,64.18
2026-07-19 00:03,87.7,64.16
2026-07-19 00:04,87.7,64.16
2026-07-19 00:05,87.6,64.17
2026-07-19 00:06,87.6,64.16
2026-07-19 00:07,87.6,64.17
2026-07-19 00:08,87.6,64.18
2026-07-19 00:09,87.6,64.17
2026-07-19 00:10,87.6,64.18
2026-07-19 00:11,87.6,64.19
2026-07-19 00:12,87.6,64.19
2026-07-19 00:13,87.6,64.19
2026-07-19 00:14,87.6,64.2
2026-07-19 00:15,87.5,64.19
2026-07-19 00:16,87.5,64.19
2026-07-19 00:17,87.5,64.19
2026-07-19 00:18,87.5,64.2
2026-07-19 00:19,87.5,64.2
2026-07-19 00:20,87.5,64.2
2026-07-19 00:21,87.5,64.2
2026-07-19 00:22,87.5,64.2
2026-07-19 00:23,87.4,64.21
2026-07-19 00:24,87.4,64.22
2026-07-19 00:25,87.4,64.22
2026-07-19 00:26,87.4,64.23
2026-07-19 00:27,87.4,64.22
2026-07-19 00:28,87.4,64.22
2026-07-19 00:29,87.4,64.23
2026-07-19 00:30,87.4,64.24
2026-07-19 00:31,87.4,64.23
2026-07-19 00:32,87.4,64.24
2026-07-19 00:33,87.3,64.24
2026-07-19 00:34,87.3,64.25
2026-07-19 00:35,87.3,64.25
2026-07-19 00:36,87.3,64.25
2026-07-19 00:37,87.3,64.26
2026-07-19 00:38,87.3,64.26
2026-07-19 00:39,87.3,64.27
2026-07-19 00:40,87.3,64.27
2026-07-19 00:41,87.3,64.27
2026-07-19 00:42,87.3,64.28
2026-07-19 00:43,87.2,64.28
2026-07-19 00:44,87.2,64.28
2026-07-19 00:45,87.2,64.29
2026-07-19 00:46,87.2,64.29
2026-07-19 00:47,87.2,64.29
2026-07-19 00:48,87.2,64.3
2026-07-19 00:49,87.2,64.32
2026-07-19 00:50,87.2,64.33
2026-07-19 00:51,87.2,64.34
2026-07-19 00:52,87.1,64.35
2026-07-19 00:53,87.1,64.35
2026-07-19 00:54,87.1,64.37
2026-07-19 00:55,87.1,64.38
2026-07-19 00:56,87.1,64.37
2026-07-19 00:57,87.1,64.37
2026-07-19 00:58,87.1,64.39
2026-07-19 00:59,87.1,64.4
2026-07-19 01:00,87.1,64.39
2026-07-19 01:01,87.1,64.39
2026-07-19 01:02,87.1,64.4
2026-07-19 01:03,87.1,64.41
2026-07-19 01:04,87.0,64.41
2026-07-19 01:05,87.0,64.42
2026-07-19 01:06,87.0,64.42
2026-07-19 01:07,87.0,64.43
2026-07-19 01:08,87.0,64.43
2026-07-19 01:09,87.0,64.43
2026-07-19 01:10,87.0,64.44
2026-07-19 01:11,87.0,64.45
2026-07-19 01:12,87.0,64.45
2026-07-19 01:13,87.0,64.46
2026-07-19 01:14,87.0,64.46
2026-07-19 01:15,87.0,64.45
2026-07-19 01:16,87.0,64.46
2026-07-19 01:17,87.0,64.47
2026-07-19 01:18,86.9,64.47
2026-07-19 01:19,86.9,64.48
2026-07-19 01:20,86.9,64.48
2026-07-19 01:21,86.9,64.49
2026-07-19 01:22,86.9,64.5
2026-07-19 01:23,86.9,64.51
2026-07-19 01:24,86.9,64.52
2026-07-19 01:25,86.9,64.53
2026-07-19 01:26,86.9,64.54
2026-07-19 01:27,86.9,64.55
2026-07-19 01:28,86.9,64.57
2026-07-19 01:29,86.9,64.57
2026-07-19 01:30,86.8,64.57
2026-07-19 01:31,86.8,64.59
2026-07-19 01:32,86.8,64.6
2026-07-19 01:33,86.8,64.61
2026-07-19 01:34,86.8,64.63
2026-07-19 01:35,86.8,64.62
2026-07-19 01:36,86.8,64.61
2026-07-19 01:37,86.8,64.61
2026-07-19 01:38,86.8,64.62
2026-07-19 01:39,86.8,64.64
2026-07-19 01:40,86.8,64.63
2026-07-19 01:41,86.8,64.64
2026-07-19 01:42,86.8,64.66
2026-07-19 01:43,86.8,64.65
2026-07-19 01:44,86.8,64.65
2026-07-19 01:45,86.7,64.65
2026-07-19 01:46,86.7,64.65
2026-07-19 01:47,86.7,64.66
2026-07-19 01:48,86.7,64.67
2026-07-19 01:49,86.7,64.68
2026-07-19 01:50,86.7,64.69
2026-07-19 01:51,86.7,64.7
2026-07-19 01:52,86.7,64.7
2026-07-19 01:53,86.7,64.7
2026-07-19 01:54,86.7,64.71
2026-07-19 01:55,86.7,64.73
2026-07-19 01:56,86.7,64.73
2026-07-19 01:57,86.7,64.75
2026-07-19 01:58,86.7,64.76
2026-07-19 01:59,86.7,64.78
2026-07-19 02:00,86.7,64.77
2026-07-19 02:01,86.7,64.77
2026-07-19 02:02,86.7,64.77
2026-07-19 02:03,86.7,64.77
2026-07-19 02:04,86.7,64.78
2026-07-19 02:05,86.7,64.79
2026-07-19 02:06,86.7,64.81
2026-07-19 02:07,86.7,64.85
2026-07-19 02:08,86.6,64.86
2026-07-19 02:09,86.6,64.84
2026-07-19 02:10,86.6,64.83
2026-07-19 02:11,86.6,64.84
2026-07-19 02:12,86.6,64.83
2026-07-19 02:13,86.6,64.84
2026-07-19 02:14,86.6,64.85
2026-07-19 02:15,86.6,64.84
2026-07-19 02:16,86.6,64.85
2026-07-19 02:17,86.6,64.86
2026-07-19 02:18,86.6,64.89
2026-07-19 02:19,86.6,64.88
2026-07-19 02:20,86.6,64.89
2026-07-19 02:21,86.6,64.89
2026-07-19 02:22,86.6,64.92
2026-07-19 02:23,86.6,64.92
2026-07-19 02:24,86.5,64.92
2026-07-19 02:25,86.5,64.92
2026-07-19 02:26,86.5,65.0
2026-07-19 02:27,86.5,64.97
2026-07-19 02:28,86.5,64.97
2026-07-19 02:29,86.5,65.0
2026-07-19 02:30,86.5,64.99
2026-07-19 02:31,86.5,64.99
2026-07-19 02:32,86.5,64.98
2026-07-19 02:33,86.5,64.99
2026-07-19 02:34,86.5,64.99
2026-07-19 02:35,86.5,64.99
2026-07-19 02:36,86.4,64.99
2026-07-19 02:37,86.4,65.0
2026-07-19 02:38,86.4,65.0
2026-07-19 02:39,86.4,65.02
2026-07-19 02:40,86.4,65.04
2026-07-19 02:41,86.4,65.09
2026-07-19 02:42,86.4,65.07
2026-07-19 02:43,86.4,65.08
2026-07-19 02:44,86.4,65.1
2026-07-19 02:45,86.4,65.13
2026-07-19 02:46,86.4,65.13
2026-07-19 02:47,86.4,65.2
2026-07-19 02:48,86.3,65.16
2026-07-19 02:49,86.3,65.16
2026-07-19 02:50,86.3,65.15
2026-07-19 02:51,86.3,65.16
2026-07-19 02:52,86.3,65.15
2026-07-19 02:53,86.3,65.18
2026-07-19 02:54,86.3,65.16
2026-07-19 02:55,86.3,65.16
2026-07-19 02:56,86.3,65.18
2026-07-19 02:57,86.3,65.23
2026-07-19 02:58,86.3,65.2
2026-07-19 02:59,86.2,65.2
2026-07-19 03:00,86.2,65.21
2026-07-19 03:01,86.2,65.2
2026-07-19 03:02,86.2,65.23
2026-07-19 03:03,86.2,65.22
2026-07-19 03:04,86.2,65.24
2026-07-19 03:05,86.2,65.22
2026-07-19 03:06,86.2,65.23
2026-07-19 03:07,86.2,65.26
2026-07-19 03:08,86.2,65.24
2026-07-19 03:09,86.2,65.26
2026-07-19 03:10,86.2,65.27
2026-07-19 03:11,86.1,65.31
2026-07-19 03:12,86.1,65.29
2026-07-19 03:13,86.1,65.29
2026-07-19 03:14,86.1,65.29
2026-07-19 03:15,86.1,65.31
2026-07-19 03:16,86.1,65.31
2026-07-19 03:17,86.1,65.3
2026-07-19 03:18,86.1,65.32
2026-07-19 03:19,86.1,65.31
2026-07-19 03:20,86.1,65.32
2026-07-19 03:21,86.1,65.32
2026-07-19 03:22,86.0,65.32
2026-07-19 03:23,86.0,65.32
2026-07-19 03:24,86.0,65.35
2026-07-19 03:25,86.0,65.33
2026-07-19 03:26,86.0,65.34
2026-07-19 03:27,86.0,65.34
2026-07-19 03:28,86.0,65.34
2026-07-19 03:29,86.0,65.33
2026-07-19 03:30,86.0,65.34
2026-07-19 03:31,86.0,65.36
2026-07-19 03:32,86.0,65.35
2026-07-19 03:33,85.9,65.34
2026-07-19 03:34,85.9,65.37
2026-07-19 03:35,85.9,65.36
2026-07-19 03:36,85.9,65.39
2026-07-19 03:37,85.9,65.38
2026-07-19 03:38,85.9,65.37
2026-07-19 03:39,85.9,65.36
2026-07-19 03:40,85.9,65.37
2026-07-19 03:41,85.9,65.37
2026-07-19 03:42,85.9,65.37
2026-07-19 03:43,85.9,65.37
2026-07-19 03:44,85.9,65.37
2026-07-19 03:45,85.8,65.37
2026-07-19 03:46,85.8,65.37
2026-07-19 03:47,85.8,65.38
2026-07-19 03:48,85.8,65.38
2026-07-19 03:49,85.8,65.39
2026-07-19 03:50,85.8,65.4
2026-07-19 03:51,85.8,65.39
2026-07-19 03:52,85.8,65.4
2026-07-19 03:53,85.8,65.39
2026-07-19 03:54,85.8,65.39
2026-07-19 03:55,85.8,65.41
2026-07-19 03:56,85.7,65.41
2026-07-19 03:57,85.7,65.41
2026-07-19 03:58,85.7,65.41
2026-07-19 03:59,85.7,65.41
2026-07-19 04:00,85.7,65.43
2026-07-19 04:01,85.7,65.44
2026-07-19 04:02,85.7,65.47
2026-07-19 04:03,85.7,65.46
2026-07-19 04:04,85.7,65.49
2026-07-19 04:05,85.7,65.5
2026-07-19 04:06,85.6,65.51
2026-07-19 04:07,85.6,65.52
2026-07-19 04:08,85.6,65.53
2026-07-19 04:09,85.6,65.52
2026-07-19 04:10,85.6,65.51
2026-07-19 04:11,85.6,65.5
2026-07-19 04:12,85.6,65.5
2026-07-19 04:13,85.6,65.5
2026-07-19 04:14,85.6,65.52
2026-07-19 04:15,85.6,65.51
2026-07-19 04:16,85.6,65.51
2026-07-19 04:17,85.6,65.51
2026-07-19 04:18,85.5,65.51
2026-07-19 04:19,85.5,65.5
2026-07-19 04:20,85.5,65.51
2026-07-19 04:21,85.5,65.52
2026-07-19 04:22,85.5,65.51
2026-07-19 04:23,85.5,65.52
2026-07-19 04:24,85.5,65.51
2026-07-19 04:25,85.5,65.51
2026-07-19 04:26,85.5,65.52
2026-07-19 04:27,85.5,65.52
2026-07-19 04:28,85.5,65.52
2026-07-19 04:29,85.5,65.54
2026-07-19 04:30,85.5,65.52
2026-07-19 04:31,85.5,65.52
2026-07-19 04:32,85.5,65.53
2026-07-19 04:33,85.4,65.54
2026-07-19 04:34,85.4,65.54
2026-07-19 04:35,85.4,65.56
2026-07-19 04:36,85.4,65.57
2026-07-19 04:37,85.4,65.57
2026-07-19 04:38,85.4,65.57
2026-07-19 04:39,85.4,65.58
2026-07-19 04:40,85.4,65.58
2026-07-19 04:41,85.4,65.59
2026-07-19 04:42,85.4,65.59
2026-07-19 04:43,85.4,65.59
2026-07-19 04:44,85.4,65.59
2026-07-19 04:45,85.3,65.61
2026-07-19 04:46,85.3,65.61
2026-07-19 04:47,85.3,65.62
2026-07-19 04:48,85.3,65.62
2026-07-19 04:49,85.3,65.62
2026-07-19 04:50,85.3,65.62
2026-07-19 04:51,85.3,65.63
2026-07-19 04:52,85.3,65.63
2026-07-19 04:53,85.3,65.64
2026-07-19 04:54,85.3,65.65
2026-07-19 04:55,85.2,65.65
2026-07-19 04:56,85.2,65.65
2026-07-19 04:57,85.2,65.66
2026-07-19 04:58,85.2,65.66
2026-07-19 04:59,85.2,65.67
2026-07-19 05:00,85.2,65.68
2026-07-19 05:01,85.2,65.67
2026-07-19 05:02,85.1,65.69
2026-07-19 05:03,85.1,65.7
2026-07-19 05:04,85.1,65.72
2026-07-19 05:05,85.1,65.72
2026-07-19 05:06,85.1,65.72
2026-07-19 05:07,85.1,65.73
2026-07-19 05:08,85.1,65.74
2026-07-19 05:09,85.1,65.74
2026-07-19 05:10,85.0,65.75
2026-07-19 05:11,85.0,65.76
2026-07-19 05:12,85.0,65.77
2026-07-19 05:13,85.0,65.78
2026-07-19 05:14,85.0,65.8
2026-07-19 05:15,85.0,65.8
2026-07-19 05:16,85.0,65.8
2026-07-19 05:17,85.0,65.8
2026-07-19 05:18,85.0,65.82
2026-07-19 05:19,84.9,65.83
2026-07-19 05:20,84.9,65.83
2026-07-19 05:21,84.9,65.83
2026-07-19 05:22,84.9,65.83
2026-07-19 05:23,84.9,65.83
2026-07-19 05:24,84.9,65.83
2026-07-19 05:25,84.9,65.83
2026-07-19 05:26,84.9,65.82
2026-07-19 05:27,84.9,65.83
2026-07-19 05:28,84.9,65.84
2026-07-19 05:29,84.9,65.84
2026-07-19 05:30,84.9,65.83
2026-07-19 05:31,84.9,65.83
2026-07-19 05:32,84.9,65.83
2026-07-19 05:33,84.9,65.83
2026-07-19 05:34,84.9,65.83
2026-07-19 05:35,84.9,65.82
2026-07-19 05:36,84.9,65.82
2026-07-19 05:37,84.9,65.82
2026-07-19 05:38,84.9,65.82
2026-07-19 05:39,84.9,65.82
2026-07-19 05:40,84.9,65.82
2026-07-19 05:41,84.9,65.82
2026-07-19 05:42,84.9,65.81
2026-07-19 05:43,84.8,65.82
2026-07-19 05:44,84.8,65.82
2026-07-19 05:45,84.8,65.82
2026-07-19 05:46,84.8,65.82
2026-07-19 05:47,84.8,65.83
2026-07-19 05:48,84.8,65.83
2026-07-19 05:49,84.8,65.85
2026-07-19 05:50,84.8,65.85
2026-07-19 05:51,84.8,65.86
2026-07-19 05:52,84.8,65.85
2026-07-19 05:53,84.8,65.86
2026-07-19 05:54,84.8,65.87
2026-07-19 05:55,84.8,65.86
2026-07-19 05:56,84.7,65.87
2026-07-19 05:57,84.7,65.87
2026-07-19 05:58,84.7,65.87
2026-07-19 05:59,84.7,65.87
2026-07-19 06:00,84.7,65.87
2026-07-19 06:01,84.7,65.89
2026-07-19 06:02,84.7,65.88
2026-07-19 06:03,84.7,65.88
2026-07-19 06:04,84.7,65.89
2026-07-19 06:05,84.7,65.89
2026-07-19 06:06,84.7,65.89
2026-07-19 06:07,84.7,65.9
2026-07-19 06:08,84.7,65.91
2026-07-19 06:09,84.7,65.9
2026-07-19 06:10,84.6,65.91
2026-07-19 06:11,84.6,65.92
2026-07-19 06:12,84.6,65.91
2026-07-19 06:13,84.6,65.91
2026-07-19 06:14,84.6,65.92
2026-07-19 06:15,84.6,65.92
2026-07-19 06:16,84.6,65.93
2026-07-19 06:17,84.6,65.93
2026-07-19 06:18,84.6,65.94
2026-07-19 06:19,84.6,65.94
2026-07-19 06:20,84.5,65.94
2026-07-19 06:21,84.5,65.94
2026-07-19 06:22,84.5,65.95
2026-07-19 06:23,84.5,65.95
2026-07-19 06:24,84.5,65.96
2026-07-19 06:25,84.5,65.96
2026-07-19 06:26,84.5,65.96
2026-07-19 06:27,84.5,65.96
2026-07-19 06:28,84.5,65.98
2026-07-19 06:29,84.5,65.99
2026-07-19 06:30,84.4,66.0
2026-07-19 06:31,84.4,65.99
2026-07-19 06:32,84.4,65.99
2026-07-19 06:33,84.4,66.01
2026-07-19 06:34,84.4,66.01
2026-07-19 06:35,84.4,66.02
2026-07-19 06:36,84.4,66.02
2026-07-19 06:37,84.4,66.04
2026-07-19 06:38,84.4,66.04
2026-07-19 06:39,84.4,66.05
2026-07-19 06:40,84.3,66.07
2026-07-19 06:41,84.3,66.07
2026-07-19 06:42,84.3,66.08
2026-07-19 06:43,84.3,66.09
2026-07-19 06:44,84.3,66.11
2026-07-19 06:45,84.3,66.11
2026-07-19 06:46,84.3,66.12
2026-07-19 06:47,84.3,66.13
2026-07-19 06:48,84.3,66.14
2026-07-19 06:49,84.3,66.14
2026-07-19 06:50,84.3,66.14
2026-07-19 06:51,84.2,66.16
2026-07-19 06:52,84.2,66.17
2026-07-19 06:53,84.2,66.18
2026-07-19 06:54,84.2,66.19
2026-07-19 06:55,84.2,66.2
2026-07-19 06:56,84.2,66.2
2026-07-19 06:57,84.2,66.21
2026-07-19 06:58,84.2,66.21
2026-07-19 06:59,84.2,66.22
2026-07-19 07:00,84.2,66.23
2026-07-19 07:01,84.2,66.24
2026-07-19 07:02,84.2,66.24
2026-07-19 07:03,84.2,66.25
2026-07-19 07:04,84.2,66.26
2026-07-19 07:05,84.2,66.26
2026-07-19 07:06,84.1,66.27
2026-07-19 07:07,84.1,66.29
2026-07-19 07:08,84.1,66.3
2026-07-19 07:09,84.1,66.3
2026-07-19 07:10,84.1,66.32
2026-07-19 07:11,84.1,66.34
2026-07-19 07:12,84.1,66.36
2026-07-19 07:13,84.1,66.36
2026-07-19 07:14,84.1,66.38
2026-07-19 07:15,84.1,66.38
2026-07-19 07:16,84.1,66.4
2026-07-19 07:17,84.1,66.4
2026-07-19 07:18,84.1,66.41
2026-07-19 07:19,84.1,66.43
2026-07-19 07:20,84.1,66.44
2026-07-19 07:21,84.1,66.45
2026-07-19 07:22,84.1,66.46
2026-07-19 07:23,84.1,66.48
2026-07-19 07:24,84.1,66.49
2026-07-19 07:25,84.1,66.49
2026-07-19 07:26,84.1,66.51
2026-07-19 07:27,84.1,66.52
2026-07-19 07:28,84.1,66.53
2026-07-19 07:29,84.1,66.54
2026-07-19 07:30,84.1,66.54
2026-07-19 07:31,84.1,66.56
2026-07-19 07:32,84.2,66.57
2026-07-19 07:33,84.2,66.58
2026-07-19 07:34,84.2,66.59
2026-07-19 07:35,84.2,66.6
2026-07-19 07:36,84.2,66.61
2026-07-19 07:37,84.2,66.63
2026-07-19 07:38,84.2,66.63
2026-07-19 07:39,84.2,66.64
2026-07-19 07:40,84.2,66.65
2026-07-19 07:41,84.2,66.66
2026-07-19 07:42,84.2,66.67
2026-07-19 07:43,84.3,66.67
2026-07-19 07:44,84.3,66.67
2026-07-19 07:45,84.3,66.68
2026-07-19 07:46,84.3,66.68
2026-07-19 07:47,84.3,66.68
2026-07-19 07:48,84.3,66.69
2026-07-19 07:49,84.3,66.69
2026-07-19 07:50,84.3,66.71
2026-07-19 07:51,84.3,66.71
2026-07-19 07:52,84.4,66.73
2026-07-19 07:53,84.4,66.73
2026-07-19 07:54,84.4,66.74
2026-07-19 07:55,84.4,66.74
2026-07-19 07:56,84.4,66.74
2026-07-19 07:57,84.4,66.75
2026-07-19 07:58,84.4,66.75
2026-07-19 07:59,84.5,66.76
2026-07-19 08:00,84.5,66.75
2026-07-19 08:01,84.5,66.74
2026-07-19 08:02,84.5,66.74
2026-07-19 08:03,84.5,66.74
2026-07-19 08:04,84.6,66.75
2026-07-19 08:05,84.6,66.75
2026-07-19 08:06,84.6,66.75
2026-07-19 08:07,84.6,66.78
2026-07-19 08:08,84.6,66.8
2026-07-19 08:09,84.7,66.79
2026-07-19 08:10,84.7,66.78
2026-07-19 08:11,84.7,66.79
2026-07-19 08:12,84.7,66.79
2026-07-19 08:13,84.8,66.78
2026-07-19 08:14,84.8,66.8
2026-07-19 08:15,84.8,66.8
2026-07-19 08:16,84.9,66.8
2026-07-19 08:17,84.9,66.8
2026-07-19 08:18,84.9,66.78
2026-07-19 08:19,84.9,67.05
2026-07-19 08:20,84.9,68.83
2026-07-19 08:21,84.8,69.02
2026-07-19 08:22,84.7,68.63
2026-07-19 08:23,84.7,68.82
2026-07-19 08:24,84.7,69.12
2026-07-19 08:25,84.6,69.19
2026-07-19 08:26,84.6,69.31
2026-07-19 08:27,84.6,69.41
2026-07-19 08:28,84.7,69.44
2026-07-19 08:29,84.7,69.61
2026-07-19 08:30,84.7,69.66
2026-07-19 08:31,84.7,69.7
2026-07-19 08:32,84.7,69.77
2026-07-19 08:33,84.7,69.89
2026-07-19 08:34,84.7,70.04
2026-07-19 08:35,84.7,69.99
2026-07-19 08:36,84.7,70.04
2026-07-19 08:37,84.7,69.96
2026-07-19 08:38,84.8,69.94
2026-07-19 08:39,84.8,69.98
2026-07-19 08:40,84.8,70.08
2026-07-19 08:41,84.8,70.0
2026-07-19 08:42,84.8,70.02
2026-07-19 08:43,84.8,70.07
2026-07-19 08:44,84.9,70.07
2026-07-19 08:45,84.9,70.05
2026-07-19 08:46,84.9,70.06
2026-07-19 08:47,84.9,70.09
2026-07-19 08:48,85.0,70.14
2026-07-19 08:49,85.0,70.08
2026-07-19 08:50,85.0,70.05
2026-07-19 08:51,85.1,70.09
2026-07-19 08:52,85.1,70.11
2026-07-19 08:53,85.1,70.09
2026-07-19 08:54,85.1,70.1
2026-07-19 08:55,85.2,70.07
2026-07-19 08:56,85.2,69.96
2026-07-19 08:57,85.3,69.66
2026-07-19 08:58,85.3,69.65
2026-07-19 08:59,85.3,69.71
2026-07-19 09:00,85.4,69.75
2026-07-19 09:01,85.4,69.78
2026-07-19 09:02,85.4,69.76
2026-07-19 09:03,85.5,69.73
2026-07-19 09:04,85.6,69.69
2026-07-19 09:05,85.6,69.73
2026-07-19 09:06,85.6,69.52
2026-07-19 09:07,85.7,69.49
2026-07-19 09:08,85.7,69.35
2026-07-19 09:09,85.8,69.29
2026-07-19 09:10,85.8,69.21
2026-07-19 09:11,85.8,69.14
2026-07-19 09:12,85.9,68.98
2026-07-19 09:13,85.9,69.08
2026-07-19 09:14,86.0,69.04
2026-07-19 09:15,86.0,68.98
2026-07-19 09:16,86.0,68.77
2026-07-19 09:17,86.1,68.69
2026-07-19 09:18,86.1,68.58
2026-07-19 09:19,86.2,68.54
2026-07-19 09:20,86.2,68.53
2026-07-19 09:21,86.3,68.54
2026-07-19 09:22,86.4,68.35
2026-07-19 09:23,86.4,68.34
2026-07-19 09:24,86.5,68.15
2026-07-19 09:25,86.5,67.95
2026-07-19 09:26,86.5,67.95
2026-07-19 09:27,86.6,67.96
2026-07-19 09:28,86.6,67.99
2026-07-19 09:29,86.7,67.89
2026-07-19 09:30,86.7,67.83
2026-07-19 09:31,86.8,67.78
2026-07-19 09:32,86.8,67.65
2026-07-19 09:33,86.9,67.56
2026-07-19 09:34,86.9,67.37
2026-07-19 09:35,87.0,67.26
2026-07-19 09:36,87.0,67.19
2026-07-19 09:37,87.0,67.19
2026-07-19 09:38,87.1,67.11
2026-07-19 09:39,87.1,66.88
2026-07-19 09:40,87.2,66.91
2026-07-19 09:41,87.2,66.78
2026-07-19 09:42,87.2,66.77
2026-07-19 09:43,87.3,66.73
2026-07-19 09:44,87.3,66.72
2026-07-19 09:45,87.4,66.75
2026-07-19 09:46,87.4,66.82
2026-07-19 09:47,87.5,66.74
2026-07-19 09:48,87.5,66.71
2026-07-19 09:49,87.6,66.74
2026-07-19 09:50,87.7,66.69
2026-07-19 09:51,87.7,66.56
2026-07-19 09:52,87.8,66.34
2026-07-19 09:53,87.8,66.21
2026-07-19 09:54,87.8,66.19
2026-07-19 09:55,87.9,66.32
2026-07-19 09:56,87.9,66.32
2026-07-19 09:57,88.0,66.1
2026-07-19 09:58,88.0,65.94
2026-07-19 09:59,88.1,65.94
2026-07-19 10:00,88.1,65.9
2026-07-19 10:01,88.1,65.97
2026-07-19 10:02,88.2,66.02
2026-07-19 10:03,88.2,65.97
2026-07-19 10:04,88.3,65.91
2026-07-19 10:05,88.3,65.85
2026-07-19 10:06,88.4,65.58
2026-07-19 10:07,88.4,65.26
2026-07-19 10:08,88.5,65.04
2026-07-19 10:09,88.5,65.0
2026-07-19 10:10,88.5,64.95
2026-07-19 10:11,88.6,64.98
2026-07-19 10:12,88.6,64.66
2026-07-19 10:13,88.7,64.32
2026-07-19 10:14,88.7,64.25
2026-07-19 10:15,88.8,64.31
2026-07-19 10:16,88.8,64.3
2026-07-19 10:17,88.9,64.32
2026-07-19 10:18,88.9,64.3
2026-07-19 10:19,89.0,64.26
2026-07-19 10:20,89.0,64.12
2026-07-19 10:21,89.1,64.14
2026-07-19 10:22,89.1,63.96
2026-07-19 10:23,89.2,63.79
2026-07-19 10:24,89.2,63.77
2026-07-19 10:25,89.2,63.76
2026-07-19 10:26,89.3,63.68
2026-07-19 10:27,89.3,63.67
2026-07-19 10:28,89.4,63.6
2026-07-19 10:29,89.4,63.62
2026-07-19 10:30,89.4,63.44
2026-07-19 10:31,89.6,63.2
2026-07-19 10:32,89.6,63.17
2026-07-19 10:33,89.7,63.16
2026-07-19 10:34,89.7,63.13
2026-07-19 10:35,89.7,63.04
2026-07-19 10:36,89.8,63.04
2026-07-19 10:37,89.9,62.93
2026-07-19 10:38,89.9,62.71
2026-07-19 10:39,89.9,62.77
2026-07-19 10:40,90.0,62.78
2026-07-19 10:41,90.0,62.91
2026-07-19 10:42,90.1,62.89
2026-07-19 10:43,90.2,62.72
2026-07-19 10:44,90.2,62.68
2026-07-19 10:45,90.3,62.61
2026-07-19 10:46,90.4,62.54
2026-07-19 10:47,90.4,62.54
2026-07-19 10:48,90.4,62.47
2026-07-19 10:49,90.5,62.37
2026-07-19 10:50,90.5,62.29
2026-07-19 10:51,90.6,62.15
2026-07-19 10:52,90.6,62.25
2026-07-19 10:53,90.7,62.1
2026-07-19 10:54,90.7,61.93
2026-07-19 10:55,90.8,61.69
2026-07-19 10:56,90.8,61.5
2026-07-19 10:57,90.9,61.39
2026-07-19 10:58,90.9,61.53
2026-07-19 10:59,91.0,61.41
2026-07-19 11:00,91.1,61.32
2026-07-19 11:01,91.1,61.28
2026-07-19 11:02,91.2,60.93
2026-07-19 11:03,91.3,60.43
2026-07-19 11:04,91.3,60.63
2026-07-19 11:05,91.4,60.58
2026-07-19 11:06,91.4,60.65
2026-07-19 11:07,91.5,60.52
2026-07-19 11:08,91.5,60.45
2026-07-19 11:09,91.6,60.29
2026-07-19 11:10,91.6,60.21
2026-07-19 11:11,91.7,60.04
2026-07-19 11:12,91.7,59.79
2026-07-19 11:13,91.7,59.85
2026-07-19 11:14,91.8,59.97
2026-07-19 11:15,91.8,59.7
2026-07-19 11:16,91.9,59.35
2026-07-19 11:17,91.9,59.39
2026-07-19 11:18,91.9,59.55
2026-07-19 11:19,92.0,59.54
2026-07-19 11:20,92.0,59.35
2026-07-19 11:21,92.1,59.27
2026-07-19 11:22,92.1,59.27
2026-07-19 11:23,92.2,59.21
2026-07-19 11:24,92.2,59.28
2026-07-19 11:25,92.3,59.19
2026-07-19 11:26,92.3,59.11
2026-07-19 11:27,92.4,59.12
2026-07-19 11:28,92.4,59.22
2026-07-19 11:29,92.5,59.27
2026-07-19 11:30,92.5,59.25
2026-07-19 11:31,92.5,59.25
2026-07-19 11:32,92.6,59.1
2026-07-19 11:33,92.6,58.97
2026-07-19 11:34,92.6,58.99
2026-07-19 11:35,92.7,59.08
2026-07-19 11:36,92.7,59.03
2026-07-19 11:37,92.8,58.79
2026-07-19 11:38,92.8,58.83
2026-07-19 11:39,92.8,58.71
2026-07-19 11:40,92.9,58.48
2026-07-19 11:41,92.9,58.66
2026-07-19 11:42,92.9,58.77
2026-07-19 11:43,93.0,58.55
2026-07-19 11:44,93.0,58.36
2026-07-19 11:45,93.0,58.38
2026-07-19 11:46,93.1,58.17
2026-07-19 11:47,93.1,58.08
2026-07-19 11:48,93.1,58.26
2026-07-19 11:49,93.2,57.99
2026-07-19 11:50,93.2,57.88
2026-07-19 11:51,93.2,57.91
2026-07-19 11:52,93.2,57.84
2026-07-19 11:53,93.3,57.73
2026-07-19 11:54,93.3,57.67
2026-07-19 11:55,93.4,57.48
2026-07-19 11:56,93.5,57.37
2026-07-19 11:57,93.6,57.34
2026-07-19 11:58,93.6,57.41
2026-07-19 11:59,93.7,57.37
2026-07-19 12:00,93.7,57.21
2026-07-19 12:01,93.8,57.16
2026-07-19 12:02,93.8,57.19
2026-07-19 12:03,93.9,57.14
2026-07-19 12:04,93.9,56.94
2026-07-19 12:05,94.0,56.86
2026-07-19 12:06,94.0,56.7
2026-07-19 12:07,94.0,56.64
2026-07-19 12:08,94.1,56.55
2026-07-19 12:09,94.1,56.27
2026-07-19 12:10,94.2,56.28
2026-07-19 12:11,94.2,56.3
2026-07-19 12:12,94.3,56.2
2026-07-19 12:13,94.3,56.29
2026-07-19 12:14,94.3,56.18
2026-07-19 12:15,94.4,56.25
2026-07-19 12:16,94.4,56.16
2026-07-19 12:17,94.4,56.21
2026-07-19 12:18,94.4,56.2
2026-07-19 12:19,94.5,56.13
2026-07-19 12:20,94.5,56.14
2026-07-19 12:21,94.5,56.19
2026-07-19 12:22,94.6,56.2
2026-07-19 12:23,94.6,56.15
2026-07-19 12:24,94.6,56.25
2026-07-19 12:25,94.7,56.44
2026-07-19 12:26,94.8,56.19
2026-07-19 12:27,94.8,56.04
2026-07-19 12:28,94.9,55.9
2026-07-19 12:29,94.9,55.79
2026-07-19 12:30,95.0,55.92
2026-07-19 12:31,95.1,56.02
2026-07-19 12:32,95.2,55.95
2026-07-19 12:33,95.2,55.87
2026-07-19 12:34,95.3,55.56
2026-07-19 12:35,95.3,55.34
2026-07-19 12:36,95.3,55.11
2026-07-19 12:37,95.3,55.21
2026-07-19 12:38,95.4,55.0
2026-07-19 12:39,95.4,54.96
2026-07-19 12:40,95.4,54.94
2026-07-19 12:41,95.4,54.9
2026-07-19 12:42,95.5,54.93
2026-07-19 12:43,95.5,54.99
2026-07-19 12:44,95.5,55.04
2026-07-19 12:45,95.6,55.12
2026-07-19 12:46,95.7,55.11
2026-07-19 12:47,95.7,54.93
2026-07-19 12:48,95.8,54.8
2026-07-19 12:49,95.8,54.7
2026-07-19 12:50,95.8,54.69
2026-07-19 12:51,95.9,54.86
2026-07-19 12:52,95.9,54.82
2026-07-19 12:53,96.0,54.73
2026-07-19 12:54,96.1,54.47
2026-07-19 12:55,96.1,54.43
2026-07-19 12:56,96.2,54.37
2026-07-19 12:57,96.3,54.35
2026-07-19 12:58,96.4,54.47
2026-07-19 12:59,96.4,54.43
2026-07-19 13:00,96.5,54.25
2026-07-19 13:01,96.6,54.11
2026-07-19 13:02,96.6,54.07
2026-07-19 13:03,96.7,53.82
2026-07-19 13:04,96.7,53.73
2026-07-19 13:05,96.7,53.76
2026-07-19 13:06,96.7,53.82
2026-07-19 13:07,96.7,53.73
2026-07-19 13:08,96.8,53.71
2026-07-19 13:09,96.8,53.69
2026-07-19 13:10,96.9,53.69
2026-07-19 13:11,96.9,53.64
2026-07-19 13:12,96.9,53.58
2026-07-19 13:13,97.0,53.33
2026-07-19 13:14,97.0,53.3
2026-07-19 13:15,97.0,53.31
2026-07-19 13:16,97.1,53.44
2026-07-19 13:17,97.1,53.34
2026-07-19 13:18,97.2,53.21
2026-07-19 13:19,97.2,53.1
2026-07-19 13:20,97.3,53.04
2026-07-19 13:21,97.4,52.79
2026-07-19 13:22,97.4,52.7
2026-07-19 13:23,97.4,52.62
2026-07-19 13:24,97.4,52.66
2026-07-19 13:25,97.5,52.92
2026-07-19 13:26,97.6,52.97
2026-07-19 13:27,97.7,52.84
2026-07-19 13:28,97.8,52.94
2026-07-19 13:29,97.9,52.98
2026-07-19 13:30,97.9,53.02
2026-07-19 13:31,98.0,52.92
2026-07-19 13:32,98.1,52.67
2026-07-19 13:33,98.1,52.66
2026-07-19 13:34,98.2,52.67
2026-07-19 13:35,98.2,52.55
2026-07-19 13:36,98.2,52.53
2026-07-19 13:37,98.3,52.3
2026-07-19 13:38,98.3,52.0
2026-07-19 13:39,98.3,51.96
2026-07-19 13:40,98.4,51.9
2026-07-19 13:41,98.4,51.65
2026-07-19 13:42,98.4,51.46
2026-07-19 13:43,98.4,51.49
2026-07-19 13:44,98.4,51.54
2026-07-19 13:45,98.4,51.53
2026-07-19 13:46,98.5,51.5
2026-07-19 13:47,98.6,51.47
2026-07-19 13:48,98.6,51.25
2026-07-19 13:49,98.7,51.05
2026-07-19 13:50,98.7,50.91
2026-07-19 13:51,98.7,50.78
2026-07-19 13:52,98.7,50.92
2026-07-19 13:53,98.7,51.07
2026-07-19 13:54,98.7,51.0
2026-07-19 13:55,98.8,50.86
2026-07-19 13:56,98.8,50.73
2026-07-19 13:57,98.8,50.58
2026-07-19 13:58,98.8,50.59
2026-07-19 13:59,98.8,50.57
2026-07-19 14:00,98.8,50.64
2026-07-19 14:01,98.9,50.62
2026-07-19 14:02,98.9,50.65
2026-07-19 14:03,99.0,50.7
2026-07-19 14:04,99.0,50.64
2026-07-19 14:05,99.1,50.54
2026-07-19 14:06,99.1,50.41
2026-07-19 14:07,99.1,50.31
2026-07-19 14:08,99.1,50.37
2026-07-19 14:09,99.2,49.97
2026-07-19 14:10,99.2,49.86
2026-07-19 14:11,99.2,49.72
2026-07-19 14:12,99.2,49.71
2026-07-19 14:13,99.2,49.66
2026-07-19 14:14,99.2,49.51
2026-07-19 14:15,99.2,49.52
2026-07-19 14:16,99.2,49.49
2026-07-19 14:17,99.3,49.46
2026-07-19 14:18,99.3,49.36
2026-07-19 14:19,99.4,49.31
2026-07-19 14:20,99.5,49.23
2026-07-19 14:21,99.5,49.1
2026-07-19 14:22,99.5,48.88
2026-07-19 14:23,99.6,48.89
2026-07-19 14:24,99.6,48.73
2026-07-19 14:25,99.6,48.77
2026-07-19 14:26,99.7,48.91
2026-07-19 14:27,99.7,48.98
2026-07-19 14:28,99.8,48.9
2026-07-19 14:29,99.8,48.93
2026-07-19 14:30,99.9,49.19
2026-07-19 14:31,99.9,49.58
2026-07-19 14:32,100.0,49.89
2026-07-19 14:33,100.1,50.22
2026-07-19 14:34,100.2,50.51
2026-07-19 14:35,100.2,50.69
2026-07-19 14:36,100.2,50.81
2026-07-19 14:37,100.3,50.78
2026-07-19 14:38,100.3,50.8
2026-07-19 14:39,100.3,50.62
2026-07-19 14:40,100.3,50.29
2026-07-19 14:41,100.4,50.11
2026-07-19 14:42,100.4,50.12
2026-07-19 14:43,100.4,50.18
2026-07-19 14:44,100.4,50.25
2026-07-19 14:45,100.4,50.5
2026-07-19 14:46,100.4,50.65
2026-07-19 14:47,100.4,50.7
2026-07-19 14:48,100.4,50.77
2026-07-19 14:49,100.4,50.9
2026-07-19 14:50,100.4,50.85
2026-07-19 14:51,100.3,50.75
2026-07-19 14:52,100.3,50.71
2026-07-19 14:53,100.3,50.78
2026-07-19 14:54,100.3,50.91
2026-07-19 14:55,100.3,50.98
2026-07-19 14:56,100.3,51.04
2026-07-19 14:57,100.3,51.19
2026-07-19 14:58,100.3,51.24
2026-07-19 14:59,100.3,51.25
2026-07-19 15:00,100.3,51.38
2026-07-19 15:01,100.2,51.46
2026-07-19 15:02,100.2,51.5
2026-07-19 15:03,100.2,51.47
2026-07-19 15:04,100.2,51.55
2026-07-19 15:05,100.2,51.64
2026-07-19 15:06,100.2,51.71
2026-07-19 15:07,100.2,51.67
2026-07-19 15:08,100.2,51.71
2026-07-19 15:09,100.2,51.8
2026-07-19 15:10,100.3,51.9
2026-07-19 15:11,100.3,51.98
2026-07-19 15:12,100.3,52.01
2026-07-19 15:13,100.3,51.97
2026-07-19 15:14,100.2,52.02
2026-07-19 15:15,100.2,52.08
2026-07-19 15:16,100.3,52.07
2026-07-19 15:17,100.3,52.05
2026-07-19 15:18,100.3,51.94
2026-07-19 15:19,100.3,51.89
2026-07-19 15:20,100.3,51.93
2026-07-19 15:21,100.3,51.87
2026-07-19 15:22,100.3,51.9
2026-07-19 15:23,100.3,51.9
2026-07-19 15:24,100.3,51.92
2026-07-19 15:25,100.3,52.01
2026-07-19 15:26,100.3,52.08
2026-07-19 15:27,100.3,52.0
2026-07-19 15:28,100.3,52.02
2026-07-19 15:29,100.3,52.06
2026-07-19 15:30,100.4,52.12
2026-07-19 15:31,100.4,52.0
2026-07-19 15:32,100.4,52.02
2026-07-19 15:33,100.3,52.05
2026-07-19 15:34,100.3,51.95
2026-07-19 15:35,100.3,51.8
2026-07-19 15:36,100.3,51.74
2026-07-19 15:37,100.2,51.86
2026-07-19 15:38,100.3,51.83
2026-07-19 15:39,100.3,51.81
2026-07-19 15:40,100.2,51.91
2026-07-19 15:41,100.2,51.99
2026-07-19 15:42,100.2,52.1
2026-07-19 15:43,100.3,52.27
2026-07-19 15:44,100.3,52.29
2026-07-19 15:45,100.3,52.3
2026-07-19 15:46,100.3,52.34
2026-07-19 15:47,100.3,52.23
2026-07-19 15:48,100.3,52.3
2026-07-19 15:49,100.3,52.44
2026-07-19 15:50,100.3,52.57
2026-07-19 15:51,100.3,52.47
2026-07-19 15:52,100.3,52.32
2026-07-19 15:53,100.3,52.14
2026-07-19 15:54,100.2,52.09
2026-07-19 15:55,100.2,52.21
2026-07-19 15:56,100.2,52.33
2026-07-19 15:57,100.2,52.45
2026-07-19 15:58,100.2,52.49
2026-07-19 15:59,100.1,52.45
2026-07-19 16:00,100.1,52.46
2026-07-19 16:01,100.1,52.51
2026-07-19 16:02,100.2,52.49
2026-07-19 16:03,100.1,52.45
2026-07-19 16:04,100.1,52.45
2026-07-19 16:05,100.1,52.36
2026-07-19 16:06,100.1,52.47
2026-07-19 16:07,100.1,52.64
2026-07-19 16:08,100.1,52.81
2026-07-19 16:09,100.1,52.88
2026-07-19 16:10,100.1,53.0
2026-07-19 16:11,100.1,52.97
2026-07-19 16:12,100.1,52.88
2026-07-19 16:13,100.2,52.95
2026-07-19 16:14,100.2,52.95
2026-07-19 16:15,100.2,52.96
2026-07-19 16:16,100.2,52.97
2026-07-19 16:17,100.2,53.04
2026-07-19 16:18,100.2,53.07
2026-07-19 16:19,100.2,53.16
2026-07-19 16:20,100.2,53.22
2026-07-19 16:21,100.2,53.21
2026-07-19 16:22,100.2,53.21
2026-07-19 16:23,100.1,53.25
2026-07-19 16:24,100.1,53.25
2026-07-19 16:25,100.1,53.2
2026-07-19 16:26,100.1,53.16
2026-07-19 16:27,100.1,53.21
2026-07-19 16:28,100.1,53.33
2026-07-19 16:29,100.1,53.5
2026-07-19 16:30,100.1,53.54
2026-07-19 16:31,100.1,53.58
2026-07-19 16:32,100.1,53.53
2026-07-19 16:33,100.1,53.55
2026-07-19 16:34,100.2,53.6
2026-07-19 16:35,100.2,53.53
2026-07-19 16:36,100.3,53.54
2026-07-19 16:37,100.3,53.64
2026-07-19 16:38,100.3,53.67
2026-07-19 16:39,100.3,53.73
2026-07-19 16:40,100.3,53.77
2026-07-19 16:41,100.3,53.65
2026-07-19 16:42,100.3,53.65
2026-07-19 16:43,100.3,53.51
2026-07-19 16:44,100.3,53.52
2026-07-19 16:45,100.3,53.48
